Date,Category,Sales,Price,Discount,TrendScore,Stock,Rating,MarketingBudget,Month,Quarter,DayOfWeek,Trend
2024-01-01,Dress,152,1010,20,8.017219002454922,120,3.7340279606636546,87386,1,1,0,0
2024-01-01,T-Shirt,124,237,40,6.41003510568888,763,4.476332709423279,69820,1,1,0,0
2024-01-01,Sweater,238,955,10,2.636424704863906,376,4.4262222644415745,90305,1,1,0,1
2024-01-01,Jacket,278,1006,0,5.722971942325502,610,3.709240790978063,7747,1,1,0,1
2024-01-01,Pants,64,339,20,4.442157921404465,343,4.388621853293063,16394,1,1,0,0
2024-01-02,Dress,100,796,40,5.054493267725887,373,4.92332830588,78969,1,1,1,0
2024-01-02,T-Shirt,58,714,10,7.158097238609412,466,4.524895278238187,53555,1,1,1,0
2024-01-02,Sweater,203,184,0,3.3290198344001523,971,4.633042115476479,71557,1,1,1,1
2024-01-02,Jacket,336,1279,30,2.6636900997297435,802,4.763427161892498,76211,1,1,1,1
2024-01-02,Pants,63,965,30,1.4070456001948426,395,4.766800773017227,29300,1,1,1,0
2024-01-03,Dress,131,1028,40,6.280760490974634,316,3.9214017645310713,13571,1,1,2,0
2024-01-03,T-Shirt,90,1330,40,1.6709557931179373,938,4.1351022210595545,67592,1,1,2,0
2024-01-03,Sweater,372,1236,20,2.7895816367992463,491,4.593510752061481,17666,1,1,2,1
2024-01-03,Jacket,259,380,10,2.0428215357261674,234,4.7750578666846994,83603,1,1,2,1
2024-01-03,Pants,82,1221,40,7.566455605042576,971,3.9120826894850964,75592,1,1,2,0
2024-01-04,Dress,150,792,0,7.495565690483859,602,4.656450769931841,95982,1,1,3,0
2024-01-04,T-Shirt,76,542,10,1.2287721406968566,560,3.8025788035030943,55015,1,1,3,0
2024-01-04,Sweater,296,634,40,5.858569821715058,640,3.8431972482374337,67623,1,1,3,1
2024-01-04,Jacket,278,1416,30,9.367278871083158,656,3.943450528756571,7693,1,1,3,1
2024-01-04,Pants,77,1201,30,2.6791305299743224,897,4.8249203883783025,23047,1,1,3,0
2024-01-05,Dress,141,1404,0,3.4491902444617177,382,4.140661682939385,97787,1,1,4,0
2024-01-05,T-Shirt,52,859,20,4.7566990283390105,776,4.538654049335405,18545,1,1,4,0
2024-01-05,Sweater,325,1406,30,4.272666421413646,596,3.880873120901517,88211,1,1,4,1
2024-01-05,Jacket,189,1286,40,3.5635644493972087,180,3.9001715214129273,99209,1,1,4,0
2024-01-05,Pants,179,369,40,4.105641232240147,484,3.8593428360004585,92092,1,1,4,0
2024-01-06,Dress,117,352,20,3.179439444496833,393,4.05167469907888,57083,1,1,5,0
2024-01-06,T-Shirt,147,347,20,8.347886858974455,243,4.752953743383857,47107,1,1,5,0
2024-01-06,Sweater,298,809,30,7.098079256580542,502,4.566724298657027,16411,1,1,5,1
2024-01-06,Jacket,315,638,0,4.578148189787701,650,4.905094983105101,42504,1,1,5,1
2024-01-06,Pants,60,622,10,9.322242564507064,397,3.8869124415727336,51843,1,1,5,0
2024-01-07,Dress,193,495,0,5.6497230214391285,980,3.8627784363506774,25932,1,1,6,0
2024-01-07,T-Shirt,86,1333,20,2.6983639750724144,332,4.0238143619189914,20151,1,1,6,0
2024-01-07,Sweater,299,301,0,6.77828481538859,686,4.9034524913314215,10539,1,1,6,1
2024-01-07,Jacket,336,403,20,4.350544899055688,572,4.495252653662083,73497,1,1,6,1
2024-01-07,Pants,177,1027,10,5.37052378227604,262,4.477941889253901,99179,1,1,6,0
2024-01-08,Dress,117,950,40,2.6094043829919595,603,4.474449348570822,51214,1,1,0,0
2024-01-08,T-Shirt,194,789,0,5.882862074994094,982,4.454498927278843,22429,1,1,0,0
2024-01-08,Sweater,288,712,20,4.909549289593858,376,4.2539556396577884,44790,1,1,0,1
2024-01-08,Jacket,257,808,30,1.2188436978830846,148,3.5654056576316506,61491,1,1,0,1
2024-01-08,Pants,95,667,20,7.729468965076725,136,4.892477843881588,5301,1,1,0,0
2024-01-09,Dress,144,1272,30,8.677085099206241,290,3.958545528930773,11102,1,1,1,0
2024-01-09,T-Shirt,116,277,10,6.0112113621251515,834,4.7663197110894675,56885,1,1,1,0
2024-01-09,Sweater,286,1461,10,3.2874728416276486,589,4.816059607891933,71320,1,1,1,1
2024-01-09,Jacket,285,395,40,3.6685912928301865,637,4.715170092018771,34592,1,1,1,1
2024-01-09,Pants,62,977,10,1.046663764965881,135,4.697442768450163,7368,1,1,1,0
2024-01-10,Dress,57,661,30,8.97955434055594,242,4.063374428959916,83657,1,1,2,0
2024-01-10,T-Shirt,81,876,20,5.190382163192141,674,4.972761332465796,27677,1,1,2,0
2024-01-10,Sweater,264,454,30,1.3495126098648087,882,4.0402859621168945,73027,1,1,2,1
2024-01-10,Jacket,346,413,40,3.443886242377677,719,4.4343357137285,92235,1,1,2,1
2024-01-10,Pants,55,1026,30,4.702185145510107,966,4.45614485224731,78523,1,1,2,0
2024-01-11,Dress,193,418,10,5.646703134710758,769,3.561601275151814,78847,1,1,3,0
2024-01-11,T-Shirt,112,1231,10,1.2281566907391177,216,3.6213094499257963,6150,1,1,3,0
2024-01-11,Sweater,297,1162,0,2.559648880637612,612,4.163528344596656,51175,1,1,3,1
2024-01-11,Jacket,392,709,0,6.941776390459581,984,4.457405890765026,18500,1,1,3,1
2024-01-11,Pants,118,939,40,4.776400561850109,175,4.3490558157411146,74042,1,1,3,0
2024-01-12,Dress,135,846,40,2.0446537645622462,168,3.6412354824028403,56293,1,1,4,0
2024-01-12,T-Shirt,193,367,10,5.4245428760514915,650,4.019456481634101,61573,1,1,4,0
2024-01-12,Sweater,272,671,40,8.980123485682428,279,4.061918921939707,28289,1,1,4,1
2024-01-12,Jacket,353,918,40,7.15567392458327,115,3.605853121100645,35977,1,1,4,1
2024-01-12,Pants,177,309,20,8.208543652141596,789,4.3600505625079,96680,1,1,4,0
2024-01-13,Dress,150,1441,20,8.383841593941412,267,4.858025962934096,94643,1,1,5,0
2024-01-13,T-Shirt,78,546,30,1.9070020123968399,997,3.5584446984653506,32350,1,1,5,0
2024-01-13,Sweater,319,925,40,8.60387779872509,701,4.01093685419636,62458,1,1,5,1
2024-01-13,Jacket,260,1369,10,7.270634488277356,592,4.904972227783561,12543,1,1,5,1
2024-01-13,Pants,70,1170,0,5.931746949232786,968,4.625922127461287,52295,1,1,5,0
2024-01-14,Dress,148,1127,0,7.987716646677971,763,4.800674910814584,37479,1,1,6,0
2024-01-14,T-Shirt,86,428,0,3.144125371635815,897,4.8538293600193505,19397,1,1,6,0
2024-01-14,Sweater,344,878,40,9.059709056465804,276,3.5802279451210532,68932,1,1,6,1
2024-01-14,Jacket,371,414,30,9.550557703457244,483,4.223781424463963,65921,1,1,6,1
2024-01-14,Pants,160,293,40,1.8253373253263296,495,3.992996818054874,16130,1,1,6,0
2024-01-15,Dress,102,1324,0,2.021181418157032,792,4.241630457053872,16174,1,1,0,0
2024-01-15,T-Shirt,191,1396,10,4.973774512360393,314,4.318873655247483,94930,1,1,0,0
2024-01-15,Sweater,405,737,0,7.85359568545725,591,4.800303057966262,49261,1,1,0,1
2024-01-15,Jacket,201,1341,10,4.569864417588267,894,4.559363340734745,88460,1,1,0,1
2024-01-15,Pants,78,1338,20,6.231748755041041,464,4.055963220600336,96792,1,1,0,0
2024-01-16,Dress,120,366,40,7.780403667330475,169,4.5622717933748,39578,1,1,1,0
2024-01-16,T-Shirt,157,1355,20,3.2385173898725914,630,3.666796223459227,49482,1,1,1,0
2024-01-16,Sweater,403,1393,10,7.668764748196015,555,3.6762893701656574,47344,1,1,1,1
2024-01-16,Jacket,152,497,0,4.373835215713337,468,3.624336982540031,87848,1,1,1,0
2024-01-16,Pants,166,283,10,1.109390272208347,771,4.334007557963877,25559,1,1,1,0
2024-01-17,Dress,167,1386,20,9.272041437507935,775,4.330781426601981,18843,1,1,2,0
2024-01-17,T-Shirt,195,196,0,2.951281959278421,242,4.181811597151659,73866,1,1,2,0
2024-01-17,Sweater,379,1120,30,9.628321666670615,883,4.8353956758363745,28959,1,1,2,1
2024-01-17,Jacket,273,1295,30,6.821635255018514,747,4.0300283420390794,36921,1,1,2,1
2024-01-17,Pants,77,881,40,9.769553268995498,803,4.179861270243246,43088,1,1,2,0
2024-01-18,Dress,190,1426,10,4.749751519646313,808,4.420122793903685,70545,1,1,3,0
2024-01-18,T-Shirt,105,947,10,5.964290852896631,104,3.539550461745878,66813,1,1,3,0
2024-01-18,Sweater,231,373,0,4.390650729441466,381,4.071336284946533,25309,1,1,3,1
2024-01-18,Jacket,234,838,40,1.571606466310012,204,4.1222292535064975,5384,1,1,3,1
2024-01-18,Pants,198,972,30,8.316109082170698,962,4.624866124204958,85642,1,1,3,0
2024-01-19,Dress,72,1146,40,9.502891568941852,557,4.066775823913679,61397,1,1,4,0
2024-01-19,T-Shirt,159,150,20,3.472586173233179,871,3.8429642082551942,42744,1,1,4,0
2024-01-19,Sweater,214,244,10,5.483486679813036,537,4.658477587603459,99074,1,1,4,1
2024-01-19,Jacket,210,1227,30,6.0484417438184765,833,4.687726759204449,93464,1,1,4,1
2024-01-19,Pants,161,916,40,6.582785962181182,677,4.707567001279043,64494,1,1,4,0
2024-01-20,Dress,87,1479,10,6.729798894600544,434,4.1562123830355935,66886,1,1,5,0
2024-01-20,T-Shirt,101,398,0,8.052877114670288,641,4.43313005034181,48088,1,1,5,0
2024-01-20,Sweater,310,1049,10,9.339288626453449,429,4.653376611973096,60123,1,1,5,1
2024-01-20,Jacket,251,202,10,3.958764492587574,846,4.3694749017076076,50002,1,1,5,1
2024-01-20,Pants,164,260,0,5.141072430852148,947,3.7278540402684417,16637,1,1,5,0
2024-01-21,Dress,193,1049,30,4.111005549914768,294,4.811476407281626,38434,1,1,6,0
2024-01-21,T-Shirt,142,821,10,6.417418559868642,150,3.561302924399718,92044,1,1,6,0
2024-01-21,Sweater,282,683,40,5.938437782866678,744,4.191168152049089,23777,1,1,6,1
2024-01-21,Jacket,228,1251,10,7.213553457664288,172,3.638435879343119,27574,1,1,6,1
2024-01-21,Pants,170,363,20,9.287851604786319,672,3.50389253657547,69291,1,1,6,0
2024-01-22,Dress,50,157,0,6.375502740298875,791,3.8140239850050657,87558,1,1,0,0
2024-01-22,T-Shirt,105,875,10,7.839598680438271,177,4.193802074199722,21748,1,1,0,0
2024-01-22,Sweater,221,1485,20,7.420146272960972,722,4.766661008950443,60658,1,1,0,1
2024-01-22,Jacket,204,888,20,3.1822345327125667,730,4.065926244656934,95825,1,1,0,1
2024-01-22,Pants,88,1446,10,5.818020076139712,636,4.835790921109842,11168,1,1,0,0
2024-01-23,Dress,117,216,0,5.485979790361515,210,4.376299227071254,31069,1,1,1,0
2024-01-23,T-Shirt,83,772,0,6.080126882703771,653,3.9256638586980865,67981,1,1,1,0
2024-01-23,Sweater,238,464,40,3.973136331528226,476,3.8558401876039916,32285,1,1,1,1
2024-01-23,Jacket,239,773,30,8.657357660525317,545,3.9276427530407707,18918,1,1,1,1
2024-01-23,Pants,104,1310,20,5.720602506132292,139,4.545442193549633,14111,1,1,1,0
2024-01-24,Dress,55,1495,30,9.72523389947832,103,3.5079500095964082,5117,1,1,2,0
2024-01-24,T-Shirt,162,653,20,8.387753258380172,293,4.335144339520895,84239,1,1,2,0
2024-01-24,Sweater,225,322,30,2.845698041345132,509,3.9855188546063656,96922,1,1,2,1
2024-01-24,Jacket,281,289,0,6.495580381974693,419,3.630935269384513,6917,1,1,2,1
2024-01-24,Pants,188,994,20,6.344947878021089,789,4.1814019583286495,87180,1,1,2,0
2024-01-25,Dress,187,321,10,3.9011846047725065,741,3.6318021668639853,6342,1,1,3,0
2024-01-25,T-Shirt,150,478,0,2.050264577275132,649,4.117761371220903,98789,1,1,3,0
2024-01-25,Sweater,292,467,30,9.685242195998613,433,4.899407100649932,75792,1,1,3,1
2024-01-25,Jacket,323,662,30,8.576458990824449,939,4.7419113307662375,63596,1,1,3,1
2024-01-25,Pants,63,947,20,2.4783921813789362,104,3.8535376190974997,5077,1,1,3,0
2024-01-26,Dress,111,281,0,8.894804867317974,188,4.524473095125699,64207,1,1,4,0
2024-01-26,T-Shirt,88,765,20,6.616913897636539,964,4.621414070264377,23574,1,1,4,0
2024-01-26,Sweater,390,1156,10,5.891975750025898,715,3.8435380863871944,16302,1,1,4,1
2024-01-26,Jacket,349,540,20,4.014150531913775,547,3.7500961399900747,76324,1,1,4,1
2024-01-26,Pants,82,627,20,8.097374901020777,649,4.628604680058234,49028,1,1,4,0
2024-01-27,Dress,82,1427,30,6.129007163841849,621,4.240972230696294,48872,1,1,5,0
2024-01-27,T-Shirt,167,955,40,1.995685632596865,327,4.185500328922517,69435,1,1,5,0
2024-01-27,Sweater,192,1434,40,3.0632625570937733,943,4.657822970897367,21478,1,1,5,0
2024-01-27,Jacket,378,1465,10,3.266191530162575,168,4.7401982417136175,19153,1,1,5,1
2024-01-27,Pants,153,699,10,9.525550056506338,495,4.867778613264447,78319,1,1,5,0
2024-01-28,Dress,160,977,20,9.38906454235251,455,4.87812578339112,69644,1,1,6,0
2024-01-28,T-Shirt,169,276,10,7.941220016677642,898,4.410072569574284,91066,1,1,6,0
2024-01-28,Sweater,255,1469,0,9.330116616160987,506,3.6842161727686005,27116,1,1,6,1
2024-01-28,Jacket,387,569,0,3.9893177138944504,666,3.841093431315669,68374,1,1,6,1
2024-01-28,Pants,198,1118,40,4.016775174813109,535,4.681684833071738,18224,1,1,6,0
2024-01-29,Dress,84,724,30,5.836560426441306,174,4.884440347697727,13070,1,1,0,0
2024-01-29,T-Shirt,140,789,20,1.295620032190945,862,3.7112855305697,72526,1,1,0,0
2024-01-29,Sweater,269,326,40,6.225295152502391,761,3.8301458211216457,21241,1,1,0,1
2024-01-29,Jacket,268,998,30,5.130900892153117,247,4.121936185590536,26566,1,1,0,1
2024-01-29,Pants,153,710,0,3.789432336417498,314,4.140183358005125,38719,1,1,0,0
2024-01-30,Dress,111,181,40,6.624783883459471,576,4.2081004176649985,98607,1,1,1,0
2024-01-30,T-Shirt,68,167,0,7.9797485502550956,274,4.291471595217178,11645,1,1,1,0
2024-01-30,Sweater,375,1395,20,2.3971622133764123,996,4.001544216965724,17342,1,1,1,1
2024-01-30,Jacket,254,949,10,3.436702058291984,977,4.289867699988941,86974,1,1,1,1
2024-01-30,Pants,81,1351,40,4.671860458283602,412,3.832958242899424,35678,1,1,1,0
2024-01-31,Dress,121,1227,0,8.199244768358703,678,4.831190723770255,90595,1,1,2,0
2024-01-31,T-Shirt,57,245,20,9.663843866993872,599,4.502127704855969,91925,1,1,2,0
2024-01-31,Sweater,251,156,10,1.7695767776902127,250,4.772192143200325,25079,1,1,2,1
2024-01-31,Jacket,292,1458,30,7.335515216246585,996,4.726165342607661,92955,1,1,2,1
2024-01-31,Pants,60,895,10,4.267532909755815,218,3.9020954612343144,19596,1,1,2,0
2024-02-01,Dress,86,1083,0,4.92513876221785,966,4.922679960443235,22771,2,1,3,0
2024-02-01,T-Shirt,73,742,10,6.091989579699044,158,4.841828340341137,91143,2,1,3,0
2024-02-01,Sweater,377,1382,0,5.874707931947802,336,4.103825065395471,28752,2,1,3,1
2024-02-01,Jacket,277,643,30,2.1904859001279737,128,3.757518928772455,79532,2,1,3,1
2024-02-01,Pants,124,987,10,5.76695510789573,141,4.36477471327138,36653,2,1,3,0
2024-02-02,Dress,83,1190,40,6.862783495166778,477,4.580303872448444,53756,2,1,4,0
2024-02-02,T-Shirt,155,491,40,3.373154223711548,386,4.810835116343773,9263,2,1,4,0
2024-02-02,Sweater,258,970,10,9.229707513324637,575,4.656367065596406,41397,2,1,4,1
2024-02-02,Jacket,214,1169,20,2.659338286110669,792,4.404728164199582,83617,2,1,4,1
2024-02-02,Pants,78,298,20,3.598243630936299,611,4.873270515937871,29762,2,1,4,0
2024-02-03,Dress,88,893,20,9.543761173519892,154,4.495506748043972,9853,2,1,5,0
2024-02-03,T-Shirt,199,218,0,3.429201001529754,850,3.893396066449738,72298,2,1,5,1
2024-02-03,Sweater,291,514,20,4.008195017352648,253,4.211355963050554,20048,2,1,5,1
2024-02-03,Jacket,205,1390,40,7.195621567849624,141,4.189522269141697,29354,2,1,5,1
2024-02-03,Pants,180,1402,30,7.252268237689841,577,3.5078807278375774,28051,2,1,5,0
2024-02-04,Dress,68,1217,20,9.255822179160186,116,4.925356030731203,99006,2,1,6,0
2024-02-04,T-Shirt,96,161,20,7.590023977686051,760,4.638553768308275,59756,2,1,6,0
2024-02-04,Sweater,346,859,0,9.130274313724225,367,3.8318141627294033,95600,2,1,6,1
2024-02-04,Jacket,283,196,10,6.294373812729379,500,3.770863017691,61276,2,1,6,1
2024-02-04,Pants,135,399,40,7.579213043124534,982,4.886594293064796,88441,2,1,6,0
2024-02-05,Dress,108,876,40,5.267927949917174,471,4.766824097802606,42265,2,1,0,0
2024-02-05,T-Shirt,152,1446,20,6.046094746031626,912,3.615429802443814,7983,2,1,0,0
2024-02-05,Sweater,295,646,30,8.116508483550671,496,4.438837064655513,99223,2,1,0,1
2024-02-05,Jacket,322,460,20,8.830889865108368,513,3.500356285363827,80532,2,1,0,1
2024-02-05,Pants,190,1447,20,1.6302673517272392,913,4.026067723177565,34629,2,1,0,0
2024-02-06,Dress,111,394,30,6.64754916896533,539,3.907530456603506,15616,2,1,1,0
2024-02-06,T-Shirt,59,1075,0,4.027334174455799,439,4.6063734523833375,37733,2,1,1,0
2024-02-06,Sweater,196,1315,10,3.6667730841039106,392,3.5631397844545427,95816,2,1,1,0
2024-02-06,Jacket,236,966,0,7.116825544237629,239,4.934623546339138,72364,2,1,1,1
2024-02-06,Pants,110,1088,30,4.758226982064356,539,4.826298467197255,34757,2,1,1,0
2024-02-07,Dress,126,375,0,7.690175406042617,871,3.847507552075165,61979,2,1,2,0
2024-02-07,T-Shirt,142,1483,40,8.475782659755621,465,3.846004717576638,66665,2,1,2,0
2024-02-07,Sweater,295,1086,0,9.61543236684993,987,4.025187888750095,55948,2,1,2,1
2024-02-07,Jacket,249,876,0,5.66434330008753,119,4.992361733969653,31172,2,1,2,1
2024-02-07,Pants,172,568,10,5.420677067817639,244,3.7308438595097826,33831,2,1,2,0
2024-02-08,Dress,62,1293,40,5.832769806040722,428,4.84238216184176,88300,2,1,3,0
2024-02-08,T-Shirt,147,1440,0,4.520527894723418,734,3.6942723819242063,70160,2,1,3,0
2024-02-08,Sweater,266,670,0,5.957716335482254,325,4.112679819606048,38742,2,1,3,1
2024-02-08,Jacket,258,1424,40,1.4390522350585577,553,4.943182958888075,14903,2,1,3,1
2024-02-08,Pants,77,1122,0,1.5536532361531155,400,4.220879865989972,7396,2,1,3,0
2024-02-09,Dress,164,847,20,4.1302828711197375,965,4.315668361996099,97108,2,1,4,0
2024-02-09,T-Shirt,82,1435,20,8.813447236463922,191,4.775872593641363,70082,2,1,4,0
2024-02-09,Sweater,237,930,20,3.1482102817091575,792,4.520211157640451,91206,2,1,4,1
2024-02-09,Jacket,160,706,10,5.189230078929852,130,4.738725125847144,7719,2,1,4,0
2024-02-09,Pants,156,231,30,6.0056356153578125,688,4.261201600641254,38062,2,1,4,0
2024-02-10,Dress,62,1219,20,9.830675602246812,116,3.6737657851703864,77545,2,1,5,0
2024-02-10,T-Shirt,137,514,20,2.156038462838722,566,4.641541853753042,34257,2,1,5,0
2024-02-10,Sweater,239,721,40,1.9225875519161133,295,3.7606302129613502,50539,2,1,5,1
2024-02-10,Jacket,307,341,0,7.93885863278922,500,4.3732556902644095,25953,2,1,5,1
2024-02-10,Pants,169,359,10,9.911335354755824,786,4.953316782928537,82475,2,1,5,0
2024-02-11,Dress,174,609,40,1.1991119637609753,745,4.057750293858087,98106,2,1,6,0
2024-02-11,T-Shirt,107,887,40,9.498732714620468,198,4.177080536494513,86958,2,1,6,0
2024-02-11,Sweater,282,946,40,3.6853698789099334,899,3.623571568423764,83797,2,1,6,1
2024-02-11,Jacket,254,998,30,1.281720823727646,120,4.864286766421728,33602,2,1,6,1
2024-02-11,Pants,133,1430,10,9.04689283311221,626,4.618755518046447,53290,2,1,6,0
2024-02-12,Dress,113,1158,0,7.434316361820229,885,4.796537374759455,23639,2,1,0,0
2024-02-12,T-Shirt,76,1233,0,8.817608511600497,408,3.730487057241669,87970,2,1,0,0
2024-02-12,Sweater,314,348,20,8.171180450776248,792,4.867754052439866,58625,2,1,0,1
2024-02-12,Jacket,299,676,0,1.011086516497833,554,3.6877786883038257,84083,2,1,0,1
2024-02-12,Pants,133,670,0,2.4474292217037106,825,4.372957102871598,54268,2,1,0,0
2024-02-13,Dress,179,733,20,9.859162666626135,820,3.5174308098621507,31589,2,1,1,0
2024-02-13,T-Shirt,113,487,20,7.254836975138883,900,4.928972957058075,57648,2,1,1,0
2024-02-13,Sweater,295,363,20,1.9443716057635738,500,3.6541886067389986,57269,2,1,1,1
2024-02-13,Jacket,282,1259,30,7.322184734896935,813,4.663707103689434,66681,2,1,1,1
2024-02-13,Pants,146,151,0,1.7907984923035003,688,3.6178677457325312,55069,2,1,1,0
2024-02-14,Dress,152,343,10,7.2051847222353915,242,3.800225366367215,14078,2,1,2,0
2024-02-14,T-Shirt,98,466,20,9.065991724165345,108,4.904318369365535,31015,2,1,2,0
2024-02-14,Sweater,303,865,10,6.62774194192553,183,4.009175288814209,29826,2,1,2,1
2024-02-14,Jacket,282,608,30,5.977013073327626,489,4.7259466549437406,79137,2,1,2,1
2024-02-14,Pants,176,664,0,2.475995328905475,113,3.6224449730458845,85885,2,1,2,0
2024-02-15,Dress,61,236,30,2.435902121018695,400,4.423613032913364,36890,2,1,3,0
2024-02-15,T-Shirt,104,899,30,7.698511590354601,832,4.684547760713719,75326,2,1,3,0
2024-02-15,Sweater,231,1063,20,3.0560926719816885,451,4.313717953579051,96194,2,1,3,1
2024-02-15,Jacket,307,904,20,2.9850501243009093,306,3.8865243327668204,35027,2,1,3,1
2024-02-15,Pants,98,1011,40,7.544521627896772,123,4.138240001672113,83339,2,1,3,0
2024-02-16,Dress,157,681,30,1.3609827227123423,788,4.270993801713088,70128,2,1,4,0
2024-02-16,T-Shirt,166,1015,30,8.860809142734945,517,4.689434141908447,50350,2,1,4,0
2024-02-16,Sweater,321,1419,40,2.895959701050999,336,4.198719210530372,89878,2,1,4,1
2024-02-16,Jacket,273,249,10,3.1378899243148988,433,4.268922807808708,31916,2,1,4,1
2024-02-16,Pants,118,1154,0,3.2250796696285935,927,4.1075311986204825,75135,2,1,4,0
2024-02-17,Dress,133,279,0,4.519733829865846,127,3.8872001490516914,18760,2,1,5,0
2024-02-17,T-Shirt,94,1068,20,8.953387026946773,729,3.754636857631311,76260,2,1,5,0
2024-02-17,Sweater,234,1011,0,4.877987712956253,375,4.3818265566655805,28499,2,1,5,1
2024-02-17,Jacket,206,725,30,4.414227309301814,206,4.604603022598461,76652,2,1,5,1
2024-02-17,Pants,98,305,30,5.859152555519913,981,4.9800394705357425,71504,2,1,5,0
2024-02-18,Dress,86,1193,10,1.3540918660165868,218,3.83705176545902,81260,2,1,6,0
2024-02-18,T-Shirt,108,986,0,5.565113278195532,305,4.532311798799893,46235,2,1,6,0
2024-02-18,Sweater,289,366,10,9.757879732633118,138,4.182109783450788,11638,2,1,6,1
2024-02-18,Jacket,270,300,40,2.2918812583545356,845,4.599348377512013,15225,2,1,6,1
2024-02-18,Pants,134,278,40,4.993751973741141,616,4.945020249230598,53320,2,1,6,0
2024-02-19,Dress,104,1292,10,4.368670904258134,513,4.245762146012641,86040,2,1,0,0
2024-02-19,T-Shirt,75,452,0,1.2734835372715319,939,4.6932655575446045,35659,2,1,0,0
2024-02-19,Sweater,182,1320,40,7.0027436529181655,460,3.659889545461986,41059,2,1,0,0
2024-02-19,Jacket,284,1334,0,9.940032436227657,880,4.67357822608741,90150,2,1,0,1
2024-02-19,Pants,117,1275,30,7.0083404700722625,553,4.852063474382667,30426,2,1,0,0
2024-02-20,Dress,158,971,0,3.9554310509657293,164,4.049692302307097,14108,2,1,1,0
2024-02-20,T-Shirt,196,977,40,5.038242603602776,404,4.31853033274321,27443,2,1,1,0
2024-02-20,Sweater,340,1440,20,2.5159994662844767,941,4.639016491884298,82576,2,1,1,1
2024-02-20,Jacket,236,477,10,5.312636898667579,728,4.72064943247938,9760,2,1,1,1
2024-02-20,Pants,61,1306,10,5.739614175420636,399,4.2150432125617385,78770,2,1,1,0
2024-02-21,Dress,136,1499,10,7.43941816389347,526,3.5273488740145424,38174,2,1,2,0
2024-02-21,T-Shirt,156,1164,40,9.082274940549881,892,4.482039622147022,41914,2,1,2,0
2024-02-21,Sweater,231,938,40,4.16460418515671,901,3.7494974116147133,55115,2,1,2,1
2024-02-21,Jacket,317,643,20,9.366452896797902,255,4.308741915012882,59691,2,1,2,1
2024-02-21,Pants,195,151,0,9.79052714796321,189,3.6828291400054214,49139,2,1,2,0
2024-02-22,Dress,123,1212,40,2.661266165833297,411,4.690110887221756,79172,2,1,3,0
2024-02-22,T-Shirt,91,1101,30,4.820746826767257,985,4.708988824662737,26675,2,1,3,0
2024-02-22,Sweater,313,708,20,1.0232561336048414,217,4.272762755500597,14435,2,1,3,1
2024-02-22,Jacket,311,670,10,2.5729609854463944,732,4.759791954300081,76831,2,1,3,1
2024-02-22,Pants,98,1327,20,8.024729637194756,149,4.597937101378452,41451,2,1,3,0
2024-02-23,Dress,109,1340,10,8.285769781915976,775,3.7245559519354368,69174,2,1,4,0
2024-02-23,T-Shirt,98,632,30,8.765173697889058,730,4.3030371527639915,46621,2,1,4,0
2024-02-23,Sweater,200,568,30,2.8556754806658375,622,3.8479206441739633,32213,2,1,4,1
2024-02-23,Jacket,282,1427,0,9.890069681933985,902,4.395570375343538,99018,2,1,4,1
2024-02-23,Pants,91,786,0,7.231925361919327,379,3.692591434181188,65946,2,1,4,0
2024-02-24,Dress,117,1391,10,9.149723130967065,720,3.61912905348348,78379,2,1,5,0
2024-02-24,T-Shirt,180,222,0,3.039907620042892,524,4.42573367509347,77240,2,1,5,0
2024-02-24,Sweater,210,1105,40,1.6293844513849072,259,4.310017871906766,61549,2,1,5,1
2024-02-24,Jacket,265,1163,30,3.9190037780383804,358,3.7854872942286018,10249,2,1,5,1
2024-02-24,Pants,51,763,0,9.959324416338314,570,4.197808418425577,5661,2,1,5,0
2024-02-25,Dress,93,602,40,6.714640410319298,402,3.801400532988585,5207,2,1,6,0
2024-02-25,T-Shirt,155,595,0,8.396257995109782,111,4.021357286358473,25103,2,1,6,0
2024-02-25,Sweater,167,386,30,9.76748165765214,729,4.988725253237563,67711,2,1,6,0
2024-02-25,Jacket,321,435,40,1.8363622994145095,505,3.633686648174025,96878,2,1,6,1
2024-02-25,Pants,81,1334,40,8.434608672272756,649,3.7389560309284704,21163,2,1,6,0
2024-02-26,Dress,163,898,10,4.428185729598885,869,4.905436734546594,89416,2,1,0,0
2024-02-26,T-Shirt,124,984,30,3.517331846243313,765,4.400891500040926,95373,2,1,0,0
2024-02-26,Sweater,341,292,30,8.662824619705862,589,4.251729498773015,17329,2,1,0,1
2024-02-26,Jacket,275,1331,10,8.812510210967053,233,3.7119170739132588,36750,2,1,0,1
2024-02-26,Pants,63,222,40,1.2060444247850821,958,4.542426633353692,77909,2,1,0,0
2024-02-27,Dress,69,415,0,6.176470154469625,352,4.793021723408934,78822,2,1,1,0
2024-02-27,T-Shirt,63,982,40,3.8577830308906336,582,4.09799454165847,55200,2,1,1,0
2024-02-27,Sweater,406,631,40,1.232307162545383,636,3.84882703754807,45108,2,1,1,1
2024-02-27,Jacket,192,277,30,3.806345197767336,945,4.814157788897064,57188,2,1,1,0
2024-02-27,Pants,109,596,40,1.159190286519315,229,4.47530163859723,77146,2,1,1,0
2024-02-28,Dress,80,1160,40,8.026854274615959,877,3.8176330259982176,60677,2,1,2,0
2024-02-28,T-Shirt,60,839,40,6.575479762668289,562,4.975518387895121,64474,2,1,2,0
2024-02-28,Sweater,384,298,0,8.044264366697343,593,3.6515687165159703,28291,2,1,2,1
2024-02-28,Jacket,249,934,40,6.536974944079098,919,3.7606288934934415,17411,2,1,2,1
2024-02-28,Pants,112,917,40,4.188126164002971,254,4.121194628793391,36174,2,1,2,0
2024-02-29,Dress,135,659,10,2.2042336265153986,504,3.528788415234585,78294,2,1,3,0
2024-02-29,T-Shirt,198,799,10,2.707253633572095,164,3.9852505923672106,64353,2,1,3,0
2024-02-29,Sweater,331,322,30,4.342677108851267,596,4.321939233460539,9798,2,1,3,1
2024-02-29,Jacket,349,332,40,5.394170233196004,807,4.796990588210626,42487,2,1,3,1
2024-02-29,Pants,131,893,20,4.382994566311924,535,4.7893478474704185,60316,2,1,3,0
2024-03-01,Dress,91,546,0,9.598012178535354,116,4.488038219311165,95536,3,1,4,0
2024-03-01,T-Shirt,178,1303,30,1.6877517349424629,196,4.761307369138883,25281,3,1,4,0
2024-03-01,Sweater,70,1457,20,5.4590689311488365,875,4.8426766110598045,56399,3,1,4,0
2024-03-01,Jacket,128,1105,40,2.3515210073533748,515,4.982412906500197,27614,3,1,4,0
2024-03-01,Pants,150,1181,40,1.3421966341370943,186,4.574485082094023,12788,3,1,4,0
2024-03-02,Dress,66,297,40,4.488357083344926,465,4.987382613305411,75067,3,1,5,0
2024-03-02,T-Shirt,192,1384,20,2.6667601108072114,590,4.118196395394158,81295,3,1,5,0
2024-03-02,Sweater,113,287,30,9.090107416056119,747,4.6538347217572005,40144,3,1,5,0
2024-03-02,Jacket,98,985,0,6.795138281870176,477,4.217382941863885,11910,3,1,5,0
2024-03-02,Pants,163,298,30,3.6353983303086825,587,3.670934952071476,44071,3,1,5,0
2024-03-03,Dress,144,1461,30,2.4097459327642747,621,4.007401258991748,63279,3,1,6,0
2024-03-03,T-Shirt,195,332,0,4.34950321453762,926,4.325137910687234,54145,3,1,6,0
2024-03-03,Sweater,163,939,30,3.1662344064925447,824,4.513973413379533,69946,3,1,6,0
2024-03-03,Jacket,162,1037,40,3.573161103152441,643,3.9753837160174172,81272,3,1,6,0
2024-03-03,Pants,61,1406,10,6.724636873568426,760,4.967595918200894,28911,3,1,6,0
2024-03-04,Dress,184,812,30,1.4847238629822352,355,4.317540378345408,91250,3,1,0,0
2024-03-04,T-Shirt,138,683,30,1.388563622173105,565,3.6619155719696965,60731,3,1,0,0
2024-03-04,Sweater,76,237,30,7.595213902896255,782,4.637277516614806,71912,3,1,0,0
2024-03-04,Jacket,52,852,20,2.3641243442890625,129,4.809984373791211,14496,3,1,0,0
2024-03-04,Pants,177,1402,10,6.022380926340703,683,3.8700182967824346,96396,3,1,0,0
2024-03-05,Dress,52,598,30,1.8926028962849433,323,4.819724728912908,73056,3,1,1,0
2024-03-05,T-Shirt,59,451,20,2.692222611538745,211,4.675687676728096,89899,3,1,1,0
2024-03-05,Sweater,135,383,10,8.559675822539642,111,4.618600674096848,18944,3,1,1,0
2024-03-05,Jacket,170,1193,20,7.806381921023073,834,3.958406323235322,17087,3,1,1,0
2024-03-05,Pants,150,847,30,4.468382947426257,231,4.583106407304106,71549,3,1,1,0
2024-03-06,Dress,86,971,40,1.2616424230955836,871,3.771978919888258,42804,3,1,2,0
2024-03-06,T-Shirt,69,422,30,5.590987412489427,614,3.5972803917244525,28225,3,1,2,0
2024-03-06,Sweater,104,649,30,1.475235644216753,635,4.5147019058395434,19226,3,1,2,0
2024-03-06,Jacket,109,1064,0,6.728415859442387,310,3.587826393865969,47092,3,1,2,0
2024-03-06,Pants,125,691,10,7.369128412668242,967,4.275903584662414,62775,3,1,2,0
2024-03-07,Dress,143,332,0,4.9061742955648775,245,4.057133002809569,55288,3,1,3,0
2024-03-07,T-Shirt,96,1120,0,9.39801998209202,912,3.7602201113989357,50253,3,1,3,0
2024-03-07,Sweater,53,809,20,7.173201439448773,658,4.759703428453426,62418,3,1,3,0
2024-03-07,Jacket,152,286,10,6.289924247759784,604,4.34832494738216,13329,3,1,3,0
2024-03-07,Pants,99,1122,20,1.217725875022197,353,4.379718638283061,40525,3,1,3,0
2024-03-08,Dress,130,712,40,1.50522493074589,646,4.144485219108403,86906,3,1,4,0
2024-03-08,T-Shirt,118,198,40,5.123681980641034,360,4.559028511496037,31201,3,1,4,0
2024-03-08,Sweater,53,787,10,9.184511728075567,891,4.594262342978595,47821,3,1,4,0
2024-03-08,Jacket,90,1355,30,2.18214467330416,668,4.627062629043569,18975,3,1,4,0
2024-03-08,Pants,85,874,30,1.4013541753566539,441,3.892558525603859,5162,3,1,4,0
2024-03-09,Dress,63,781,10,3.447547535157679,281,4.143330318291558,12896,3,1,5,0
2024-03-09,T-Shirt,119,990,40,8.677806610632853,718,3.593979805183032,23681,3,1,5,0
2024-03-09,Sweater,156,345,10,4.699860423406359,618,3.6296369161438196,19289,3,1,5,0
2024-03-09,Jacket,197,1093,40,1.470320913574214,591,4.681569523291563,27669,3,1,5,0
2024-03-09,Pants,106,314,10,9.815957563435813,680,4.481261902211112,39521,3,1,5,0
2024-03-10,Dress,98,520,0,9.523323889648507,544,3.6711436773319,12345,3,1,6,0
2024-03-10,T-Shirt,166,1044,10,1.7995622057880793,697,4.341834182423788,67032,3,1,6,0
2024-03-10,Sweater,110,722,10,4.635800886938934,142,3.6015025428500023,49629,3,1,6,0
2024-03-10,Jacket,66,1115,10,5.362266584170423,952,3.711439441282654,19357,3,1,6,0
2024-03-10,Pants,161,1230,10,1.8780625921536975,243,4.117648312376763,17924,3,1,6,0
2024-03-11,Dress,135,737,30,4.203760364153674,710,3.5779348663314026,15800,3,1,0,0
2024-03-11,T-Shirt,81,540,40,2.482357180890663,482,4.637637526803667,83707,3,1,0,0
2024-03-11,Sweater,192,525,40,6.93666429755268,727,4.80586763756901,61700,3,1,0,0
2024-03-11,Jacket,107,1199,0,1.2445067910300383,859,4.1958970652184995,47951,3,1,0,0
2024-03-11,Pants,93,1270,10,5.480312572308612,873,4.057899001875297,31390,3,1,0,0
2024-03-12,Dress,138,528,10,1.8406717477776604,808,4.946714980851217,7551,3,1,1,0
2024-03-12,T-Shirt,61,157,30,8.135689771304554,263,3.914662535875094,12239,3,1,1,0
2024-03-12,Sweater,104,1054,10,2.421593405518132,567,4.336730287893802,85257,3,1,1,0
2024-03-12,Jacket,56,997,20,4.2679066297060935,382,3.9153567310667134,9135,3,1,1,0
2024-03-12,Pants,178,1164,40,7.593717112307496,787,3.728156424833409,72843,3,1,1,0
2024-03-13,Dress,159,693,0,8.232431818973817,913,3.979500248660817,59400,3,1,2,0
2024-03-13,T-Shirt,112,1282,40,7.011279989232643,368,3.984516797579321,38691,3,1,2,0
2024-03-13,Sweater,151,396,20,7.1817489790752616,230,4.291099433184014,97051,3,1,2,0
2024-03-13,Jacket,175,1171,40,9.761116509785559,575,4.787265579735746,14587,3,1,2,0
2024-03-13,Pants,183,360,30,3.8291510186537354,494,4.851944016161973,31475,3,1,2,0
2024-03-14,Dress,180,737,30,5.728914212911236,376,3.6694148126167603,96353,3,1,3,0
2024-03-14,T-Shirt,83,190,20,5.053158810148714,413,4.420666128223549,89246,3,1,3,0
2024-03-14,Sweater,177,422,40,8.255762929034116,961,4.968657407022732,79658,3,1,3,0
2024-03-14,Jacket,82,873,40,7.085598058678906,165,3.9723793829194514,15487,3,1,3,0
2024-03-14,Pants,96,603,0,6.897541687224924,100,4.75556168786441,46814,3,1,3,0
2024-03-15,Dress,177,340,20,7.247355161588479,914,3.957966015045097,76906,3,1,4,0
2024-03-15,T-Shirt,106,1098,30,9.444743366036343,559,3.849144720651933,55939,3,1,4,0
2024-03-15,Sweater,126,1380,10,6.856916928028726,745,4.506098467858751,72990,3,1,4,0
2024-03-15,Jacket,140,1037,30,4.4345074588048,801,4.070600823455615,76678,3,1,4,0
2024-03-15,Pants,127,745,0,1.3782220765426476,955,3.5407625241362664,39518,3,1,4,0
2024-03-16,Dress,199,232,20,8.434351464999146,374,4.707360165262158,10075,3,1,5,1
2024-03-16,T-Shirt,120,1236,0,3.7427598584751998,474,4.299013830142332,83610,3,1,5,0
2024-03-16,Sweater,191,1293,40,5.866286289804193,564,3.8628407423882587,64711,3,1,5,0
2024-03-16,Jacket,169,969,0,8.420813272783288,920,3.945856711562926,97493,3,1,5,0
2024-03-16,Pants,90,217,30,8.670374869520632,972,3.9956120058136606,59869,3,1,5,0
2024-03-17,Dress,169,1300,40,8.543369651967321,531,3.552005400089725,59306,3,1,6,0
2024-03-17,T-Shirt,60,643,10,6.160144110716962,760,3.5954613639299637,63643,3,1,6,0
2024-03-17,Sweater,150,1162,40,5.727157817681442,423,4.802827259480433,91497,3,1,6,0
2024-03-17,Jacket,114,1181,40,7.250054105176379,523,3.975419881686679,76853,3,1,6,0
2024-03-17,Pants,96,676,0,4.067341298108619,919,4.1650700215687815,19567,3,1,6,0
2024-03-18,Dress,70,654,40,6.7564500505991365,922,4.268545666318686,36259,3,1,0,0
2024-03-18,T-Shirt,53,225,40,9.736895858273046,591,4.925796578879305,22569,3,1,0,0
2024-03-18,Sweater,140,1100,0,5.556394535456825,186,4.110457864451396,7261,3,1,0,0
2024-03-18,Jacket,194,722,30,6.436645093640973,382,3.7100361463299767,90371,3,1,0,0
2024-03-18,Pants,155,590,40,5.256742114859591,966,3.7941465691075895,10410,3,1,0,0
2024-03-19,Dress,133,802,40,1.0495521924437874,401,3.5742452802405,22543,3,1,1,0
2024-03-19,T-Shirt,92,553,30,3.5641721937786475,906,4.703878519369719,22087,3,1,1,0
2024-03-19,Sweater,111,767,20,1.3994899495376898,332,4.095522561855788,75448,3,1,1,0
2024-03-19,Jacket,90,1005,40,4.107008285215229,282,4.811333787027763,75028,3,1,1,0
2024-03-19,Pants,60,1056,40,9.364840250258027,656,4.091864113396469,66035,3,1,1,0
2024-03-20,Dress,68,733,40,7.426293800201708,367,4.511911779374325,27432,3,1,2,0
2024-03-20,T-Shirt,94,751,30,8.390784542952039,619,4.794320754368618,84190,3,1,2,0
2024-03-20,Sweater,133,999,10,2.030388742593146,772,4.184354763433313,21977,3,1,2,0
2024-03-20,Jacket,196,561,30,9.102891412668443,431,3.620270021122855,24086,3,1,2,0
2024-03-20,Pants,90,1108,40,7.108029610053083,549,4.832058596540177,79637,3,1,2,0
2024-03-21,Dress,100,1291,0,6.513161215103373,639,3.7577727219906416,65058,3,1,3,0
2024-03-21,T-Shirt,166,536,10,1.1053594965781366,367,3.9425610614812343,39624,3,1,3,0
2024-03-21,Sweater,104,1135,40,2.1070296561137107,148,3.8240770475175307,77982,3,1,3,0
2024-03-21,Jacket,87,426,20,4.869379696511333,710,3.6164219670971613,41788,3,1,3,0
2024-03-21,Pants,171,1203,30,3.036511973928086,899,4.733633560502417,84003,3,1,3,0
2024-03-22,Dress,128,1214,20,6.2397887193470245,924,3.5411304649589863,90920,3,1,4,0
2024-03-22,T-Shirt,83,589,30,4.874764046159868,295,3.5671676757570023,26312,3,1,4,0
2024-03-22,Sweater,96,1321,20,1.229029839151758,543,4.068365417088222,49014,3,1,4,0
2024-03-22,Jacket,175,544,0,1.9113392315364304,675,4.408668874179035,5929,3,1,4,0
2024-03-22,Pants,165,1377,0,1.9473326667731115,724,3.710829451367541,12069,3,1,4,0
2024-03-23,Dress,169,592,20,9.67615666405932,871,3.6489533041305395,12597,3,1,5,0
2024-03-23,T-Shirt,156,597,20,2.4402244281687464,917,3.969809391605261,58161,3,1,5,0
2024-03-23,Sweater,171,274,40,9.603269460597874,968,4.211009642724734,28173,3,1,5,0
2024-03-23,Jacket,67,350,0,1.793815334108836,158,4.94170322811139,76155,3,1,5,0
2024-03-23,Pants,194,258,30,9.820980931723902,588,4.330567228037017,81449,3,1,5,0
2024-03-24,Dress,158,970,20,8.546942934125454,998,3.9534998740272407,61882,3,1,6,0
2024-03-24,T-Shirt,134,1091,30,3.115334933234426,238,4.3365632393750655,80250,3,1,6,0
2024-03-24,Sweater,178,1453,40,4.996393742819826,210,4.725135395179292,18283,3,1,6,0
2024-03-24,Jacket,66,1272,30,3.704404470403891,313,4.354066041773424,89754,3,1,6,0
2024-03-24,Pants,134,669,30,8.673020037113982,712,4.314536875936495,80774,3,1,6,0
2024-03-25,Dress,113,1264,40,6.392085265362926,921,4.300079943148043,24595,3,1,0,0
2024-03-25,T-Shirt,198,544,30,1.519669466822564,283,3.9136513523770353,71093,3,1,0,0
2024-03-25,Sweater,61,1032,20,5.616121745324778,719,4.22511115395972,83405,3,1,0,0
2024-03-25,Jacket,151,1389,20,5.60147915980676,860,4.043402130647887,41304,3,1,0,0
2024-03-25,Pants,131,753,20,6.419052868193016,850,4.36029342718336,58410,3,1,0,0
2024-03-26,Dress,97,660,0,1.5352441198055269,948,4.460297467339435,20072,3,1,1,0
2024-03-26,T-Shirt,145,989,20,3.807091720038524,422,4.172478583054133,30518,3,1,1,0
2024-03-26,Sweater,80,869,10,5.291591214860354,448,3.54582418564007,41674,3,1,1,0
2024-03-26,Jacket,103,1055,10,6.692896989692451,376,4.038073288125521,16944,3,1,1,0
2024-03-26,Pants,84,845,0,8.140546128748129,262,4.996731283522967,15503,3,1,1,0
2024-03-27,Dress,75,262,20,7.64082566705377,124,4.449359496017651,91156,3,1,2,0
2024-03-27,T-Shirt,185,337,0,7.895043395160275,775,4.550051409158156,20038,3,1,2,0
2024-03-27,Sweater,153,1438,10,1.6988440120444457,483,4.531109546204356,6381,3,1,2,0
2024-03-27,Jacket,124,1059,30,6.193365980157197,389,3.5091331223597586,89050,3,1,2,0
2024-03-27,Pants,172,507,10,1.6917586774854716,474,4.763111656097869,61699,3,1,2,0
2024-03-28,Dress,193,1361,10,1.6561165183111317,112,4.500281631521402,73487,3,1,3,0
2024-03-28,T-Shirt,169,1200,40,6.24931743210504,906,3.8390434967239995,20592,3,1,3,0
2024-03-28,Sweater,62,1226,20,6.830357013914755,825,3.781764278806661,21566,3,1,3,0
2024-03-28,Jacket,72,693,10,6.272783096081673,555,4.331986022052643,30235,3,1,3,0
2024-03-28,Pants,163,1187,10,7.4255736925593085,152,4.70593776132878,51101,3,1,3,0
2024-03-29,Dress,79,852,30,2.2858836520547055,570,4.58098271792467,79763,3,1,4,0
2024-03-29,T-Shirt,168,1463,10,8.414002810910487,738,3.581498052234356,84563,3,1,4,0
2024-03-29,Sweater,98,1140,0,5.6001622531350685,253,4.572558078276026,49757,3,1,4,0
2024-03-29,Jacket,87,358,10,5.202711999672497,489,3.8702358038028533,60103,3,1,4,0
2024-03-29,Pants,188,782,0,2.1693693208213114,236,4.7640678532408325,10571,3,1,4,0
2024-03-30,Dress,149,1060,20,4.904356776188766,276,4.065970492109486,53695,3,1,5,0
2024-03-30,T-Shirt,194,620,10,6.081661458975368,927,4.449067818122901,28478,3,1,5,0
2024-03-30,Sweater,187,324,40,7.417414455708868,112,3.7742108549853506,94963,3,1,5,0
2024-03-30,Jacket,60,580,0,3.6824698777549885,632,4.213109911775111,10842,3,1,5,0
2024-03-30,Pants,189,1466,10,1.943272584978149,601,4.935199723226429,23971,3,1,5,0
2024-03-31,Dress,90,1476,10,6.709817307579253,326,4.0547198839807645,79619,3,1,6,0
2024-03-31,T-Shirt,62,359,40,8.39961898134781,130,4.579480724915795,34320,3,1,6,0
2024-03-31,Sweater,122,1339,20,7.574467248629112,199,4.516719800465067,88692,3,1,6,0
2024-03-31,Jacket,186,925,30,7.647377123190976,127,4.961887717002995,63283,3,1,6,0
2024-03-31,Pants,198,689,0,9.01193502372557,351,3.564510427800409,78016,3,1,6,0
2024-04-01,Dress,98,267,10,5.894251550796136,914,4.753220338613292,66997,4,2,0,0
2024-04-01,T-Shirt,62,1275,10,1.1739486782584092,967,4.923268933746696,87594,4,2,0,0
2024-04-01,Sweater,180,260,0,9.154592971177287,983,3.5148857316917534,66610,4,2,0,0
2024-04-01,Jacket,171,1361,10,7.097880407130579,951,4.18237833426138,48791,4,2,0,0
2024-04-01,Pants,153,847,30,2.1299519328638805,792,3.614577417487184,56374,4,2,0,0
2024-04-02,Dress,183,814,0,7.651239020091628,618,4.022143389752432,25093,4,2,1,0
2024-04-02,T-Shirt,61,869,20,6.967066115275983,746,4.818882672269577,58554,4,2,1,0
2024-04-02,Sweater,124,925,0,6.455319084401317,603,4.186993638505357,67522,4,2,1,0
2024-04-02,Jacket,181,765,20,7.3912188861825925,256,3.869905452467037,36131,4,2,1,0
2024-04-02,Pants,128,1297,30,1.5206000450244455,701,4.985313340381432,16908,4,2,1,0
2024-04-03,Dress,105,757,30,5.900340995202367,242,4.3419403144226045,54429,4,2,2,0
2024-04-03,T-Shirt,66,1263,30,6.577611142897803,540,4.433620462348995,51473,4,2,2,0
2024-04-03,Sweater,94,416,40,8.300113929401238,459,4.859631445871655,12006,4,2,2,0
2024-04-03,Jacket,114,1222,30,4.036061269153212,537,4.2049824022369044,23990,4,2,2,0
2024-04-03,Pants,75,154,30,6.678296112062471,558,3.5668457351730187,81721,4,2,2,0
2024-04-04,Dress,64,885,40,9.541640766833595,657,3.6143588269603466,69805,4,2,3,0
2024-04-04,T-Shirt,111,747,10,5.921736768776135,401,4.149224003314204,72293,4,2,3,0
2024-04-04,Sweater,52,1139,40,5.332000388820984,592,3.574968542989518,98344,4,2,3,0
2024-04-04,Jacket,124,482,10,8.684064295342004,767,4.48867064670429,33328,4,2,3,0
2024-04-04,Pants,65,729,20,5.484124004493457,795,4.567584208619073,20449,4,2,3,0
2024-04-05,Dress,125,1312,40,4.932962970990587,118,3.764143206995892,35873,4,2,4,0
2024-04-05,T-Shirt,183,1433,30,8.13335604659545,670,4.0325615846779375,39064,4,2,4,0
2024-04-05,Sweater,156,394,10,9.703474132834314,619,3.742507154355443,13199,4,2,4,0
2024-04-05,Jacket,145,644,0,5.124111853535505,692,3.7440496157128487,98783,4,2,4,0
2024-04-05,Pants,135,242,30,1.1089280509849668,173,4.676631287005127,13155,4,2,4,0
2024-04-06,Dress,153,471,20,3.2843897034102536,254,3.5437546454678968,90867,4,2,5,0
2024-04-06,T-Shirt,190,1346,10,9.112447869777414,537,4.096754938253236,30242,4,2,5,0
2024-04-06,Sweater,83,278,0,7.849071311458529,852,4.453165468489284,8696,4,2,5,0
2024-04-06,Jacket,152,867,0,8.087941772729014,215,4.079484759614699,87612,4,2,5,0
2024-04-06,Pants,140,1255,30,8.625445009496733,868,3.7873894186022388,35099,4,2,5,0
2024-04-07,Dress,165,1439,20,2.9876750466670803,204,3.8430416141005472,96328,4,2,6,0
2024-04-07,T-Shirt,194,1451,10,7.115949344205175,832,4.147070973161112,61575,4,2,6,0
2024-04-07,Sweater,188,973,20,4.847516481953005,687,4.638164380635988,71668,4,2,6,0
2024-04-07,Jacket,96,476,10,9.033024047378271,504,4.644662545401962,48798,4,2,6,0
2024-04-07,Pants,155,233,10,2.8421209815155555,320,3.8829636147558975,47351,4,2,6,0
2024-04-08,Dress,196,261,30,6.724382219019715,574,3.6035113889192245,87190,4,2,0,0
2024-04-08,T-Shirt,178,856,20,8.522433351194644,288,4.590123836252295,52068,4,2,0,0
2024-04-08,Sweater,73,685,10,8.42309070650008,389,4.813824625275585,11614,4,2,0,0
2024-04-08,Jacket,165,428,40,1.3381398135901663,353,4.320050780835152,42544,4,2,0,0
2024-04-08,Pants,106,849,40,7.508154464942987,779,3.8391879968745077,90076,4,2,0,0
2024-04-09,Dress,110,361,20,8.944609426060797,441,4.594017191131995,82787,4,2,1,0
2024-04-09,T-Shirt,125,1211,20,6.967424726230802,850,4.123915856872783,27412,4,2,1,0
2024-04-09,Sweater,136,455,40,7.413591997886615,510,3.9071578664513003,94272,4,2,1,0
2024-04-09,Jacket,175,645,20,9.995895268471848,839,4.977287604143713,32127,4,2,1,0
2024-04-09,Pants,71,362,40,2.346413045742573,371,3.617683724475686,15014,4,2,1,0
2024-04-10,Dress,81,592,10,8.025685456830015,620,3.903270113679265,74087,4,2,2,0
2024-04-10,T-Shirt,59,875,0,4.255392293736225,659,3.944839868308896,37920,4,2,2,0
2024-04-10,Sweater,172,1066,40,1.9226436765982702,932,4.562734546239196,7610,4,2,2,0
2024-04-10,Jacket,85,1254,0,5.039322811719454,293,4.545814072864455,12263,4,2,2,0
2024-04-10,Pants,172,1371,0,2.098274448896638,477,4.593471592483724,24873,4,2,2,0
2024-04-11,Dress,122,1314,30,9.806729215502266,614,3.678311586765608,46520,4,2,3,0
2024-04-11,T-Shirt,125,324,40,9.523816003976671,164,3.967976030489628,80225,4,2,3,0
2024-04-11,Sweater,64,1273,30,4.459195346717214,950,4.67325689463687,23919,4,2,3,0
2024-04-11,Jacket,127,975,0,9.732313987534514,800,3.646271488461346,93791,4,2,3,0
2024-04-11,Pants,108,1074,20,7.355738646670228,267,3.577503082486942,23624,4,2,3,0
2024-04-12,Dress,76,539,40,9.653620050847763,582,4.92870067503177,57815,4,2,4,0
2024-04-12,T-Shirt,172,1262,30,7.094371712119063,527,3.9350682979436553,69887,4,2,4,0
2024-04-12,Sweater,71,1032,0,8.170132574722352,618,3.969294741282695,16889,4,2,4,0
2024-04-12,Jacket,65,1164,20,6.6519404434368825,599,4.5110298785881895,77827,4,2,4,0
2024-04-12,Pants,162,1185,40,3.760989395699271,382,4.1174831906850535,24552,4,2,4,0
2024-04-13,Dress,54,718,30,4.640746470164827,217,3.870697331992088,90024,4,2,5,0
2024-04-13,T-Shirt,111,199,0,7.168994948997113,296,3.608166639394153,82789,4,2,5,0
2024-04-13,Sweater,96,601,0,6.775609575687024,793,4.600230119738156,50270,4,2,5,0
2024-04-13,Jacket,63,364,20,8.067419303644137,576,3.6520593463297386,94116,4,2,5,0
2024-04-13,Pants,73,487,10,9.232580034608532,491,3.601253820025733,60312,4,2,5,0
2024-04-14,Dress,115,667,10,2.019731542547178,417,4.33324313615879,19256,4,2,6,0
2024-04-14,T-Shirt,120,1168,20,2.847996448361198,444,4.610242053142194,76291,4,2,6,0
2024-04-14,Sweater,73,735,10,6.432734805034376,394,3.7581659042341666,72054,4,2,6,0
2024-04-14,Jacket,69,702,30,6.391401284353434,695,3.6381428798493536,21193,4,2,6,0
2024-04-14,Pants,102,951,20,4.35933833016483,382,4.514039432078821,99767,4,2,6,0
2024-04-15,Dress,119,894,20,3.439866283876592,607,3.5030277766223508,45387,4,2,0,0
2024-04-15,T-Shirt,114,744,10,5.04176270509852,920,4.91710438817462,7994,4,2,0,0
2024-04-15,Sweater,97,1066,20,7.950709136488086,967,4.55170939162621,60276,4,2,0,0
2024-04-15,Jacket,77,1030,40,6.246334511238368,916,4.3129851123346485,70618,4,2,0,0
2024-04-15,Pants,178,1246,40,6.555241187638531,899,3.8220017959588053,75821,4,2,0,0
2024-04-16,Dress,194,991,10,7.685424774156846,789,3.6389382245770507,12674,4,2,1,0
2024-04-16,T-Shirt,134,1300,0,4.90618875437883,370,4.725878467050232,7426,4,2,1,0
2024-04-16,Sweater,122,1064,30,6.519625163986412,476,4.506013288073488,9017,4,2,1,0
2024-04-16,Jacket,88,518,40,8.897230419890338,579,4.867281939987975,65128,4,2,1,0
2024-04-16,Pants,159,218,20,3.2280379325189776,395,4.032291246119222,32586,4,2,1,0
2024-04-17,Dress,111,1487,0,7.055845017382718,437,4.058300587737829,96785,4,2,2,0
2024-04-17,T-Shirt,131,788,20,5.441508929389674,418,4.316380949170546,81162,4,2,2,0
2024-04-17,Sweater,151,982,20,5.693041217501921,790,4.656113796358327,28248,4,2,2,0
2024-04-17,Jacket,122,658,20,5.84498748930142,468,4.797790021096716,24296,4,2,2,0
2024-04-17,Pants,86,798,10,8.086483240770995,952,4.117009199748716,25025,4,2,2,0
2024-04-18,Dress,156,272,30,8.502788207295627,779,4.163818272222119,43506,4,2,3,0
2024-04-18,T-Shirt,86,241,10,8.422689136123068,761,4.677646571143562,12352,4,2,3,0
2024-04-18,Sweater,53,1387,40,5.225729878394764,187,4.890665943287641,73814,4,2,3,0
2024-04-18,Jacket,178,972,20,4.687039480383934,853,4.113165891843698,72173,4,2,3,0
2024-04-18,Pants,87,1157,40,1.634427510788302,813,4.913796961280175,54393,4,2,3,0
2024-04-19,Dress,158,452,30,5.015810988797893,168,3.5119466071181766,7187,4,2,4,0
2024-04-19,T-Shirt,76,461,10,5.819984333917053,376,4.613796249260632,31489,4,2,4,0
2024-04-19,Sweater,101,302,40,3.770162485126711,643,4.713986597427894,53516,4,2,4,0
2024-04-19,Jacket,85,771,10,4.361681592097188,413,4.91168121880051,35816,4,2,4,0
2024-04-19,Pants,162,1386,40,4.534576689442746,208,4.25469870882731,71197,4,2,4,0
2024-04-20,Dress,167,410,10,8.959388923206742,175,4.7881464190242085,21322,4,2,5,0
2024-04-20,T-Shirt,106,1044,0,2.4432886550776884,776,4.11664041332066,28199,4,2,5,0
2024-04-20,Sweater,95,644,40,2.487560411286617,715,4.7944585984804435,46605,4,2,5,0
2024-04-20,Jacket,157,1191,0,4.107069583029752,737,3.748622265447831,77617,4,2,5,0
2024-04-20,Pants,171,1169,20,3.0012517427335323,812,3.8178414956601636,97365,4,2,5,0
2024-04-21,Dress,96,907,20,4.021064497351537,481,4.939794204070183,48370,4,2,6,0
2024-04-21,T-Shirt,186,1348,0,4.8604990008712985,118,4.518467739557063,13640,4,2,6,0
2024-04-21,Sweater,147,290,0,6.682770290965387,338,3.673091963268376,76088,4,2,6,0
2024-04-21,Jacket,113,1490,40,4.951860087257456,955,4.538110470536553,66510,4,2,6,0
2024-04-21,Pants,62,1498,10,9.061072998569008,106,4.65948008195838,95932,4,2,6,0
2024-04-22,Dress,111,678,20,1.6214131568313976,864,4.112178585238885,41468,4,2,0,0
2024-04-22,T-Shirt,75,1317,0,7.581848677329666,172,4.303484899021368,38272,4,2,0,0
2024-04-22,Sweater,135,485,0,5.365851939815862,729,4.687337303887055,5717,4,2,0,0
2024-04-22,Jacket,132,808,10,4.641117907636157,882,4.199464634210255,74300,4,2,0,0
2024-04-22,Pants,79,206,10,9.115966256916058,659,3.811934538934085,7581,4,2,0,0
2024-04-23,Dress,55,865,0,7.687733856682421,434,3.599847091871334,16064,4,2,1,0
2024-04-23,T-Shirt,98,834,10,4.379220356198504,656,4.983826630936625,54683,4,2,1,0
2024-04-23,Sweater,172,472,20,1.630031609197592,305,4.058799910639326,84930,4,2,1,0
2024-04-23,Jacket,111,793,20,4.325337406282422,942,4.485094227082412,13026,4,2,1,0
2024-04-23,Pants,179,1235,0,4.359170407413105,770,4.706741963647733,60612,4,2,1,0
2024-04-24,Dress,97,1309,0,6.253422289582275,968,4.281609785762582,64197,4,2,2,0
2024-04-24,T-Shirt,88,1487,30,2.262920663741635,584,3.8108634496533176,46003,4,2,2,0
2024-04-24,Sweater,78,720,30,2.754776799102603,319,4.086132728494456,82241,4,2,2,0
2024-04-24,Jacket,194,876,20,4.898468001836497,957,4.833691885910015,49516,4,2,2,0
2024-04-24,Pants,111,1087,30,5.265290981044925,368,4.5691665143252465,56727,4,2,2,0
2024-04-25,Dress,57,765,20,2.6683550117426034,336,3.8223689555545937,72165,4,2,3,0
2024-04-25,T-Shirt,187,449,20,2.691283427337907,692,4.377002135248738,65593,4,2,3,0
2024-04-25,Sweater,189,520,10,5.056986554977274,417,4.694362175812053,21767,4,2,3,0
2024-04-25,Jacket,111,654,20,9.451616315052624,321,3.8375628142563083,36709,4,2,3,0
2024-04-25,Pants,198,1072,30,8.413906562192107,685,4.492953417190803,48395,4,2,3,0
2024-04-26,Dress,72,1036,30,7.962963084060992,439,4.052520820691527,20899,4,2,4,0
2024-04-26,T-Shirt,185,918,40,3.3361880434754427,169,4.122861458501061,30183,4,2,4,0
2024-04-26,Sweater,128,977,10,8.053951501155243,316,4.846878780436499,49535,4,2,4,0
2024-04-26,Jacket,153,226,10,8.60384212979706,430,4.719070429839594,91908,4,2,4,0
2024-04-26,Pants,87,837,20,9.990033508299616,398,4.900356625186472,79842,4,2,4,0
2024-04-27,Dress,110,607,20,9.978654676619408,774,4.356743447933542,65815,4,2,5,0
2024-04-27,T-Shirt,62,952,30,9.025397786824714,598,4.109017702559166,19334,4,2,5,0
2024-04-27,Sweater,97,650,20,1.1416862169610928,514,4.6465300796546405,57656,4,2,5,0
2024-04-27,Jacket,149,356,20,1.04811544768928,614,4.436921072171797,98308,4,2,5,0
2024-04-27,Pants,187,488,0,1.6239549734898828,640,4.635095250602852,15922,4,2,5,0
2024-04-28,Dress,123,722,20,6.209561512320333,147,4.395277815331639,92959,4,2,6,0
2024-04-28,T-Shirt,188,1143,30,5.749097195995255,414,4.203927840988685,27164,4,2,6,0
2024-04-28,Sweater,61,1286,10,7.4359014515533,113,3.5800219954833468,99090,4,2,6,0
2024-04-28,Jacket,195,1328,10,1.990569557810037,174,3.7510355483551714,41182,4,2,6,0
2024-04-28,Pants,108,1006,0,1.6282058915316604,950,4.621691524639059,77518,4,2,6,0
2024-04-29,Dress,53,342,30,1.3810805089514546,853,4.501640887404729,64821,4,2,0,0
2024-04-29,T-Shirt,191,583,0,6.487276826373543,142,4.180368499884251,39087,4,2,0,0
2024-04-29,Sweater,167,681,20,6.751289430234287,189,4.102830799836095,24404,4,2,0,0
2024-04-29,Jacket,115,954,0,3.493112718933809,903,3.6178367463855907,29519,4,2,0,0
2024-04-29,Pants,157,1323,30,1.2856938883568976,395,3.8461919808897975,26119,4,2,0,0
2024-04-30,Dress,133,777,20,2.901086483256379,144,4.964280462482126,59199,4,2,1,0
2024-04-30,T-Shirt,137,1429,0,9.975141099132424,311,3.8243405136916695,87384,4,2,1,0
2024-04-30,Sweater,168,974,40,1.561546617384495,375,4.0212606236377715,10750,4,2,1,0
2024-04-30,Jacket,61,1094,0,8.672926791213735,449,3.959077195284182,39314,4,2,1,0
2024-04-30,Pants,147,1244,30,2.5130631555936627,862,4.203660816571368,37101,4,2,1,0
2024-05-01,Dress,298,713,40,5.768931349796736,904,4.638938760377711,84655,5,2,2,1
2024-05-01,T-Shirt,240,385,20,3.936285262370321,192,3.848758988311747,47043,5,2,2,1
2024-05-01,Sweater,187,188,30,4.1978777362649895,736,3.95371854375189,9131,5,2,2,0
2024-05-01,Jacket,150,1259,30,2.3222973122539368,265,4.796988382787211,82694,5,2,2,0
2024-05-01,Pants,169,939,10,8.463828107131835,110,4.345112546725781,15335,5,2,2,0
2024-05-02,Dress,178,1301,20,1.028268154433099,927,4.231751477816019,24520,5,2,3,0
2024-05-02,T-Shirt,240,255,40,4.76746547426497,876,3.786088981386342,75744,5,2,3,1
2024-05-02,Sweater,67,1121,0,8.759826762923698,370,3.5674421623873265,63870,5,2,3,0
2024-05-02,Jacket,62,998,0,9.463772865706723,317,3.792749775827976,59353,5,2,3,0
2024-05-02,Pants,126,350,30,5.3486277698230165,310,4.487123877123786,36480,5,2,3,0
2024-05-03,Dress,194,1061,30,4.745308308765461,323,3.6890030417959916,39700,5,2,4,0
2024-05-03,T-Shirt,318,1402,20,7.626158291204498,287,4.234436693075367,6630,5,2,4,1
2024-05-03,Sweater,103,1305,30,5.973960409990734,892,4.612403929177678,85357,5,2,4,0
2024-05-03,Jacket,169,369,40,3.5077875680353277,511,4.236147510068541,11901,5,2,4,0
2024-05-03,Pants,199,757,40,6.18952606416746,346,4.356890704905646,30805,5,2,4,1
2024-05-04,Dress,259,1055,20,9.045866845422648,175,4.335177366392282,54500,5,2,5,1
2024-05-04,T-Shirt,259,457,0,1.2271361126343778,386,3.8273113018282583,81537,5,2,5,1
2024-05-04,Sweater,133,532,30,1.005880516851696,738,4.400422190792056,78648,5,2,5,0
2024-05-04,Jacket,69,649,40,3.0885016573104043,580,4.331506211510518,56148,5,2,5,0
2024-05-04,Pants,66,1231,10,9.536526488963753,378,3.937191370240691,96911,5,2,5,0
2024-05-05,Dress,277,1284,20,6.309530945216279,328,4.199449119409728,76128,5,2,6,1
2024-05-05,T-Shirt,146,907,10,5.616299482972892,385,4.999336554875658,44519,5,2,6,0
2024-05-05,Sweater,143,930,20,1.274173176780641,760,3.568178750653694,98095,5,2,6,0
2024-05-05,Jacket,165,292,0,5.214971673404321,463,4.2519134669385945,52574,5,2,6,0
2024-05-05,Pants,177,1075,0,8.676837957975323,748,4.758770592470448,24456,5,2,6,0
2024-05-06,Dress,271,1271,0,4.024063530910979,239,4.586897430271444,94037,5,2,0,1
2024-05-06,T-Shirt,336,1363,30,4.417763706273857,331,3.7997619069229094,63226,5,2,0,1
2024-05-06,Sweater,188,764,20,6.863641149960031,580,3.855399987359973,80476,5,2,0,0
2024-05-06,Jacket,134,573,10,3.8624461529582685,592,4.740287841459129,75453,5,2,0,0
2024-05-06,Pants,164,288,0,3.9898501385258944,549,4.50180186005122,39642,5,2,0,0
2024-05-07,Dress,259,422,20,2.7307890643026473,127,4.772163852523445,81918,5,2,1,1
2024-05-07,T-Shirt,233,1391,0,3.5345443789506854,157,4.183428734655878,61889,5,2,1,1
2024-05-07,Sweater,81,1126,0,4.121973787279471,799,4.9851632691302985,92225,5,2,1,0
2024-05-07,Jacket,148,945,0,1.80090743370712,915,4.751857685383442,60755,5,2,1,0
2024-05-07,Pants,163,1049,30,2.483962989086246,466,3.744186483809344,8358,5,2,1,0
2024-05-08,Dress,261,898,0,9.219094123793107,678,3.8699879237081096,60805,5,2,2,1
2024-05-08,T-Shirt,319,1455,30,7.784812744389217,109,3.7657887515167867,74783,5,2,2,1
2024-05-08,Sweater,54,1368,10,9.47379619255997,212,3.510316943329474,66899,5,2,2,0
2024-05-08,Jacket,154,1455,10,8.705192491123691,533,4.843344272197758,25566,5,2,2,0
2024-05-08,Pants,161,278,0,7.5674071584768,998,4.013161431295391,34523,5,2,2,0
2024-05-09,Dress,330,595,40,5.7830942277037485,393,4.523229742342453,45953,5,2,3,1
2024-05-09,T-Shirt,290,1124,0,2.4796497617099087,988,4.085180352032509,40440,5,2,3,1
2024-05-09,Sweater,156,1285,30,7.597000965003609,190,4.897332371464222,18026,5,2,3,0
2024-05-09,Jacket,153,341,20,4.697713826564469,237,3.990192058786666,38776,5,2,3,0
2024-05-09,Pants,110,341,40,1.8886348619439928,792,4.1959725472503315,25922,5,2,3,0
2024-05-10,Dress,323,1370,0,9.06128166879435,613,4.608300015699549,19011,5,2,4,1
2024-05-10,T-Shirt,209,257,30,8.857979584878048,816,4.351961445974121,11078,5,2,4,1
2024-05-10,Sweater,174,881,10,8.142135890849215,714,4.954585449196966,93020,5,2,4,0
2024-05-10,Jacket,80,1006,30,5.712278366993076,377,3.8397824390541584,80886,5,2,4,0
2024-05-10,Pants,178,910,10,4.232878722844213,504,4.617769243054422,48618,5,2,4,0
2024-05-11,Dress,198,678,10,2.404322302059792,265,4.200039681326612,71125,5,2,5,0
2024-05-11,T-Shirt,169,515,40,6.188251938019786,608,4.0769166139681525,80504,5,2,5,0
2024-05-11,Sweater,109,155,40,9.40374480701323,916,4.131141802648889,27553,5,2,5,0
2024-05-11,Jacket,96,1178,10,4.669732945024591,809,4.4812402314291475,34425,5,2,5,0
2024-05-11,Pants,195,934,0,7.4327794879955125,112,3.835973818797622,34227,5,2,5,0
2024-05-12,Dress,262,168,20,1.3963634144961796,518,3.615204572471632,97050,5,2,6,1
2024-05-12,T-Shirt,376,271,30,8.332039042389903,416,4.157265074999533,55225,5,2,6,1
2024-05-12,Sweater,114,504,30,4.718552654869476,925,4.306674402112065,44791,5,2,6,0
2024-05-12,Jacket,117,957,20,1.262396674198801,289,3.734425564324664,96419,5,2,6,0
2024-05-12,Pants,145,386,10,6.0133646194753165,857,3.976542046320743,74390,5,2,6,0
2024-05-13,Dress,239,732,30,9.247784900788597,224,4.444730981652062,58218,5,2,0,1
2024-05-13,T-Shirt,232,1403,10,1.3874716244410172,984,4.142686855773193,93635,5,2,0,1
2024-05-13,Sweater,147,320,40,6.922494854750987,449,4.310444797685461,6657,5,2,0,0
2024-05-13,Jacket,157,1177,40,9.235546592655002,387,4.150655849027026,98966,5,2,0,0
2024-05-13,Pants,171,757,0,3.7762145334053563,311,3.822806719599789,77055,5,2,0,0
2024-05-14,Dress,314,984,10,1.057411390659316,500,4.545042667155123,26438,5,2,1,1
2024-05-14,T-Shirt,250,1128,40,8.714724913536298,603,4.708145064568969,45469,5,2,1,1
2024-05-14,Sweater,199,908,20,5.089628390319575,614,4.996434233377078,7123,5,2,1,1
2024-05-14,Jacket,136,1443,0,4.878855117287398,350,4.907794675209695,6814,5,2,1,0
2024-05-14,Pants,132,274,40,3.764947753191438,355,4.875413072301374,68768,5,2,1,0
2024-05-15,Dress,265,867,10,1.7571489603344457,413,4.010817253219845,11782,5,2,2,1
2024-05-15,T-Shirt,231,265,10,1.6912669696235314,558,3.5355616304667774,77084,5,2,2,1
2024-05-15,Sweater,184,652,0,3.083276923887683,675,3.916578631026266,52224,5,2,2,0
2024-05-15,Jacket,91,1127,20,1.3545265032353746,340,3.5145303241114516,66922,5,2,2,0
2024-05-15,Pants,139,805,0,8.086347623343457,530,3.8718100380926357,21459,5,2,2,0
2024-05-16,Dress,209,1148,10,1.5569713151242772,382,4.349107469672248,84943,5,2,3,1
2024-05-16,T-Shirt,198,724,30,4.835091141570077,865,3.745004972133586,51142,5,2,3,0
2024-05-16,Sweater,169,1130,40,1.8092462037373207,903,4.175087959139338,96996,5,2,3,0
2024-05-16,Jacket,125,1075,10,6.965166467887495,279,4.238803071071434,93860,5,2,3,0
2024-05-16,Pants,192,377,30,2.452306225495448,717,3.812882551611576,27692,5,2,3,0
2024-05-17,Dress,210,1161,40,2.343245227673265,937,4.019838139724821,8969,5,2,4,1
2024-05-17,T-Shirt,374,933,10,1.5101238894925186,967,4.377257947533323,39578,5,2,4,1
2024-05-17,Sweater,83,802,20,6.773540331306266,320,4.017226411619255,5691,5,2,4,0
2024-05-17,Jacket,160,1081,0,3.0699437856691647,649,3.860797377770223,93302,5,2,4,0
2024-05-17,Pants,128,590,30,7.057829178200953,487,3.65838731896496,33164,5,2,4,0
2024-05-18,Dress,363,787,20,4.2442705462739845,935,3.9059659129726487,44560,5,2,5,1
2024-05-18,T-Shirt,329,284,30,9.795519393098026,577,4.027707509615529,82986,5,2,5,1
2024-05-18,Sweater,134,1362,20,9.866570995816073,387,4.4290849540497526,6161,5,2,5,0
2024-05-18,Jacket,179,343,30,6.9882868757701395,963,4.775861792022674,94389,5,2,5,0
2024-05-18,Pants,156,1261,0,2.1625700071879934,440,4.669275052136095,49910,5,2,5,0
2024-05-19,Dress,190,756,0,9.009220387265762,447,3.7925134706579238,99171,5,2,6,0
2024-05-19,T-Shirt,305,1281,20,2.1335967674142244,395,3.639907170167255,78034,5,2,6,1
2024-05-19,Sweater,61,344,10,9.006189564974429,281,4.40472518018442,34327,5,2,6,0
2024-05-19,Jacket,179,1489,30,3.4833042494249216,892,3.527579213227396,75409,5,2,6,0
2024-05-19,Pants,91,957,0,6.627971529590085,460,4.478353029698662,56502,5,2,6,0
2024-05-20,Dress,207,617,10,1.4049713911188193,652,4.995363827884033,53287,5,2,0,1
2024-05-20,T-Shirt,283,161,0,5.188032405455375,300,4.43409842343925,74345,5,2,0,1
2024-05-20,Sweater,69,1212,30,7.99709920464147,534,4.322217804092033,68477,5,2,0,0
2024-05-20,Jacket,179,718,10,1.4537509624198828,623,4.388025264183594,37083,5,2,0,0
2024-05-20,Pants,174,1020,40,1.6245467731376504,945,4.759730528305233,64095,5,2,0,0
2024-05-21,Dress,304,1301,10,4.65931483623525,553,4.572078250253054,84267,5,2,1,1
2024-05-21,T-Shirt,228,788,40,9.102377000818633,828,3.961829573024374,32564,5,2,1,1
2024-05-21,Sweater,197,443,20,3.2827199996263445,976,3.907931839097298,10060,5,2,1,0
2024-05-21,Jacket,198,1277,20,6.341152444342514,817,4.593167081675971,63255,5,2,1,0
2024-05-21,Pants,130,1154,40,4.084578328851165,899,4.720151723486396,30256,5,2,1,0
2024-05-22,Dress,226,759,40,1.9309070337443504,471,4.467354357938534,61063,5,2,2,1
2024-05-22,T-Shirt,329,996,20,1.0002764696084419,386,3.9840898590899574,25955,5,2,2,1
2024-05-22,Sweater,132,1283,40,9.61868481645329,390,4.848181834606022,53924,5,2,2,0
2024-05-22,Jacket,119,986,30,3.0315495145521467,171,3.642447912842565,37467,5,2,2,0
2024-05-22,Pants,136,757,20,8.46750579689462,665,4.166155335359928,54052,5,2,2,0
2024-05-23,Dress,272,677,20,9.021863857242689,292,3.980040974843588,94524,5,2,3,1
2024-05-23,T-Shirt,240,855,40,8.736007572261432,107,3.972859151974176,7994,5,2,3,1
2024-05-23,Sweater,180,337,20,6.999553763914351,463,4.540133192084463,88564,5,2,3,0
2024-05-23,Jacket,69,1246,30,4.833439376202455,886,4.595373784294357,11828,5,2,3,0
2024-05-23,Pants,190,337,0,3.560872471092404,151,4.238081734073601,66269,5,2,3,0
2024-05-24,Dress,254,1373,10,5.712072215768702,726,4.217736605160784,61396,5,2,4,1
2024-05-24,T-Shirt,285,589,20,8.491754650692275,534,4.378381525808919,17254,5,2,4,1
2024-05-24,Sweater,60,815,10,8.380607518500845,905,4.284819582456312,47431,5,2,4,0
2024-05-24,Jacket,183,1091,30,3.769938147638342,319,4.846902940165606,84079,5,2,4,0
2024-05-24,Pants,121,201,20,9.169618898597614,423,3.7849042046863413,78369,5,2,4,0
2024-05-25,Dress,242,195,40,3.841958361245464,988,4.962769963963263,62724,5,2,5,1
2024-05-25,T-Shirt,300,265,30,4.563435035763549,404,4.514157538721528,84481,5,2,5,1
2024-05-25,Sweater,60,1388,40,2.084026059969089,639,4.369596749201288,62656,5,2,5,0
2024-05-25,Jacket,75,1070,40,4.0537474057861065,263,3.7490787822223046,41386,5,2,5,0
2024-05-25,Pants,79,497,0,1.9570356761340446,849,4.032092835095319,40932,5,2,5,0
2024-05-26,Dress,296,1096,10,6.525815106460544,280,4.163050131396686,46203,5,2,6,1
2024-05-26,T-Shirt,279,366,10,7.574432297340694,948,4.931848893288216,22576,5,2,6,1
2024-05-26,Sweater,123,799,0,6.416260605509025,480,3.666813121007328,27490,5,2,6,0
2024-05-26,Jacket,101,822,0,2.462841887218371,287,3.7439912226582277,96024,5,2,6,0
2024-05-26,Pants,181,576,10,2.9342487824804726,170,4.392844599079102,74922,5,2,6,0
2024-05-27,Dress,160,441,10,5.769733069192785,910,4.3487758404698695,66816,5,2,0,0
2024-05-27,T-Shirt,302,657,40,2.2912251131621804,658,4.804906749346534,35979,5,2,0,1
2024-05-27,Sweater,66,453,10,5.229238348302358,588,4.742658006408487,78373,5,2,0,0
2024-05-27,Jacket,71,1376,10,6.67083814175497,321,4.039691140317949,5692,5,2,0,0
2024-05-27,Pants,50,532,10,9.889745851892696,189,3.7657302848339382,91597,5,2,0,0
2024-05-28,Dress,244,747,20,5.646549692779066,706,4.9934567503922125,45696,5,2,1,1
2024-05-28,T-Shirt,235,1402,30,9.55479538858968,254,4.012770928247138,22653,5,2,1,1
2024-05-28,Sweater,198,993,40,3.5230127729627125,801,4.027313390074547,27195,5,2,1,0
2024-05-28,Jacket,166,321,10,6.395150256928449,782,4.188997161200814,96321,5,2,1,0
2024-05-28,Pants,157,527,20,8.437067298551682,821,3.896707725000786,34793,5,2,1,0
2024-05-29,Dress,309,171,10,8.433390776950146,233,4.1991744389877335,60798,5,2,2,1
2024-05-29,T-Shirt,268,293,30,4.73612445581249,278,4.438476184140915,62608,5,2,2,1
2024-05-29,Sweater,199,565,40,6.439233877432939,653,3.9250461033366775,82242,5,2,2,1
2024-05-29,Jacket,123,1424,10,1.7209515394864203,222,3.74505013759763,51418,5,2,2,0
2024-05-29,Pants,59,497,40,4.480363513395801,617,4.077653904234545,41133,5,2,2,0
2024-05-30,Dress,298,1320,20,4.445056903627365,221,3.7179900386307563,92939,5,2,3,1
2024-05-30,T-Shirt,280,706,40,9.95123790131734,108,4.33681051349011,61652,5,2,3,1
2024-05-30,Sweater,120,164,10,2.66749165300186,507,4.287349980088758,96563,5,2,3,0
2024-05-30,Jacket,50,415,20,6.302931529130699,811,3.9449187232356397,41824,5,2,3,0
2024-05-30,Pants,99,161,0,2.142499723794754,765,4.6351371353703925,74453,5,2,3,0
2024-05-31,Dress,272,320,40,9.540826003423012,629,4.892077625343273,70066,5,2,4,1
2024-05-31,T-Shirt,234,807,20,1.0376869926516208,540,3.5831238326633668,6079,5,2,4,1
2024-05-31,Sweater,160,286,30,6.21657187505323,167,3.7656233830959347,26473,5,2,4,0
2024-05-31,Jacket,116,1071,40,3.1323159450705114,636,3.5764623155336634,30425,5,2,4,0
2024-05-31,Pants,160,999,10,6.289273164587914,912,4.212634809300152,47814,5,2,4,0
2024-06-01,Dress,281,1287,0,6.827121466709913,246,4.988771930242957,43196,6,2,5,1
2024-06-01,T-Shirt,168,523,40,3.0219165787758997,332,4.446076166737894,48894,6,2,5,0
2024-06-01,Sweater,68,225,30,4.780099038660966,798,4.058180322862548,18851,6,2,5,0
2024-06-01,Jacket,172,841,40,2.6310300494473857,136,4.5380758295596175,18921,6,2,5,0
2024-06-01,Pants,176,1341,40,6.567492601845451,409,3.5887656077953127,93603,6,2,5,0
2024-06-02,Dress,246,385,40,4.90646958472861,184,4.9872991637410795,15304,6,2,6,1
2024-06-02,T-Shirt,285,776,20,7.306529691558374,451,4.03671687400339,5490,6,2,6,1
2024-06-02,Sweater,195,1398,40,5.2456585376659515,958,4.355430408097086,8159,6,2,6,0
2024-06-02,Jacket,164,1476,20,4.193486699888464,149,3.564972909881468,34320,6,2,6,0
2024-06-02,Pants,158,682,10,5.618575740538323,912,4.232266512966221,19678,6,2,6,0
2024-06-03,Dress,368,177,0,2.644760493886923,157,3.509696536684566,56448,6,2,0,1
2024-06-03,T-Shirt,172,1248,10,9.473268137554589,602,4.36077589696254,88168,6,2,0,0
2024-06-03,Sweater,68,295,0,4.2548238535694,443,4.282065532210612,27499,6,2,0,0
2024-06-03,Jacket,175,640,10,9.015926099156582,837,4.440452651793075,68382,6,2,0,0
2024-06-03,Pants,74,677,20,3.3016933139347033,141,3.7711777258435695,88791,6,2,0,0
2024-06-04,Dress,287,494,40,6.3464451901013,120,4.1397496208627915,19175,6,2,1,1
2024-06-04,T-Shirt,281,700,10,7.954038893153499,855,4.368466469831218,97759,6,2,1,1
2024-06-04,Sweater,174,628,30,6.8444093821296015,620,3.963203413024423,76833,6,2,1,0
2024-06-04,Jacket,181,1382,20,6.016644678827685,168,4.187777843280523,71323,6,2,1,0
2024-06-04,Pants,128,772,10,8.34471138109016,871,4.995424126117505,20689,6,2,1,0
2024-06-05,Dress,231,216,0,2.238667609585252,366,3.830976589432623,16772,6,2,2,1
2024-06-05,T-Shirt,183,1337,40,7.074038827487393,173,4.867588815369164,29648,6,2,2,0
2024-06-05,Sweater,101,348,10,7.124315162719366,671,3.814535416145301,64199,6,2,2,0
2024-06-05,Jacket,134,1324,40,3.7304698926621986,278,4.829432324683577,22118,6,2,2,0
2024-06-05,Pants,138,948,10,3.957023348972186,282,3.696075985384636,77833,6,2,2,0
2024-06-06,Dress,233,1279,20,3.8097076291221645,693,3.8098715243326713,20187,6,2,3,1
2024-06-06,T-Shirt,280,1105,20,5.710664665607247,417,4.675080829993758,56415,6,2,3,1
2024-06-06,Sweater,154,473,0,3.913577430493813,646,4.769186315795348,61240,6,2,3,0
2024-06-06,Jacket,151,616,0,1.561881945500023,210,3.9011229177081614,59962,6,2,3,0
2024-06-06,Pants,121,744,10,5.913311799781,272,4.788047181866861,86417,6,2,3,0
2024-06-07,Dress,198,667,10,9.505216581225119,384,3.9922401085304116,6462,6,2,4,0
2024-06-07,T-Shirt,255,1325,20,5.595133678556532,214,3.9590707493431574,18386,6,2,4,1
2024-06-07,Sweater,127,1096,10,1.7582983967617416,665,4.4934706080960805,9922,6,2,4,0
2024-06-07,Jacket,121,328,30,3.6049680547138743,825,4.787759681827332,20240,6,2,4,0
2024-06-07,Pants,158,818,30,6.624817735384317,486,3.7532876950555925,71151,6,2,4,0
2024-06-08,Dress,162,150,20,2.959412616803364,271,3.791802549752726,75474,6,2,5,0
2024-06-08,T-Shirt,203,839,30,6.200451743602922,798,4.406469473360479,98922,6,2,5,1
2024-06-08,Sweater,182,373,20,7.384499396419476,545,4.103335602270668,45205,6,2,5,0
2024-06-08,Jacket,161,1426,40,4.266845563634845,884,3.9563627957407936,52766,6,2,5,0
2024-06-08,Pants,131,1223,10,1.4247703152764108,681,4.024694092711388,42425,6,2,5,0
2024-06-09,Dress,172,536,40,3.6844520881071046,587,4.089682697310619,15143,6,2,6,0
2024-06-09,T-Shirt,257,1174,10,4.32222574428284,335,4.291345473499129,28649,6,2,6,1
2024-06-09,Sweater,131,651,40,1.2994117405242258,803,4.2616367572828535,26029,6,2,6,0
2024-06-09,Jacket,63,541,20,3.2497560178194673,308,4.176899921109672,20960,6,2,6,0
2024-06-09,Pants,105,1267,40,5.21182416230239,544,4.677595881569647,19626,6,2,6,0
2024-06-10,Dress,194,783,0,2.236255713718068,947,3.884970810779144,41993,6,2,0,0
2024-06-10,T-Shirt,345,1011,0,9.961610068461907,424,3.889404925562718,72087,6,2,0,1
2024-06-10,Sweater,100,1338,0,4.768256289949158,796,3.6581079289342506,94962,6,2,0,0
2024-06-10,Jacket,149,981,10,2.5103313608142575,521,4.599288780997746,14824,6,2,0,0
2024-06-10,Pants,67,476,0,3.086571625432538,612,3.6787110079940724,16523,6,2,0,0
2024-06-11,Dress,335,1456,20,7.69625722312909,260,4.578077169893303,38896,6,2,1,1
2024-06-11,T-Shirt,260,951,10,2.70887796186328,155,4.436995961425575,82239,6,2,1,1
2024-06-11,Sweater,67,843,40,7.651822797936577,270,4.513380160351158,62769,6,2,1,0
2024-06-11,Jacket,128,807,20,1.2855024263442805,965,4.191100400362511,47818,6,2,1,0
2024-06-11,Pants,120,397,10,9.882063508494678,395,3.919167960978354,21576,6,2,1,0
2024-06-12,Dress,245,201,10,1.8763020441209899,573,4.01836937880622,67894,6,2,2,1
2024-06-12,T-Shirt,246,840,30,8.447713245584353,939,3.961728725039179,70776,6,2,2,1
2024-06-12,Sweater,162,685,20,4.853396557271079,796,3.9370416092566165,30186,6,2,2,0
2024-06-12,Jacket,111,435,40,8.883144324999051,311,4.711798468525972,63866,6,2,2,0
2024-06-12,Pants,91,759,0,9.580625914438855,211,4.563348669159974,46081,6,2,2,0
2024-06-13,Dress,183,547,0,8.598833777371443,539,3.683746792948984,86463,6,2,3,0
2024-06-13,T-Shirt,266,718,30,1.1868222891156779,213,3.7851931494780584,65892,6,2,3,1
2024-06-13,Sweater,114,328,0,3.2226505029270327,627,3.7532150086768463,5060,6,2,3,0
2024-06-13,Jacket,103,687,30,7.924983214794011,685,4.253698474644148,37016,6,2,3,0
2024-06-13,Pants,170,684,30,6.453335758728226,207,3.933452787381588,44725,6,2,3,0
2024-06-14,Dress,222,476,20,7.308418285161993,533,3.965462723156821,85356,6,2,4,1
2024-06-14,T-Shirt,338,1323,0,6.8098092076947,537,3.67733361810869,40897,6,2,4,1
2024-06-14,Sweater,195,1051,40,2.6736535680167592,634,3.910982149204958,99598,6,2,4,0
2024-06-14,Jacket,128,1217,20,4.1709434882728535,647,3.7686424089922723,30279,6,2,4,0
2024-06-14,Pants,118,1303,10,1.9781428543722286,698,4.4303620314033685,90711,6,2,4,0
2024-06-15,Dress,235,1327,20,6.649019894429278,954,4.449894802414116,68656,6,2,5,1
2024-06-15,T-Shirt,202,1487,10,9.316656899611148,716,4.002183562836018,60565,6,2,5,1
2024-06-15,Sweater,55,1276,10,2.336561034793127,325,4.533215755384981,60421,6,2,5,0
2024-06-15,Jacket,146,223,20,3.137349746524456,781,4.346593070508485,21075,6,2,5,0
2024-06-15,Pants,105,869,0,5.7347426657566265,673,4.735996477819968,76376,6,2,5,0
2024-06-16,Dress,251,647,10,2.621427829593573,391,4.27594022322838,97172,6,2,6,1
2024-06-16,T-Shirt,232,1388,30,1.2281374383754464,546,4.3636787941616175,77394,6,2,6,1
2024-06-16,Sweater,123,686,40,4.243546360487001,216,4.08021086307782,66868,6,2,6,0
2024-06-16,Jacket,137,515,0,1.8078355050414143,328,4.77338580421411,22272,6,2,6,0
2024-06-16,Pants,111,1133,0,4.085550683249057,372,3.74254182991098,56567,6,2,6,0
2024-06-17,Dress,262,1103,20,3.16197489887547,794,3.9235518785639845,95697,6,2,0,1
2024-06-17,T-Shirt,254,423,10,2.4960642584649286,200,4.399059489307979,6552,6,2,0,1
2024-06-17,Sweater,122,1187,0,2.034157090257193,231,4.928093669958504,59675,6,2,0,0
2024-06-17,Jacket,169,708,20,1.4906073469404366,304,3.8855940382838132,45718,6,2,0,0
2024-06-17,Pants,68,1007,30,5.3864599750483855,253,4.0131989001678425,17379,6,2,0,0
2024-06-18,Dress,306,1304,10,9.254985326423766,886,4.353433224922776,52691,6,2,1,1
2024-06-18,T-Shirt,194,1222,10,4.269298165082292,407,4.686926438745026,25085,6,2,1,0
2024-06-18,Sweater,56,1219,30,8.245875808370215,288,4.617237613294869,14344,6,2,1,0
2024-06-18,Jacket,98,1439,10,6.2507936711659156,586,4.0354736442029955,43799,6,2,1,0
2024-06-18,Pants,197,1244,0,2.972134582037208,765,3.806096582819901,50254,6,2,1,0
2024-06-19,Dress,199,873,20,9.70544071333268,864,4.093666519490646,54549,6,2,2,1
2024-06-19,T-Shirt,266,1313,10,5.725444062208462,880,4.427436198132182,40709,6,2,2,1
2024-06-19,Sweater,147,897,10,5.598736687405559,915,3.5014151229014465,88521,6,2,2,0
2024-06-19,Jacket,136,1252,40,6.969796385536018,353,3.707552301332285,44041,6,2,2,0
2024-06-19,Pants,133,1449,20,9.448431718366315,282,4.596875884021062,12489,6,2,2,0
2024-06-20,Dress,306,933,20,4.074770014215416,608,4.273514826615609,6996,6,2,3,1
2024-06-20,T-Shirt,250,1191,30,8.578961762351604,345,4.395968567496068,90042,6,2,3,1
2024-06-20,Sweater,120,629,20,4.060039474539029,254,4.777108621837211,27884,6,2,3,0
2024-06-20,Jacket,97,796,20,7.123459723862699,242,4.1455197985583006,17665,6,2,3,0
2024-06-20,Pants,118,684,40,5.818129912554911,370,3.710820691993314,27469,6,2,3,0
2024-06-21,Dress,171,554,40,8.52877801684813,521,4.7869023709959935,24324,6,2,4,0
2024-06-21,T-Shirt,177,1187,10,9.37148682576295,463,3.6390722162154048,8240,6,2,4,0
2024-06-21,Sweater,59,783,0,2.0917269820498072,834,4.298706361825846,35825,6,2,4,0
2024-06-21,Jacket,134,363,0,9.728369781704062,296,3.686161051570666,73619,6,2,4,0
2024-06-21,Pants,130,479,10,2.6540619859711105,736,4.50002847783877,69952,6,2,4,0
2024-06-22,Dress,267,990,10,5.75790943590348,750,3.704555491201349,71275,6,2,5,1
2024-06-22,T-Shirt,223,361,30,1.7646966090051976,559,4.260028686281004,63095,6,2,5,1
2024-06-22,Sweater,135,385,10,1.6274748325035653,119,4.883967709405358,99342,6,2,5,0
2024-06-22,Jacket,186,1302,10,7.634191725609751,345,4.793734432847451,82909,6,2,5,0
2024-06-22,Pants,93,527,0,6.61167275656739,393,4.227526981286061,68753,6,2,5,0
2024-06-23,Dress,320,1421,40,3.5321555966845746,138,4.2252471276602055,53570,6,2,6,1
2024-06-23,T-Shirt,202,881,0,5.111360241005217,915,3.671355707887094,59857,6,2,6,1
2024-06-23,Sweater,159,1166,30,4.401946347635378,845,4.365211879457384,42706,6,2,6,0
2024-06-23,Jacket,72,887,0,1.4746955694599566,993,4.074324720926275,92838,6,2,6,0
2024-06-23,Pants,113,604,0,8.595941247478223,629,3.6508440981251664,56428,6,2,6,0
2024-06-24,Dress,247,584,10,4.115771980122949,501,3.9986400382615477,56287,6,2,0,1
2024-06-24,T-Shirt,230,458,10,4.638174778963353,276,4.949411446622278,57409,6,2,0,1
2024-06-24,Sweater,62,1215,20,7.166570619500025,961,4.223026009665399,51330,6,2,0,0
2024-06-24,Jacket,103,982,30,9.321776120157729,920,3.6699494065974014,35225,6,2,0,0
2024-06-24,Pants,106,261,40,2.4813934632961727,281,3.874616268844033,64164,6,2,0,0
2024-06-25,Dress,221,765,20,1.921303761248884,354,3.6493695703100433,32594,6,2,1,1
2024-06-25,T-Shirt,264,743,40,8.746010396099965,357,3.515826683675285,76558,6,2,1,1
2024-06-25,Sweater,75,1135,30,2.135037901378695,353,4.649520819656979,64935,6,2,1,0
2024-06-25,Jacket,64,1146,40,6.83814658021628,429,4.57885162856622,26672,6,2,1,0
2024-06-25,Pants,159,1351,10,5.286901169862139,874,4.640600100931223,34087,6,2,1,0
2024-06-26,Dress,242,859,0,2.8813333364733005,719,4.424932967247913,91436,6,2,2,1
2024-06-26,T-Shirt,304,610,20,2.8318138649820677,288,4.978705489175457,75247,6,2,2,1
2024-06-26,Sweater,129,820,40,3.8611420639595524,399,4.1687383247405245,25836,6,2,2,0
2024-06-26,Jacket,146,673,40,9.219067176513434,793,4.431779483291125,87018,6,2,2,0
2024-06-26,Pants,159,1399,40,5.007466222882341,464,4.51492585032876,7637,6,2,2,0
2024-06-27,Dress,245,571,30,6.656519532125835,170,4.55121262700261,90092,6,2,3,1
2024-06-27,T-Shirt,253,526,40,4.592134904004695,281,3.924148185590148,76051,6,2,3,1
2024-06-27,Sweater,53,1012,10,1.4229325090280573,903,4.964926455972513,24403,6,2,3,0
2024-06-27,Jacket,147,250,20,6.7634267197981695,408,3.7709863119669547,10629,6,2,3,0
2024-06-27,Pants,112,375,0,6.337505709706219,960,4.41231706514967,95545,6,2,3,0
2024-06-28,Dress,198,737,30,3.699364577257596,845,4.054031195134148,73447,6,2,4,0
2024-06-28,T-Shirt,236,1005,20,6.194944657080551,857,3.7276143694295785,76101,6,2,4,1
2024-06-28,Sweater,87,1068,30,7.30987828627843,935,4.256955931966152,82360,6,2,4,0
2024-06-28,Jacket,175,1140,20,5.630406420808349,827,4.200317148684657,44385,6,2,4,0
2024-06-28,Pants,129,846,40,8.77929639810376,551,4.908315462713409,20339,6,2,4,0
2024-06-29,Dress,327,1287,0,9.97128262612998,735,3.603130859633731,22718,6,2,5,1
2024-06-29,T-Shirt,252,1217,10,8.438181485429645,183,3.5819154548202037,60963,6,2,5,1
2024-06-29,Sweater,65,314,40,3.617891688084242,136,4.786786675276233,13605,6,2,5,0
2024-06-29,Jacket,94,355,30,3.6807345855119014,919,4.959891324545738,94387,6,2,5,0
2024-06-29,Pants,56,577,40,3.994565288593412,645,4.730816971618981,9150,6,2,5,0
2024-06-30,Dress,234,191,0,2.612475264611358,552,4.175354430008926,84369,6,2,6,1
2024-06-30,T-Shirt,321,1301,20,5.693958855198704,292,4.580685112194134,73685,6,2,6,1
2024-06-30,Sweater,134,1203,40,1.7129183500753373,244,4.661728404679686,20032,6,2,6,0
2024-06-30,Jacket,111,628,30,6.453071336615347,777,4.185589488898664,15386,6,2,6,0
2024-06-30,Pants,99,1165,0,6.115887588974529,654,4.303313709646697,86515,6,2,6,0
2024-07-01,Dress,233,411,0,9.045401596029915,318,4.422604631022047,74711,7,3,0,1
2024-07-01,T-Shirt,271,1065,0,9.629846858713691,731,4.208372748417737,84790,7,3,0,1
2024-07-01,Sweater,106,168,0,9.989136422340891,486,4.730887683986222,99952,7,3,0,0
2024-07-01,Jacket,89,1496,0,4.956066475956089,154,3.611501913329107,32307,7,3,0,0
2024-07-01,Pants,158,1357,20,3.3283985267407106,596,4.864393086666416,87768,7,3,0,0
2024-07-02,Dress,213,360,10,9.646716724942198,887,4.682301394800059,16182,7,3,1,1
2024-07-02,T-Shirt,193,723,30,7.738286305952395,936,4.993132269388184,26876,7,3,1,0
2024-07-02,Sweater,130,573,40,1.5013615250372068,808,3.586611619200554,52299,7,3,1,0
2024-07-02,Jacket,78,345,20,1.9338070918227075,936,4.2727505425798835,92096,7,3,1,0
2024-07-02,Pants,61,1383,0,8.666613332549991,814,3.7556937673724633,26120,7,3,1,0
2024-07-03,Dress,239,401,0,8.036018433358537,799,4.691021675398944,55901,7,3,2,1
2024-07-03,T-Shirt,238,1249,30,3.1446070349778243,532,4.62589768511619,22929,7,3,2,1
2024-07-03,Sweater,96,528,20,2.668679653366489,202,4.266640732208597,47863,7,3,2,0
2024-07-03,Jacket,76,679,20,2.2550521258464418,181,4.801969440096355,32445,7,3,2,0
2024-07-03,Pants,120,1081,10,2.182711445697416,610,4.371823216234075,36213,7,3,2,0
2024-07-04,Dress,245,538,30,7.211108059138072,266,4.949933331344161,85280,7,3,3,1
2024-07-04,T-Shirt,309,1452,30,3.072873022145898,410,3.573941739146625,84872,7,3,3,1
2024-07-04,Sweater,184,289,10,3.886602240804141,277,3.5101948228791677,11523,7,3,3,0
2024-07-04,Jacket,189,807,10,5.002414991725022,207,4.97501115262134,81102,7,3,3,0
2024-07-04,Pants,111,958,20,6.465919751137593,602,4.244064089024874,70185,7,3,3,0
2024-07-05,Dress,231,1352,10,8.574598067884967,177,4.722190501285488,16620,7,3,4,1
2024-07-05,T-Shirt,217,223,20,1.6539902882304105,431,4.225324776185554,80020,7,3,4,1
2024-07-05,Sweater,169,1177,10,3.6075518536439315,628,3.906713380070882,62042,7,3,4,0
2024-07-05,Jacket,118,1141,10,1.0665271129986373,816,4.050018319554472,81311,7,3,4,0
2024-07-05,Pants,53,301,20,4.765112267443822,423,3.862488381228778,63535,7,3,4,0
2024-07-06,Dress,217,1229,30,4.890079535540574,560,4.787484408318287,71381,7,3,5,1
2024-07-06,T-Shirt,296,411,0,2.645780740793852,340,3.591358314852774,8832,7,3,5,1
2024-07-06,Sweater,126,329,10,3.9644134237186814,270,4.799349305401505,7581,7,3,5,0
2024-07-06,Jacket,160,1280,20,3.645250844544404,541,4.975859545845745,68044,7,3,5,0
2024-07-06,Pants,133,1186,0,1.9397383254830622,592,4.414522862413666,75601,7,3,5,0
2024-07-07,Dress,282,189,40,1.0186886584007309,987,4.000664895604697,80645,7,3,6,1
2024-07-07,T-Shirt,255,1289,10,5.001648921225142,642,3.8492878353141413,8880,7,3,6,1
2024-07-07,Sweater,69,590,10,3.3229687885607326,495,3.6999263871232597,53784,7,3,6,0
2024-07-07,Jacket,94,544,40,3.7371146452123254,849,4.66381588170454,24073,7,3,6,0
2024-07-07,Pants,133,518,40,5.495935016842041,148,4.469611062842134,90781,7,3,6,0
2024-07-08,Dress,247,1148,10,6.750667197759562,472,4.799275563303544,49786,7,3,0,1
2024-07-08,T-Shirt,202,831,20,7.224790617759863,181,3.830491090156374,31639,7,3,0,1
2024-07-08,Sweater,103,312,10,8.894148057086515,449,4.500403126335826,92876,7,3,0,0
2024-07-08,Jacket,168,1265,40,2.161775756282156,759,4.439082063471202,41701,7,3,0,0
2024-07-08,Pants,107,642,20,2.9787576073207918,618,3.7034922007405666,38332,7,3,0,0
2024-07-09,Dress,235,620,30,6.493384538035229,323,4.565527251068499,70886,7,3,1,1
2024-07-09,T-Shirt,284,498,40,2.535410121594799,138,4.996508394896988,12170,7,3,1,1
2024-07-09,Sweater,113,178,30,6.8879841582611165,969,4.545033481809796,69922,7,3,1,0
2024-07-09,Jacket,70,884,10,1.587490818098175,210,4.469464900486072,19016,7,3,1,0
2024-07-09,Pants,148,1464,30,9.84234322541123,380,4.627691881050884,79323,7,3,1,0
2024-07-10,Dress,181,359,30,6.3342645997859,680,4.7874956476713875,6211,7,3,2,0
2024-07-10,T-Shirt,214,825,40,1.5944977703994407,937,4.8708144354826945,33036,7,3,2,1
2024-07-10,Sweater,139,1403,30,1.5138490411714933,360,3.687876846644312,93719,7,3,2,0
2024-07-10,Jacket,50,408,30,7.441623337697158,624,4.173556640554942,65726,7,3,2,0
2024-07-10,Pants,198,587,20,8.39133478335561,797,4.35914079943263,91373,7,3,2,0
2024-07-11,Dress,339,925,0,5.955135710872278,931,4.000853707289831,78927,7,3,3,1
2024-07-11,T-Shirt,306,1002,30,5.626210328888588,401,4.157066113858075,84096,7,3,3,1
2024-07-11,Sweater,142,1444,10,7.778069624617068,601,3.779885145309751,94452,7,3,3,0
2024-07-11,Jacket,167,698,0,8.563133598296574,947,4.288167689543269,75309,7,3,3,0
2024-07-11,Pants,63,522,0,5.872263745565188,348,4.394519746245164,58463,7,3,3,0
2024-07-12,Dress,247,1137,30,7.4405864527460714,320,4.512846256343057,49678,7,3,4,1
2024-07-12,T-Shirt,206,1022,20,7.244768456881591,933,4.514293619534809,84732,7,3,4,1
2024-07-12,Sweater,178,991,10,2.6569119102486125,793,3.992855949098441,95748,7,3,4,0
2024-07-12,Jacket,107,1499,40,8.033158798792384,605,4.490582378593738,96137,7,3,4,0
2024-07-12,Pants,199,954,30,8.657674815898858,467,3.949907734697095,17224,7,3,4,1
2024-07-13,Dress,351,254,20,7.4099818465944285,430,3.8265933495244004,51015,7,3,5,1
2024-07-13,T-Shirt,199,994,0,1.1318241454523807,557,4.6384652477810455,44451,7,3,5,1
2024-07-13,Sweater,65,392,0,4.1569986070928096,804,4.632241187543497,66554,7,3,5,0
2024-07-13,Jacket,117,1472,40,4.6492450869737665,493,3.5034851091978956,63849,7,3,5,0
2024-07-13,Pants,152,446,10,1.4990071213345728,414,4.18670739883881,90707,7,3,5,0
2024-07-14,Dress,184,310,40,9.525699994780602,101,4.860478277657366,81230,7,3,6,0
2024-07-14,T-Shirt,280,647,40,9.51143597596922,127,4.281328674051019,24643,7,3,6,1
2024-07-14,Sweater,105,696,30,2.294811697089968,828,4.272176352399701,73178,7,3,6,0
2024-07-14,Jacket,114,1498,20,2.172883898551023,718,4.600464260546673,68668,7,3,6,0
2024-07-14,Pants,149,217,30,3.131645235368916,565,4.031096843532641,63901,7,3,6,0
2024-07-15,Dress,215,533,30,6.658606135539936,138,3.6541523639746725,79329,7,3,0,1
2024-07-15,T-Shirt,230,1361,20,8.491519375317171,660,3.7454243062074144,27259,7,3,0,1
2024-07-15,Sweater,191,1232,0,9.870406605575203,970,3.697710244845019,85818,7,3,0,0
2024-07-15,Jacket,51,904,0,8.026293737544659,328,4.725660648750142,59659,7,3,0,0
2024-07-15,Pants,189,690,30,3.7933380019730807,436,3.6475173823853195,73681,7,3,0,0
2024-07-16,Dress,278,962,10,7.6368829728440994,199,4.813527691379159,37317,7,3,1,1
2024-07-16,T-Shirt,235,1070,10,1.2530935565013137,960,3.9493344794223457,50809,7,3,1,1
2024-07-16,Sweater,124,1443,20,4.646774283177967,161,3.7609413315443385,31028,7,3,1,0
2024-07-16,Jacket,155,1103,30,8.37709302502413,412,3.817146886998367,20043,7,3,1,0
2024-07-16,Pants,168,1265,30,9.242329133716694,911,4.6550318426837425,80652,7,3,1,0
2024-07-17,Dress,315,1076,40,9.679179106323879,131,4.601525053002944,26058,7,3,2,1
2024-07-17,T-Shirt,234,1202,20,2.8337993726494934,352,3.6325954507201375,11041,7,3,2,1
2024-07-17,Sweater,179,211,20,6.667152357332826,636,4.563446400685667,20078,7,3,2,0
2024-07-17,Jacket,93,824,0,1.1667811023489996,857,3.584938336066337,77255,7,3,2,0
2024-07-17,Pants,80,196,10,3.193373907139084,944,4.764418223684296,55281,7,3,2,0
2024-07-18,Dress,246,917,20,4.247256802402023,261,4.455953234807036,81870,7,3,3,1
2024-07-18,T-Shirt,301,546,20,5.270802063601966,225,4.788398523987091,59469,7,3,3,1
2024-07-18,Sweater,92,337,10,9.019195146704904,815,4.116413828525165,81298,7,3,3,0
2024-07-18,Jacket,152,1135,10,2.2988083931873335,715,3.543201770819778,58803,7,3,3,0
2024-07-18,Pants,71,640,40,3.8801450177865258,363,4.822963332710911,40694,7,3,3,0
2024-07-19,Dress,221,430,20,4.660963737148046,818,3.528648799030589,15450,7,3,4,1
2024-07-19,T-Shirt,264,175,20,5.098554147231467,995,3.7994432114898764,82990,7,3,4,1
2024-07-19,Sweater,82,378,20,3.4227076552597473,627,4.719713006722588,98721,7,3,4,0
2024-07-19,Jacket,145,673,40,4.961622958274738,984,4.744909389818665,43169,7,3,4,0
2024-07-19,Pants,182,683,40,1.2625290306166896,718,4.172128230924615,72306,7,3,4,0
2024-07-20,Dress,176,1317,40,9.960806590069144,765,4.162255884921763,66313,7,3,5,0
2024-07-20,T-Shirt,247,707,10,5.060170628180573,315,4.391204587216327,10544,7,3,5,1
2024-07-20,Sweater,121,1137,10,1.735117883797186,545,3.868727880533862,76749,7,3,5,0
2024-07-20,Jacket,199,1419,10,5.797497610852401,198,4.4556288332820735,76218,7,3,5,1
2024-07-20,Pants,153,1095,0,6.606586397650435,332,3.772447132818233,54402,7,3,5,0
2024-07-21,Dress,216,1225,10,8.67815354719213,325,4.565632722518618,42921,7,3,6,1
2024-07-21,T-Shirt,166,1172,10,9.861183067385017,937,4.038133643031911,63047,7,3,6,0
2024-07-21,Sweater,196,472,10,9.692530019268252,471,4.943319365173917,50890,7,3,6,0
2024-07-21,Jacket,188,270,30,7.991392305162529,190,3.507302611483255,88996,7,3,6,0
2024-07-21,Pants,61,482,0,3.9782328920217567,272,4.110347647085942,73706,7,3,6,0
2024-07-22,Dress,378,288,10,2.9087311372963995,595,3.9219268453295513,50406,7,3,0,1
2024-07-22,T-Shirt,213,1365,20,4.0465619148292555,314,4.99696618333739,70054,7,3,0,1
2024-07-22,Sweater,164,1405,10,9.822350870348492,605,4.685124874957157,85664,7,3,0,0
2024-07-22,Jacket,97,982,40,6.602922914160535,957,4.848535973974226,78302,7,3,0,0
2024-07-22,Pants,198,910,0,4.603209641558475,461,3.7089535080618714,73607,7,3,0,0
2024-07-23,Dress,272,1190,20,1.7867512708397548,855,3.823414647864567,91246,7,3,1,1
2024-07-23,T-Shirt,260,364,40,3.6023530100873584,366,3.774339579603003,34680,7,3,1,1
2024-07-23,Sweater,143,1347,40,9.845741060698785,130,4.25394517343188,34825,7,3,1,0
2024-07-23,Jacket,154,688,20,1.4456136673206417,200,4.733986202720641,30988,7,3,1,0
2024-07-23,Pants,134,1010,30,5.490711497987137,137,4.50099777450154,14752,7,3,1,0
2024-07-24,Dress,290,1199,0,2.3444347260378886,836,4.304788412590172,75404,7,3,2,1
2024-07-24,T-Shirt,160,1070,0,9.661042517330861,431,4.643801056663302,7017,7,3,2,0
2024-07-24,Sweater,71,1378,0,8.233241066895722,486,4.433454468611039,15707,7,3,2,0
2024-07-24,Jacket,118,1277,0,2.192235907077339,311,4.319371400196276,70867,7,3,2,0
2024-07-24,Pants,158,700,0,1.8931389842771291,865,3.894043215502903,48822,7,3,2,0
2024-07-25,Dress,352,839,40,9.647464753721696,626,3.8505356732380456,52934,7,3,3,1
2024-07-25,T-Shirt,283,1381,0,7.8683505197100505,404,4.07765918448488,34187,7,3,3,1
2024-07-25,Sweater,139,602,30,3.602230465768849,326,3.741290440227647,92580,7,3,3,0
2024-07-25,Jacket,63,1252,0,1.710368695345711,888,4.904244562326495,32626,7,3,3,0
2024-07-25,Pants,191,754,30,6.259563294305117,792,4.2394740656871335,44500,7,3,3,0
2024-07-26,Dress,179,1246,0,9.410862210596742,116,4.876658978741659,99533,7,3,4,0
2024-07-26,T-Shirt,282,745,0,1.9613889366759154,301,4.659751537620439,20882,7,3,4,1
2024-07-26,Sweater,140,1391,40,5.146055124894938,482,3.8156895082648012,38798,7,3,4,0
2024-07-26,Jacket,65,1167,30,3.6864378826746695,120,4.94827687735215,28535,7,3,4,0
2024-07-26,Pants,66,1461,0,5.477647841869902,382,4.639280223075416,33251,7,3,4,0
2024-07-27,Dress,227,408,30,7.982785586825082,666,4.345605652168099,97385,7,3,5,1
2024-07-27,T-Shirt,168,655,10,4.859959504552392,414,4.858867506851971,89585,7,3,5,0
2024-07-27,Sweater,66,381,30,1.7374459513433151,595,3.685536275920641,85373,7,3,5,0
2024-07-27,Jacket,140,174,20,9.30957418912542,437,3.690837330405516,98220,7,3,5,0
2024-07-27,Pants,75,286,30,5.0821552865365724,939,3.897570931113925,10993,7,3,5,0
2024-07-28,Dress,297,1075,40,1.9906638416295146,334,4.9991910215895095,49527,7,3,6,1
2024-07-28,T-Shirt,322,748,20,2.3613785601640833,514,4.500448555230773,88569,7,3,6,1
2024-07-28,Sweater,156,1303,30,1.9209896158065685,487,4.549077111481051,57389,7,3,6,0
2024-07-28,Jacket,72,208,10,5.795624190549339,603,4.971646436770264,98831,7,3,6,0
2024-07-28,Pants,188,1402,10,2.513062878379526,661,3.541205843769477,6737,7,3,6,0
2024-07-29,Dress,364,544,30,5.861955401007568,792,4.587180462437579,61247,7,3,0,1
2024-07-29,T-Shirt,242,170,10,7.509972735945668,310,4.4984757509389395,51228,7,3,0,1
2024-07-29,Sweater,165,967,40,8.998718651324316,945,4.175096255623638,37376,7,3,0,0
2024-07-29,Jacket,164,250,40,2.2796323874861644,964,4.189972504517151,56952,7,3,0,0
2024-07-29,Pants,130,704,10,8.970034992270683,817,4.342391761568291,34283,7,3,0,0
2024-07-30,Dress,206,919,40,2.891059983461931,746,3.6652134243784498,91669,7,3,1,1
2024-07-30,T-Shirt,286,1435,20,2.3106578203488106,328,3.6514124383345985,31469,7,3,1,1
2024-07-30,Sweater,83,1220,20,6.748053725083647,123,3.8651639251481162,5555,7,3,1,0
2024-07-30,Jacket,125,1486,20,1.6527008525903328,479,3.5019021153732353,64274,7,3,1,0
2024-07-30,Pants,165,754,10,3.327015372762213,821,3.9733302116646665,25187,7,3,1,0
2024-07-31,Dress,160,767,40,7.232626114850737,999,4.026064681988126,60556,7,3,2,0
2024-07-31,T-Shirt,275,435,10,2.3626939954247654,837,4.0424109776380845,73519,7,3,2,1
2024-07-31,Sweater,141,1363,30,1.4250238884527935,152,3.6820578868229297,16907,7,3,2,0
2024-07-31,Jacket,157,1285,0,6.2070753905141896,767,3.505939914518214,18163,7,3,2,0
2024-07-31,Pants,160,1151,10,8.588303785267708,339,4.031231295139243,79599,7,3,2,0
2024-08-01,Dress,282,924,40,2.9396157179299194,389,4.316189002944651,7105,8,3,3,1
2024-08-01,T-Shirt,185,1288,10,2.5228274650952662,272,4.696130830912496,84731,8,3,3,0
2024-08-01,Sweater,127,942,20,9.02685817007569,434,4.006215568569457,68079,8,3,3,0
2024-08-01,Jacket,123,1364,30,5.948892290405894,866,4.87640104439285,72194,8,3,3,0
2024-08-01,Pants,187,488,20,2.7151844186547445,565,4.763807344097955,99977,8,3,3,0
2024-08-02,Dress,188,912,30,6.744019735365503,321,4.506297330502859,62089,8,3,4,0
2024-08-02,T-Shirt,318,887,30,6.874553113995017,968,4.432905100635064,56040,8,3,4,1
2024-08-02,Sweater,160,1179,30,5.870833891941685,848,4.343983134354113,52258,8,3,4,0
2024-08-02,Jacket,50,384,30,2.867603458463911,651,3.7124258674799258,83608,8,3,4,0
2024-08-02,Pants,175,925,0,1.7662927290047392,236,3.714178455001827,72313,8,3,4,0
2024-08-03,Dress,266,1454,20,4.151678718987649,251,4.057590476924691,63645,8,3,5,1
2024-08-03,T-Shirt,315,1181,20,6.68069270254064,401,4.0735449965924415,57021,8,3,5,1
2024-08-03,Sweater,141,1252,30,8.637458967089017,260,4.2863820808066055,56507,8,3,5,0
2024-08-03,Jacket,167,1125,40,3.497705244121533,543,3.791695278773471,38172,8,3,5,0
2024-08-03,Pants,134,1370,10,7.165054779968608,214,4.264263309836303,21448,8,3,5,0
2024-08-04,Dress,205,388,10,7.018037964081037,332,4.113049343406401,40851,8,3,6,1
2024-08-04,T-Shirt,291,838,0,9.810276005079098,545,4.307141996181667,41390,8,3,6,1
2024-08-04,Sweater,102,367,0,2.70941269294918,999,4.850468359361736,24276,8,3,6,0
2024-08-04,Jacket,151,1408,30,8.427237999869629,746,3.9104995773821867,86335,8,3,6,0
2024-08-04,Pants,107,1266,20,2.5780081723917396,106,3.556292986297705,75198,8,3,6,0
2024-08-05,Dress,296,389,10,5.8649740785003175,332,4.8794523620421115,35028,8,3,0,1
2024-08-05,T-Shirt,283,494,30,3.162205166178735,240,4.444135566675651,79353,8,3,0,1
2024-08-05,Sweater,77,372,0,8.471825959111857,239,4.423177130576609,18334,8,3,0,0
2024-08-05,Jacket,161,1443,20,5.73193303014903,184,4.372180921892936,72300,8,3,0,0
2024-08-05,Pants,171,512,40,2.5630447325890584,398,3.5417615768938795,62442,8,3,0,0
2024-08-06,Dress,246,571,20,9.926486132172673,778,3.919650396330561,53113,8,3,1,1
2024-08-06,T-Shirt,222,1126,30,7.751447496591409,436,4.985964105758269,32885,8,3,1,1
2024-08-06,Sweater,175,901,30,8.712551168824493,980,4.323169788894518,95365,8,3,1,0
2024-08-06,Jacket,163,169,0,6.943022474627148,475,3.9936106691910918,58413,8,3,1,0
2024-08-06,Pants,87,1354,40,9.466211689509086,701,3.8124165127303185,90435,8,3,1,0
2024-08-07,Dress,221,228,0,3.799063033037987,787,4.078328752237504,51936,8,3,2,1
2024-08-07,T-Shirt,249,1124,10,8.98697521677239,215,3.587356746230413,31853,8,3,2,1
2024-08-07,Sweater,111,359,0,3.4145848038499538,957,3.7713117866380044,93478,8,3,2,0
2024-08-07,Jacket,187,845,0,5.636730035243923,703,4.426799981618055,5132,8,3,2,0
2024-08-07,Pants,72,798,10,2.1352389221453687,537,3.9032923174685097,49223,8,3,2,0
2024-08-08,Dress,156,840,40,5.852744147145829,430,4.433563897209761,85032,8,3,3,0
2024-08-08,T-Shirt,213,1207,10,9.971643558532959,212,3.5492850466105947,33205,8,3,3,1
2024-08-08,Sweater,105,1291,0,7.491020207490249,311,4.0209327114585465,6067,8,3,3,0
2024-08-08,Jacket,177,1025,0,9.533786560687606,966,4.717198908727522,8985,8,3,3,0
2024-08-08,Pants,94,1281,20,1.6349505733890513,414,4.9198978591675075,72262,8,3,3,0
2024-08-09,Dress,277,1019,20,5.923566918265979,786,4.88698791437337,54508,8,3,4,1
2024-08-09,T-Shirt,327,353,40,7.548067318889807,422,4.223739590791494,77178,8,3,4,1
2024-08-09,Sweater,113,232,10,5.431615832839022,782,4.136558039080452,26168,8,3,4,0
2024-08-09,Jacket,162,545,40,3.690335350884999,977,3.8573141532134243,17336,8,3,4,0
2024-08-09,Pants,70,442,30,4.3465310610977745,636,3.7178375298728734,67672,8,3,4,0
2024-08-10,Dress,315,476,0,9.850484984145153,891,3.514953852101778,85907,8,3,5,1
2024-08-10,T-Shirt,226,1393,0,3.514106718381039,694,4.524763344859727,42207,8,3,5,1
2024-08-10,Sweater,129,1463,20,5.576311317772235,227,4.445834046363793,61862,8,3,5,0
2024-08-10,Jacket,179,676,0,2.4012333798033962,970,4.440971205515394,86948,8,3,5,0
2024-08-10,Pants,65,954,0,7.567934604163131,735,4.752866090238299,49645,8,3,5,0
2024-08-11,Dress,341,378,10,3.0934347593388036,814,4.88928947962194,21956,8,3,6,1
2024-08-11,T-Shirt,225,764,20,7.023838747271515,768,3.592015811725802,43674,8,3,6,1
2024-08-11,Sweater,117,1499,0,6.030579162433392,672,3.902898399371896,64846,8,3,6,0
2024-08-11,Jacket,176,342,20,3.1661343075329684,109,4.163099319677112,51412,8,3,6,0
2024-08-11,Pants,150,489,0,1.0764602074648857,565,3.5388441053742277,66914,8,3,6,0
2024-08-12,Dress,328,754,30,9.596576444303192,920,4.3904728776610416,63876,8,3,0,1
2024-08-12,T-Shirt,216,1179,30,2.0502020794230984,217,4.079693846491903,71201,8,3,0,1
2024-08-12,Sweater,63,1229,30,6.731393178559175,145,4.560205394315758,50687,8,3,0,0
2024-08-12,Jacket,133,562,30,9.330247082712447,486,4.822563454457877,52456,8,3,0,0
2024-08-12,Pants,115,1252,30,5.516383379864599,761,4.115455582808993,69800,8,3,0,0
2024-08-13,Dress,351,738,20,4.206249051434021,945,3.9524933624467233,75382,8,3,1,1
2024-08-13,T-Shirt,306,1144,30,3.267983994796645,576,4.852864357623333,24239,8,3,1,1
2024-08-13,Sweater,134,206,30,2.91049763756963,796,4.284929373950375,83025,8,3,1,0
2024-08-13,Jacket,123,512,30,5.831732318523565,315,4.672898869682314,73470,8,3,1,0
2024-08-13,Pants,72,304,10,6.449000367748081,904,3.5545111224743637,48397,8,3,1,0
2024-08-14,Dress,238,1298,10,2.8078946212620544,827,3.669846834888688,59213,8,3,2,1
2024-08-14,T-Shirt,299,1489,30,3.572573037970685,878,4.018485403312789,40825,8,3,2,1
2024-08-14,Sweater,88,1465,30,5.943937286674135,240,4.287008460028433,9409,8,3,2,0
2024-08-14,Jacket,177,1460,40,1.7686223586178644,799,4.516522311676548,87190,8,3,2,0
2024-08-14,Pants,52,960,20,1.8144667998628008,302,4.1158980458574,34299,8,3,2,0
2024-08-15,Dress,230,1230,10,4.878472028664942,693,3.98092985982534,79327,8,3,3,1
2024-08-15,T-Shirt,214,1143,20,3.260728041440205,705,3.7024677291074632,20754,8,3,3,1
2024-08-15,Sweater,114,439,0,8.275220402482665,312,4.6196781932856705,75102,8,3,3,0
2024-08-15,Jacket,198,237,30,3.988006319059113,889,4.0918266939220596,39077,8,3,3,0
2024-08-15,Pants,175,1014,30,3.217134225180717,123,4.745953647029134,62654,8,3,3,0
2024-08-16,Dress,229,813,10,1.390900215120737,521,4.483153967660992,16760,8,3,4,1
2024-08-16,T-Shirt,254,1336,20,5.653056548887378,948,3.5241869695583223,34990,8,3,4,1
2024-08-16,Sweater,91,1458,20,2.8701141823427845,237,4.685197060589163,36629,8,3,4,0
2024-08-16,Jacket,91,949,10,7.667948860497869,470,4.038303036490788,93697,8,3,4,0
2024-08-16,Pants,155,1303,0,6.140916259763655,842,3.505871158603086,23522,8,3,4,0
2024-08-17,Dress,287,951,0,8.186358186373829,439,4.317625119289835,66607,8,3,5,1
2024-08-17,T-Shirt,241,1054,0,4.948009948284179,245,4.735616692868449,21682,8,3,5,1
2024-08-17,Sweater,183,872,40,6.3217103403092025,470,3.6132906290388305,28762,8,3,5,0
2024-08-17,Jacket,174,341,10,8.079251237483557,427,3.6345513785222687,33225,8,3,5,0
2024-08-17,Pants,79,388,30,1.036955826077036,462,4.900182657874778,47487,8,3,5,0
2024-08-18,Dress,297,793,40,9.493967083103344,501,4.8327999327867275,62175,8,3,6,1
2024-08-18,T-Shirt,219,1374,30,6.753659253989118,736,4.606059458046007,20401,8,3,6,1
2024-08-18,Sweater,134,542,30,7.7283741528949825,540,4.587396796279429,80257,8,3,6,0
2024-08-18,Jacket,199,469,0,6.286130121187251,667,3.502142514618765,57186,8,3,6,1
2024-08-18,Pants,154,1335,0,3.5816198108247996,916,4.397281249907793,89667,8,3,6,0
2024-08-19,Dress,235,1460,10,8.135560407461744,448,4.339693583269646,23595,8,3,0,1
2024-08-19,T-Shirt,215,1201,30,6.724950711792567,569,4.405106318330369,71354,8,3,0,1
2024-08-19,Sweater,153,891,10,1.1352028778250967,738,4.983919917659577,39470,8,3,0,0
2024-08-19,Jacket,50,426,0,6.389947852815855,287,4.593860373646352,98321,8,3,0,0
2024-08-19,Pants,136,254,10,8.245840391195735,644,4.325817950929993,97476,8,3,0,0
2024-08-20,Dress,192,1238,40,3.8522171243668986,691,3.8896916242567405,15974,8,3,1,0
2024-08-20,T-Shirt,168,1058,20,6.650774434018913,198,4.3031200032672015,41159,8,3,1,0
2024-08-20,Sweater,80,606,10,8.418411873305871,816,3.9747031760922478,40524,8,3,1,0
2024-08-20,Jacket,79,1193,0,5.578155556156711,996,3.853348901891752,42941,8,3,1,0
2024-08-20,Pants,171,942,20,7.388065452015753,314,4.700228972587626,5801,8,3,1,0
2024-08-21,Dress,245,1011,10,8.299941096747864,805,4.276399197580711,65303,8,3,2,1
2024-08-21,T-Shirt,201,581,10,1.8010876140640795,152,3.984791374786066,41169,8,3,2,1
2024-08-21,Sweater,95,1498,10,4.512591177968228,265,4.428682100070044,11772,8,3,2,0
2024-08-21,Jacket,92,1449,30,9.232743958548943,924,4.57879954339365,14569,8,3,2,0
2024-08-21,Pants,159,1288,10,3.7887908446763623,544,4.398516566320351,86741,8,3,2,0
2024-08-22,Dress,235,424,40,6.421969988752984,937,3.9905101527441533,25431,8,3,3,1
2024-08-22,T-Shirt,307,1301,10,3.0353643982190657,444,4.9366499872643335,68001,8,3,3,1
2024-08-22,Sweater,72,1220,40,3.834568557268835,805,4.367108153018619,13859,8,3,3,0
2024-08-22,Jacket,126,830,40,7.59554503545174,515,4.010334491676885,9922,8,3,3,0
2024-08-22,Pants,90,1285,10,2.6257302814718377,779,4.556263334292035,27948,8,3,3,0
2024-08-23,Dress,298,479,30,5.189382751957295,237,3.507326699030378,72853,8,3,4,1
2024-08-23,T-Shirt,178,1062,20,5.5898657138214745,352,4.266024476670774,59545,8,3,4,0
2024-08-23,Sweater,69,388,10,5.350620128707037,130,4.710061711617592,98311,8,3,4,0
2024-08-23,Jacket,74,402,20,8.729574250728342,235,4.465054587604641,55411,8,3,4,0
2024-08-23,Pants,135,377,0,8.210476604576428,620,4.2245993677899545,86867,8,3,4,0
2024-08-24,Dress,287,440,40,3.6268045933275976,814,4.632590622224274,33314,8,3,5,1
2024-08-24,T-Shirt,277,243,30,8.794208716125622,958,3.815414266852792,9947,8,3,5,1
2024-08-24,Sweater,117,800,40,6.905611326004183,615,4.47373094724631,54228,8,3,5,0
2024-08-24,Jacket,97,917,10,3.885069019248321,944,4.2673859159698235,89793,8,3,5,0
2024-08-24,Pants,68,237,20,5.011226112220718,176,3.9758887615353014,38012,8,3,5,0
2024-08-25,Dress,204,1131,40,8.307709681517215,836,4.30652528263265,59639,8,3,6,1
2024-08-25,T-Shirt,227,501,0,7.869654207975534,257,3.720522432349668,81733,8,3,6,1
2024-08-25,Sweater,96,773,10,3.1865082551833956,142,4.17015823825941,75658,8,3,6,0
2024-08-25,Jacket,174,1441,30,4.238424105729099,563,4.120466847091548,38725,8,3,6,0
2024-08-25,Pants,98,1480,0,9.720710758740697,431,4.463165352538281,73187,8,3,6,0
2024-08-26,Dress,229,755,0,8.653865389110353,562,4.206224629048847,74619,8,3,0,1
2024-08-26,T-Shirt,238,1403,0,5.9195344569730395,686,3.7512057358250637,39493,8,3,0,1
2024-08-26,Sweater,101,1261,0,7.050543872618369,761,4.3049112638956615,37583,8,3,0,0
2024-08-26,Jacket,74,707,0,8.582810575166215,442,4.8161110180927205,17120,8,3,0,0
2024-08-26,Pants,57,421,40,9.522126095144651,882,4.023141871094133,26605,8,3,0,0
2024-08-27,Dress,196,1465,10,4.640419580067185,437,4.867365330894579,41912,8,3,1,0
2024-08-27,T-Shirt,304,880,0,2.680952754080164,724,4.053054386005942,34047,8,3,1,1
2024-08-27,Sweater,142,420,20,8.522995673136183,986,3.861866504057042,49563,8,3,1,0
2024-08-27,Jacket,180,478,10,2.500878419854228,741,4.563690787228906,7810,8,3,1,0
2024-08-27,Pants,193,158,40,1.7068261851351882,918,4.841273237924857,75864,8,3,1,0
2024-08-28,Dress,266,1364,20,8.133962290764554,779,4.102720187902543,41558,8,3,2,1
2024-08-28,T-Shirt,240,566,30,1.0847787037520078,716,3.926432433643189,32624,8,3,2,1
2024-08-28,Sweater,158,513,20,8.525067539905383,501,4.995211569018281,17516,8,3,2,0
2024-08-28,Jacket,112,686,30,6.31734287405957,110,4.469070416144894,33797,8,3,2,0
2024-08-28,Pants,99,1262,20,7.565692797787946,788,4.692931773571527,99488,8,3,2,0
2024-08-29,Dress,269,538,0,9.368834340644911,378,3.9091908390497685,90597,8,3,3,1
2024-08-29,T-Shirt,305,163,0,4.635786549727752,444,4.914965167811225,6195,8,3,3,1
2024-08-29,Sweater,63,1394,20,4.492888618097415,997,3.732264022430341,7402,8,3,3,0
2024-08-29,Jacket,121,1137,30,9.756654714568374,472,4.255537641856167,39112,8,3,3,0
2024-08-29,Pants,117,533,0,6.010383308975685,948,3.5134979859248836,6695,8,3,3,0
2024-08-30,Dress,323,930,30,3.679108827061348,502,3.527537575998836,15839,8,3,4,1
2024-08-30,T-Shirt,198,875,10,1.7721485640954053,684,4.884835620477843,44963,8,3,4,0
2024-08-30,Sweater,114,1190,30,3.7864067057695006,328,4.753357557635973,94297,8,3,4,0
2024-08-30,Jacket,87,892,0,9.709659591931775,303,3.8020986541908313,44851,8,3,4,0
2024-08-30,Pants,168,1227,30,3.8146700456956015,234,3.542287010670833,12689,8,3,4,0
2024-08-31,Dress,195,1331,40,9.26456531841962,853,4.532601936064035,27228,8,3,5,0
2024-08-31,T-Shirt,236,481,30,3.942039367500459,842,4.538859200116373,86686,8,3,5,1
2024-08-31,Sweater,158,466,30,8.058518334591122,534,4.115035680112614,6245,8,3,5,0
2024-08-31,Jacket,65,427,0,5.30831548512399,974,4.628502766966827,7801,8,3,5,0
2024-08-31,Pants,139,987,10,9.259827783716446,464,4.43938891199364,76494,8,3,5,0
2024-09-01,Dress,186,1442,10,9.511988475217125,888,4.6620094057726975,70715,9,3,6,0
2024-09-01,T-Shirt,83,1336,40,1.694299366774549,899,4.654960427309901,75880,9,3,6,0
2024-09-01,Sweater,167,631,20,5.664915307358411,882,4.5963920538995495,28396,9,3,6,0
2024-09-01,Jacket,147,1083,10,8.780872074238752,736,4.548969381732956,10192,9,3,6,0
2024-09-01,Pants,172,1482,20,5.124279832885431,959,3.9138924469250944,58260,9,3,6,0
2024-09-02,Dress,92,1249,20,4.405128235143822,830,4.034585748949857,60833,9,3,0,0
2024-09-02,T-Shirt,169,231,30,4.579960163779357,372,4.972171393143694,57204,9,3,0,0
2024-09-02,Sweater,110,272,40,5.369478762543972,508,4.88333497723229,40950,9,3,0,0
2024-09-02,Jacket,51,1262,0,3.2929082769575806,811,4.339835797768679,73184,9,3,0,0
2024-09-02,Pants,195,406,40,8.287933635075362,998,4.312640479911523,34480,9,3,0,0
2024-09-03,Dress,100,420,10,7.608789900847968,458,4.277599439949598,64056,9,3,1,0
2024-09-03,T-Shirt,132,947,40,3.2748927395604768,298,4.640467476656636,68155,9,3,1,0
2024-09-03,Sweater,72,1282,0,6.504901080814127,302,3.6611214881543326,97403,9,3,1,0
2024-09-03,Jacket,120,1136,0,9.76054862292439,112,3.697347959959032,5364,9,3,1,0
2024-09-03,Pants,139,1394,0,5.9175142049056255,724,4.9211419970896895,83097,9,3,1,0
2024-09-04,Dress,92,357,0,4.981543666733742,223,3.9270316423164076,24642,9,3,2,0
2024-09-04,T-Shirt,80,209,0,6.518533246688054,881,4.492852364707893,18313,9,3,2,0
2024-09-04,Sweater,73,981,30,5.7873967979751235,766,4.738187488694428,15973,9,3,2,0
2024-09-04,Jacket,140,316,10,2.522123763797602,615,4.780093600305412,19080,9,3,2,0
2024-09-04,Pants,99,544,10,4.554506674193159,436,3.575761206248423,83553,9,3,2,0
2024-09-05,Dress,70,290,0,3.306631378322958,169,4.725500725246446,48205,9,3,3,0
2024-09-05,T-Shirt,105,1131,40,2.723406534173075,981,4.171930545771779,95751,9,3,3,0
2024-09-05,Sweater,171,474,10,9.675244108658696,325,3.721178900712352,57137,9,3,3,0
2024-09-05,Jacket,97,863,10,6.9388288014613515,159,4.645404600632021,62920,9,3,3,0
2024-09-05,Pants,82,187,0,1.4821890364666714,670,4.821506127222062,39600,9,3,3,0
2024-09-06,Dress,106,1221,0,9.535826399873436,676,4.011530258384051,55903,9,3,4,0
2024-09-06,T-Shirt,183,942,0,2.446420142718871,845,4.843689309342059,88602,9,3,4,0
2024-09-06,Sweater,109,562,10,6.754477793086882,244,4.145474642063586,75051,9,3,4,0
2024-09-06,Jacket,110,993,30,9.223547446058133,742,4.570851400094897,37305,9,3,4,0
2024-09-06,Pants,86,195,10,5.739354483308104,947,3.8960192691078395,79519,9,3,4,0
2024-09-07,Dress,174,523,10,4.984623349358125,187,4.801462422080335,60184,9,3,5,0
2024-09-07,T-Shirt,175,750,30,7.325797996450913,705,4.72011034034702,17501,9,3,5,0
2024-09-07,Sweater,123,210,10,3.127029312418761,111,4.360237645836465,19367,9,3,5,0
2024-09-07,Jacket,110,707,40,3.106519975157492,746,4.882981213947759,77499,9,3,5,0
2024-09-07,Pants,161,1465,0,5.613185943317905,838,4.182426165262999,94493,9,3,5,0
2024-09-08,Dress,166,1029,20,6.010138474135782,913,3.5633007028719477,83467,9,3,6,0
2024-09-08,T-Shirt,129,485,40,2.515964960187237,839,4.518182333390367,24116,9,3,6,0
2024-09-08,Sweater,199,524,10,3.107791538092812,767,4.180769845710367,49458,9,3,6,1
2024-09-08,Jacket,115,829,40,5.439227437233872,560,4.272004286077741,83287,9,3,6,0
2024-09-08,Pants,193,528,10,5.6724673561708645,171,3.649244339270957,79921,9,3,6,0
2024-09-09,Dress,106,486,20,4.264904198237283,752,4.383215405234335,87824,9,3,0,0
2024-09-09,T-Shirt,103,765,10,8.572057471054434,869,4.5311552914113005,45138,9,3,0,0
2024-09-09,Sweater,80,1253,20,3.576331318448649,483,4.582700632324784,53926,9,3,0,0
2024-09-09,Jacket,175,196,30,7.650354665178595,563,3.743747623211662,66562,9,3,0,0
2024-09-09,Pants,183,990,10,6.633855225261582,879,4.358611588951648,43773,9,3,0,0
2024-09-10,Dress,108,1337,20,9.736012250144835,282,3.6067703544771295,57134,9,3,1,0
2024-09-10,T-Shirt,139,460,40,3.2873255211503296,632,3.9572572538844004,62395,9,3,1,0
2024-09-10,Sweater,131,1344,30,3.6897686990818093,724,3.628865582304231,38545,9,3,1,0
2024-09-10,Jacket,113,381,40,2.6921414547666007,127,4.1236622014844775,6074,9,3,1,0
2024-09-10,Pants,53,740,0,7.60805021067475,685,4.495601541040908,60479,9,3,1,0
2024-09-11,Dress,72,278,20,2.650648137487657,285,3.8155581222947537,32115,9,3,2,0
2024-09-11,T-Shirt,50,1240,40,8.747297764180637,700,3.9194021489676976,79716,9,3,2,0
2024-09-11,Sweater,171,537,0,2.2078218369371525,830,4.933459192585133,9482,9,3,2,0
2024-09-11,Jacket,134,1406,30,6.857451554403952,270,3.792663230036315,16545,9,3,2,0
2024-09-11,Pants,90,1295,20,7.092790770799256,366,4.807000388510424,19318,9,3,2,0
2024-09-12,Dress,109,600,0,9.646432765028356,601,3.8856441340926677,7837,9,3,3,0
2024-09-12,T-Shirt,127,1040,30,4.361001320308919,432,4.802714226804154,80147,9,3,3,0
2024-09-12,Sweater,104,1480,0,3.6227362480844376,424,3.557545792033552,41943,9,3,3,0
2024-09-12,Jacket,80,1134,0,5.474505526459171,749,3.7102481500740954,6502,9,3,3,0
2024-09-12,Pants,126,713,10,7.529302306139383,566,4.2444841569265686,96103,9,3,3,0
2024-09-13,Dress,190,886,10,4.788068758833035,680,4.936745326212915,19908,9,3,4,0
2024-09-13,T-Shirt,120,852,40,4.031629313024374,385,3.9075612782811393,88551,9,3,4,0
2024-09-13,Sweater,105,458,0,8.65285937341839,736,4.50312988167472,9019,9,3,4,0
2024-09-13,Jacket,181,1079,40,2.1258001885276316,296,4.68858616303822,91649,9,3,4,0
2024-09-13,Pants,75,1046,30,3.2825406487470774,611,4.410033984796828,93263,9,3,4,0
2024-09-14,Dress,69,677,40,5.4446427613729025,347,3.6692872170691433,10206,9,3,5,0
2024-09-14,T-Shirt,131,1235,30,5.943416440135984,932,4.680463699071801,73226,9,3,5,0
2024-09-14,Sweater,164,1391,0,6.920099020325675,627,4.592922735189165,81621,9,3,5,0
2024-09-14,Jacket,174,536,10,6.268378805118607,507,4.7689478841478,71433,9,3,5,0
2024-09-14,Pants,161,788,40,2.0734450483576907,914,3.7229498233668274,58664,9,3,5,0
2024-09-15,Dress,134,316,30,8.440681857182708,620,3.938622625826372,87912,9,3,6,0
2024-09-15,T-Shirt,51,424,30,9.902950150785275,589,4.942001946792209,73112,9,3,6,0
2024-09-15,Sweater,173,238,30,8.466794248176356,486,3.657897743720638,92889,9,3,6,0
2024-09-15,Jacket,57,1126,40,5.046390154069636,510,4.261846124005071,89821,9,3,6,0
2024-09-15,Pants,177,1135,20,6.677659347806006,682,4.5809244359955725,46340,9,3,6,0
2024-09-16,Dress,61,1184,0,8.38577404319031,441,3.641089730342883,51707,9,3,0,0
2024-09-16,T-Shirt,63,694,10,3.6823539888500587,419,3.752898572651055,77154,9,3,0,0
2024-09-16,Sweater,141,786,20,9.249787924245245,535,4.601408045796073,58010,9,3,0,0
2024-09-16,Jacket,198,1451,0,7.083932407807062,894,4.301831817134059,91008,9,3,0,0
2024-09-16,Pants,94,1181,10,8.421637175208037,132,3.6112642933914683,13118,9,3,0,0
2024-09-17,Dress,54,592,10,9.978243336513751,932,4.985333801922611,38927,9,3,1,0
2024-09-17,T-Shirt,180,1198,10,3.529664969006018,779,3.764059523232456,61414,9,3,1,0
2024-09-17,Sweater,82,772,10,8.565693803372127,330,3.781855383197625,43735,9,3,1,0
2024-09-17,Jacket,87,896,40,2.609569616570194,444,4.760905434159788,45597,9,3,1,0
2024-09-17,Pants,193,969,40,3.88482550125846,756,4.88941994277261,68832,9,3,1,0
2024-09-18,Dress,62,845,40,1.830421041064865,870,4.535934113122012,34048,9,3,2,0
2024-09-18,T-Shirt,99,542,0,4.654989824523021,128,4.626003521422483,84459,9,3,2,0
2024-09-18,Sweater,66,1229,10,8.977317823859867,296,4.501026744575594,96110,9,3,2,0
2024-09-18,Jacket,143,386,40,1.5069995001931582,665,4.840959002636644,68308,9,3,2,0
2024-09-18,Pants,65,702,10,4.201966757805941,328,3.747076620414471,66142,9,3,2,0
2024-09-19,Dress,167,710,0,7.168964701341622,579,3.608344022408717,19677,9,3,3,0
2024-09-19,T-Shirt,126,1232,0,7.779816386913314,359,3.66525818038045,23526,9,3,3,0
2024-09-19,Sweater,174,190,20,8.649437422642514,570,4.432196633985177,70092,9,3,3,0
2024-09-19,Jacket,118,1254,0,7.040994007116859,307,4.589745119506134,15532,9,3,3,0
2024-09-19,Pants,126,1250,40,3.900343544375362,299,4.291718162443431,95999,9,3,3,0
2024-09-20,Dress,59,564,0,9.682214309456148,176,3.900348932148158,10607,9,3,4,0
2024-09-20,T-Shirt,180,728,30,6.534127131102425,331,4.609432526979493,30117,9,3,4,0
2024-09-20,Sweater,152,999,20,2.524568496684207,927,3.9593588678426004,55624,9,3,4,0
2024-09-20,Jacket,123,1038,20,8.942231754488219,910,4.903991268502667,99120,9,3,4,0
2024-09-20,Pants,164,239,30,3.3818455449888534,176,4.99502491690202,35285,9,3,4,0
2024-09-21,Dress,140,931,30,8.162080580588519,438,4.331271883173198,42763,9,3,5,0
2024-09-21,T-Shirt,144,372,0,1.3008387978389946,817,4.155758074340266,90805,9,3,5,0
2024-09-21,Sweater,103,773,40,2.3012173921562624,169,4.883461663225377,92404,9,3,5,0
2024-09-21,Jacket,126,1479,30,9.377495777582267,395,3.6644544238027796,74487,9,3,5,0
2024-09-21,Pants,89,1221,20,7.367818939708993,534,4.313579840285658,95887,9,3,5,0
2024-09-22,Dress,135,1310,10,4.074126696498476,706,4.450774728102986,24924,9,3,6,0
2024-09-22,T-Shirt,139,552,30,6.218508144529814,123,4.405632715756419,98668,9,3,6,0
2024-09-22,Sweater,105,1135,20,5.170519079241816,549,3.7569101159993594,6212,9,3,6,0
2024-09-22,Jacket,115,959,0,2.1576165439527286,687,4.532176488809526,66160,9,3,6,0
2024-09-22,Pants,87,319,40,7.0271557521694525,444,4.822575959593094,26573,9,3,6,0
2024-09-23,Dress,131,777,40,4.523833896414663,287,4.800037022599092,24142,9,3,0,0
2024-09-23,T-Shirt,66,583,20,1.9265153023025756,402,4.008124856321761,38205,9,3,0,0
2024-09-23,Sweater,78,1195,0,3.6869313338394756,616,4.001323005890172,74110,9,3,0,0
2024-09-23,Jacket,150,824,40,5.663964840723347,677,4.448708303617217,46787,9,3,0,0
2024-09-23,Pants,89,1384,40,1.2195189379908706,868,4.087951610411695,95555,9,3,0,0
2024-09-24,Dress,82,409,10,6.870376053493932,407,3.8051195032974725,61091,9,3,1,0
2024-09-24,T-Shirt,119,1132,0,1.340381228968318,123,4.180802929993904,40561,9,3,1,0
2024-09-24,Sweater,126,1348,30,4.43106957497389,770,4.579189951504958,71333,9,3,1,0
2024-09-24,Jacket,67,193,20,1.1881856110171147,476,4.122820635026496,45818,9,3,1,0
2024-09-24,Pants,109,374,0,3.0692653377546932,968,4.379969491662388,63241,9,3,1,0
2024-09-25,Dress,146,1084,40,1.6333129711542638,290,4.03163598798108,60184,9,3,2,0
2024-09-25,T-Shirt,120,1023,40,8.692665567327808,175,4.916142178895547,42180,9,3,2,0
2024-09-25,Sweater,93,1294,30,1.8555088314930799,259,3.6882862718418137,78438,9,3,2,0
2024-09-25,Jacket,181,651,40,2.4245763045318824,100,3.8112041570883157,81095,9,3,2,0
2024-09-25,Pants,194,531,0,6.11487235970133,349,4.594989836967446,9023,9,3,2,0
2024-09-26,Dress,160,866,20,8.797846626088806,757,3.6776925576417225,69680,9,3,3,0
2024-09-26,T-Shirt,91,382,30,3.661775511582965,334,3.702861786869752,38001,9,3,3,0
2024-09-26,Sweater,161,994,0,8.937129562871135,602,3.582998580745019,50647,9,3,3,0
2024-09-26,Jacket,174,577,0,3.847378666489146,899,3.7744029819263187,12025,9,3,3,0
2024-09-26,Pants,195,985,0,1.0760634645621447,363,4.6647303219735,57870,9,3,3,0
2024-09-27,Dress,90,1469,20,6.497740751651653,209,3.523171141599617,23799,9,3,4,0
2024-09-27,T-Shirt,199,1177,0,1.4029154981963818,265,4.620006447179955,51553,9,3,4,1
2024-09-27,Sweater,66,877,30,6.077753126188708,304,4.7339718907908335,14422,9,3,4,0
2024-09-27,Jacket,156,1319,40,4.601397455788591,979,4.738296235020124,34430,9,3,4,0
2024-09-27,Pants,165,1346,20,8.638908267531828,480,4.974020073083651,6995,9,3,4,0
2024-09-28,Dress,192,1336,10,3.920986987578335,438,3.9036796289570157,13524,9,3,5,0
2024-09-28,T-Shirt,176,854,20,3.7860337136176607,947,4.694102788095406,93667,9,3,5,0
2024-09-28,Sweater,96,384,20,5.83744378305911,868,4.519588694002637,91576,9,3,5,0
2024-09-28,Jacket,145,862,40,5.02092851021427,528,3.670642938206824,51835,9,3,5,0
2024-09-28,Pants,151,545,30,3.8440425057975443,180,3.8909995738431524,65032,9,3,5,0
2024-09-29,Dress,163,906,0,1.854582826764979,455,4.65387583886238,59892,9,3,6,0
2024-09-29,T-Shirt,169,1051,0,2.0970029087232307,226,4.027068450137163,82518,9,3,6,0
2024-09-29,Sweater,73,300,10,6.830400743419921,532,3.7176583600946755,28212,9,3,6,0
2024-09-29,Jacket,104,825,20,1.5693640463860732,562,4.539946202827238,30218,9,3,6,0
2024-09-29,Pants,151,404,10,8.919366072745362,938,3.7254659337259532,79489,9,3,6,0
2024-09-30,Dress,73,905,30,9.08108294296827,911,3.546455905133765,34181,9,3,0,0
2024-09-30,T-Shirt,78,559,20,9.055900261596198,833,4.455571330255442,76325,9,3,0,0
2024-09-30,Sweater,52,1295,20,9.233720253286837,660,4.882590004177493,5296,9,3,0,0
2024-09-30,Jacket,155,738,40,2.8990602253677347,190,4.170820611190678,32167,9,3,0,0
2024-09-30,Pants,113,418,40,5.079355952732737,537,4.489645460679625,88038,9,3,0,0
2024-10-01,Dress,90,1075,40,3.4661060234699277,613,4.339783070051716,74506,10,4,1,0
2024-10-01,T-Shirt,129,1369,0,7.347759782823345,764,4.580401885921093,35346,10,4,1,0
2024-10-01,Sweater,66,1327,0,4.641805255960894,915,4.731617542997362,38690,10,4,1,0
2024-10-01,Jacket,179,654,30,8.587332522349328,839,3.8318567297100254,51069,10,4,1,0
2024-10-01,Pants,177,652,10,8.229370605644153,601,4.184488885733598,81820,10,4,1,0
2024-10-02,Dress,72,565,30,6.302407396544094,460,3.8451267377862126,70453,10,4,2,0
2024-10-02,T-Shirt,150,1001,40,7.989017246066981,170,4.709145121941122,33523,10,4,2,0
2024-10-02,Sweater,70,643,20,3.442432555716261,978,4.717834465352475,7970,10,4,2,0
2024-10-02,Jacket,61,1436,0,5.11244964908424,861,3.5614673333748357,72342,10,4,2,0
2024-10-02,Pants,82,211,40,7.367705370802385,134,4.207412856111638,90579,10,4,2,0
2024-10-03,Dress,172,910,20,2.5810506817172607,131,4.867458034602955,86214,10,4,3,0
2024-10-03,T-Shirt,126,150,20,4.0268145475446,295,4.464160492427439,58333,10,4,3,0
2024-10-03,Sweater,88,1497,30,4.901173297598113,274,3.7546377473107038,73580,10,4,3,0
2024-10-03,Jacket,154,727,20,3.1427669152640583,627,4.173685120895376,75393,10,4,3,0
2024-10-03,Pants,136,1248,10,7.4389258294888645,677,4.528814412629697,88030,10,4,3,0
2024-10-04,Dress,90,847,10,7.57374638517762,877,4.054606716309033,22500,10,4,4,0
2024-10-04,T-Shirt,66,1438,10,1.94962281761081,563,4.1719154603115545,76474,10,4,4,0
2024-10-04,Sweater,146,1268,10,3.067320838259209,857,4.7940127444185885,99415,10,4,4,0
2024-10-04,Jacket,165,1394,10,5.790739274633497,870,3.6245581367152795,55812,10,4,4,0
2024-10-04,Pants,114,969,20,8.266110590803317,431,4.083277244711175,98767,10,4,4,0
2024-10-05,Dress,117,604,10,2.786885729813815,327,4.613465368300586,89785,10,4,5,0
2024-10-05,T-Shirt,63,1167,20,1.1625419778396449,721,4.112356279019448,33690,10,4,5,0
2024-10-05,Sweater,115,316,0,3.1796510103439095,921,4.294750833443105,45209,10,4,5,0
2024-10-05,Jacket,166,746,20,9.864552847254798,423,3.924944791996553,22821,10,4,5,0
2024-10-05,Pants,172,879,0,8.80619175203822,406,4.2802744035985905,93267,10,4,5,0
2024-10-06,Dress,51,635,40,5.277673664409301,279,4.522190918775757,35531,10,4,6,0
2024-10-06,T-Shirt,58,242,20,3.5909155300136013,736,4.555292510272295,89274,10,4,6,0
2024-10-06,Sweater,59,795,0,7.378127546607146,553,3.9555857774477388,84287,10,4,6,0
2024-10-06,Jacket,112,1262,20,5.807983689381226,231,3.6547201413175414,37543,10,4,6,0
2024-10-06,Pants,169,840,30,5.495938311577377,133,4.077438083956336,56370,10,4,6,0
2024-10-07,Dress,159,933,20,9.66506327182659,325,4.237110895149002,69808,10,4,0,0
2024-10-07,T-Shirt,130,324,20,1.9735244879568339,448,3.79219070396589,82339,10,4,0,0
2024-10-07,Sweater,67,431,20,3.6860559503298447,991,4.8645902569012955,71567,10,4,0,0
2024-10-07,Jacket,100,640,40,1.5076122198471142,786,3.5101822610353848,89216,10,4,0,0
2024-10-07,Pants,132,1266,40,4.063969720894766,367,3.7239020190038707,13720,10,4,0,0
2024-10-08,Dress,171,1041,10,1.1775317181685794,937,4.092485405823549,78508,10,4,1,0
2024-10-08,T-Shirt,167,613,40,3.606244342036544,315,4.350518488130258,26381,10,4,1,0
2024-10-08,Sweater,172,167,40,4.395267871441259,840,4.656557555367282,88920,10,4,1,0
2024-10-08,Jacket,50,468,0,3.748721486884762,365,4.716242170043406,78527,10,4,1,0
2024-10-08,Pants,129,562,30,7.584439064675215,915,4.259824999862821,73306,10,4,1,0
2024-10-09,Dress,171,900,30,7.53943993598682,416,4.8069154821817355,72509,10,4,2,0
2024-10-09,T-Shirt,83,924,40,9.080162257528233,573,4.326976085994222,71793,10,4,2,0
2024-10-09,Sweater,108,1424,20,5.726267665926667,818,3.969914016707268,54272,10,4,2,0
2024-10-09,Jacket,142,405,40,7.324644693606282,168,3.6526317927515235,88029,10,4,2,0
2024-10-09,Pants,67,1400,0,3.9526271603709198,283,3.53664032441095,24340,10,4,2,0
2024-10-10,Dress,111,715,40,4.2392263259382705,392,4.386307884461388,30378,10,4,3,0
2024-10-10,T-Shirt,173,1039,30,3.2248460703756994,253,3.6550670108029397,54063,10,4,3,0
2024-10-10,Sweater,184,669,40,1.7703959754049148,258,4.214031060320179,75283,10,4,3,0
2024-10-10,Jacket,157,360,10,6.91406955155146,456,4.417242279078799,78030,10,4,3,0
2024-10-10,Pants,165,1355,10,1.97166203299752,128,4.383404033843822,63031,10,4,3,0
2024-10-11,Dress,123,1357,0,4.582784604126077,452,3.7689443528900726,34960,10,4,4,0
2024-10-11,T-Shirt,184,1192,10,8.171633590949108,736,4.1619115051251026,63105,10,4,4,0
2024-10-11,Sweater,91,404,40,9.724954381082906,661,4.676804778027343,29151,10,4,4,0
2024-10-11,Jacket,118,186,40,8.52745812068103,966,4.934199284513554,78601,10,4,4,0
2024-10-11,Pants,90,286,40,1.362971449463617,911,4.646383511036212,93306,10,4,4,0
2024-10-12,Dress,68,564,20,5.576850023479372,781,4.978883988455027,16929,10,4,5,0
2024-10-12,T-Shirt,190,295,20,4.56170346862619,954,4.072123015675035,83424,10,4,5,0
2024-10-12,Sweater,107,724,20,1.9485724134622604,572,4.544332154181909,86991,10,4,5,0
2024-10-12,Jacket,58,1082,40,8.427775621806841,435,4.556388611753629,19179,10,4,5,0
2024-10-12,Pants,89,723,40,8.227680781039703,976,4.349444215586131,88203,10,4,5,0
2024-10-13,Dress,121,1133,20,4.018044145133892,440,4.677607792345269,65010,10,4,6,0
2024-10-13,T-Shirt,97,880,10,9.712652526187105,130,3.567633284008085,90637,10,4,6,0
2024-10-13,Sweater,157,733,10,6.819590202917999,497,4.943454474761415,12283,10,4,6,0
2024-10-13,Jacket,122,405,0,2.7758257351845392,937,4.022040444783078,13744,10,4,6,0
2024-10-13,Pants,108,1006,0,8.314237390382042,572,4.04265500865947,5591,10,4,6,0
2024-10-14,Dress,183,570,40,7.33522083515297,447,4.170998639999282,42211,10,4,0,0
2024-10-14,T-Shirt,130,547,20,2.4069829455355474,407,4.5338660299430344,62016,10,4,0,0
2024-10-14,Sweater,148,1415,10,2.5368425510534705,894,4.250347218388702,89390,10,4,0,0
2024-10-14,Jacket,121,392,10,3.915813472390896,571,4.494359378516849,81464,10,4,0,0
2024-10-14,Pants,141,1195,30,7.327845133834895,176,4.392569517385642,74810,10,4,0,0
2024-10-15,Dress,184,1026,20,7.716289106316594,470,4.6822396822035595,17026,10,4,1,0
2024-10-15,T-Shirt,151,1168,40,8.725360417849561,802,4.050489900622921,68925,10,4,1,0
2024-10-15,Sweater,168,530,10,4.207299739795509,768,3.81393164229518,51628,10,4,1,0
2024-10-15,Jacket,102,679,30,4.419639570337773,484,4.0161132400555335,7347,10,4,1,0
2024-10-15,Pants,96,696,20,2.201639962175376,407,4.831586596839982,53135,10,4,1,0
2024-10-16,Dress,156,1381,0,2.3487651899789648,808,4.209758977446435,21991,10,4,2,0
2024-10-16,T-Shirt,75,784,10,3.783413003497258,150,4.54695768638542,40999,10,4,2,0
2024-10-16,Sweater,50,1378,20,1.416323703351555,508,4.793651195211735,60255,10,4,2,0
2024-10-16,Jacket,77,1154,20,4.004334205383136,866,4.461065337090832,74358,10,4,2,0
2024-10-16,Pants,111,706,0,5.88633750189806,333,3.769488933544868,32360,10,4,2,0
2024-10-17,Dress,191,325,0,8.070999417500104,234,4.844709285888943,86072,10,4,3,0
2024-10-17,T-Shirt,176,1416,40,9.504863070002587,155,4.608418769868091,45761,10,4,3,0
2024-10-17,Sweater,137,805,40,9.659673185426202,834,4.63833327521067,10813,10,4,3,0
2024-10-17,Jacket,63,848,40,3.273967019541541,330,3.96327091217243,44759,10,4,3,0
2024-10-17,Pants,164,460,0,1.2029429937707778,883,4.165399551977281,94900,10,4,3,0
2024-10-18,Dress,142,879,0,8.037573552749368,402,4.087911784682656,65204,10,4,4,0
2024-10-18,T-Shirt,126,1169,0,4.775623384037653,775,4.580879629055956,74803,10,4,4,0
2024-10-18,Sweater,150,861,40,1.1623411855418002,477,3.771827065420426,7419,10,4,4,0
2024-10-18,Jacket,110,1149,0,5.217864732967467,576,4.8012155352439585,62600,10,4,4,0
2024-10-18,Pants,117,493,40,2.2536702046639077,548,3.9741573319113437,95418,10,4,4,0
2024-10-19,Dress,128,1268,10,6.986081603022541,734,4.599991863075293,63268,10,4,5,0
2024-10-19,T-Shirt,66,557,40,9.30637070290546,662,4.477519692317641,73535,10,4,5,0
2024-10-19,Sweater,120,1343,40,2.336656818314057,480,4.9338781999430665,93913,10,4,5,0
2024-10-19,Jacket,148,1065,40,2.4649849092283187,943,4.136583527108765,64940,10,4,5,0
2024-10-19,Pants,183,175,10,1.2025389468581782,615,4.087513394803324,51104,10,4,5,0
2024-10-20,Dress,192,1094,20,8.086139635687363,284,3.7282619028228767,36323,10,4,6,0
2024-10-20,T-Shirt,110,547,30,9.602830389416676,645,4.817172795478552,31519,10,4,6,0
2024-10-20,Sweater,197,858,20,6.353494424987536,903,4.270450075892977,30651,10,4,6,0
2024-10-20,Jacket,192,1091,30,2.0396611009628396,851,4.871876652832622,15220,10,4,6,0
2024-10-20,Pants,156,531,0,4.718750309225179,113,4.989246238167046,74134,10,4,6,0
2024-10-21,Dress,112,176,40,6.977374885490338,151,4.846128575117261,83004,10,4,0,0
2024-10-21,T-Shirt,106,1293,30,5.367526453991784,746,3.6187796136629387,35916,10,4,0,0
2024-10-21,Sweater,182,1120,0,9.573779177207753,652,4.081646492794625,12043,10,4,0,0
2024-10-21,Jacket,51,391,40,3.412103504676376,856,3.7592300771846783,74000,10,4,0,0
2024-10-21,Pants,75,743,20,3.8141439852501295,711,3.8322907278535507,75192,10,4,0,0
2024-10-22,Dress,194,212,10,7.8651914758822485,936,4.306879289493865,91274,10,4,1,0
2024-10-22,T-Shirt,52,763,30,6.4124828738360735,144,4.610469546265927,56364,10,4,1,0
2024-10-22,Sweater,58,1238,20,1.0121997204815396,792,4.571229719588261,98449,10,4,1,0
2024-10-22,Jacket,121,1390,20,3.248807187321364,429,4.816233862597232,49078,10,4,1,0
2024-10-22,Pants,136,970,40,9.938473650401306,413,4.854314970594494,66901,10,4,1,0
2024-10-23,Dress,121,635,30,7.8312524324608255,128,3.522497750565705,94340,10,4,2,0
2024-10-23,T-Shirt,178,209,20,6.241217095575693,870,4.772626589645767,73147,10,4,2,0
2024-10-23,Sweater,109,695,40,4.10915036321442,330,4.145740375147265,78973,10,4,2,0
2024-10-23,Jacket,160,383,40,1.313192798815151,227,4.967666588230355,91818,10,4,2,0
2024-10-23,Pants,156,1301,20,9.523362503299232,574,4.409768337984828,54262,10,4,2,0
2024-10-24,Dress,139,912,40,4.76317614673838,231,3.8975523772108214,95209,10,4,3,0
2024-10-24,T-Shirt,169,442,0,7.46743366621176,751,4.476765441115427,39674,10,4,3,0
2024-10-24,Sweater,157,1217,10,4.343170054010244,352,4.218455842180207,97019,10,4,3,0
2024-10-24,Jacket,168,623,10,8.923797125862443,134,4.960670751468394,89242,10,4,3,0
2024-10-24,Pants,57,671,20,7.363280523905959,882,4.480646754639855,95321,10,4,3,0
2024-10-25,Dress,95,175,10,5.611957918694958,410,3.82126437910938,67598,10,4,4,0
2024-10-25,T-Shirt,104,1329,0,5.803528723043,584,4.856602154775429,95444,10,4,4,0
2024-10-25,Sweater,92,1056,0,4.03229721769071,127,4.124888341676298,68350,10,4,4,0
2024-10-25,Jacket,150,700,10,5.713826468975649,781,4.487425675139236,57107,10,4,4,0
2024-10-25,Pants,179,1168,30,5.670436278382812,564,4.0643021199427976,89422,10,4,4,0
2024-10-26,Dress,125,888,0,9.351105668758244,877,4.4412592313026495,68589,10,4,5,0
2024-10-26,T-Shirt,157,1338,40,7.6964450610572,434,4.511087679130544,38642,10,4,5,0
2024-10-26,Sweater,150,513,30,7.45497307909378,659,4.13988785158159,91889,10,4,5,0
2024-10-26,Jacket,196,1117,0,1.2845803441371757,264,4.850999126162943,92331,10,4,5,0
2024-10-26,Pants,130,1066,10,2.980596293062226,836,4.913904050727121,36403,10,4,5,0
2024-10-27,Dress,61,968,0,6.991438917314264,763,4.033952586248355,73795,10,4,6,0
2024-10-27,T-Shirt,188,162,20,7.68999622209091,867,4.265370649704718,39579,10,4,6,0
2024-10-27,Sweater,121,990,30,5.031959092019814,142,3.634738628858126,77302,10,4,6,0
2024-10-27,Jacket,84,684,10,7.606661779052902,559,4.257109213070527,61627,10,4,6,0
2024-10-27,Pants,118,728,0,1.9092542184213266,613,4.621885476967126,20295,10,4,6,0
2024-10-28,Dress,127,433,20,4.251397495653906,678,3.845742256027281,95743,10,4,0,0
2024-10-28,T-Shirt,97,708,40,8.25410539439636,258,4.847958392451655,84082,10,4,0,0
2024-10-28,Sweater,199,554,0,1.236679540162017,696,4.097838836216192,78616,10,4,0,1
2024-10-28,Jacket,96,1386,20,6.006127546231955,623,4.302879101943963,47244,10,4,0,0
2024-10-28,Pants,122,835,30,4.1611944905499545,321,4.78683377786936,53692,10,4,0,0
2024-10-29,Dress,158,690,20,5.070470610602251,890,4.243729208972809,90982,10,4,1,0
2024-10-29,T-Shirt,102,1013,10,9.06230891258721,372,4.263833807490617,83047,10,4,1,0
2024-10-29,Sweater,69,781,10,5.503002901084201,309,3.689817966794566,53348,10,4,1,0
2024-10-29,Jacket,55,764,10,5.969447442739112,555,4.762035156957798,64405,10,4,1,0
2024-10-29,Pants,182,1207,30,6.999520479348565,298,4.10292788692283,53282,10,4,1,0
2024-10-30,Dress,127,1251,30,6.891590741639166,911,3.629668629760098,18731,10,4,2,0
2024-10-30,T-Shirt,56,1333,20,3.1313163470839234,635,4.989205967279021,72439,10,4,2,0
2024-10-30,Sweater,153,1227,10,4.7502535570612014,387,3.993508594493349,27725,10,4,2,0
2024-10-30,Jacket,102,1045,20,4.696303605278888,126,3.512397946918788,48372,10,4,2,0
2024-10-30,Pants,152,1109,40,6.258023099485463,344,3.5737377854321415,61947,10,4,2,0
2024-10-31,Dress,190,627,40,8.886631136715437,995,3.689254385223105,80268,10,4,3,0
2024-10-31,T-Shirt,68,935,0,6.873520615726181,877,4.880170719983943,92381,10,4,3,0
2024-10-31,Sweater,62,1356,0,7.208389641958857,561,3.686517976163616,38910,10,4,3,0
2024-10-31,Jacket,68,894,20,8.353919197023535,843,4.67587937730131,5557,10,4,3,0
2024-10-31,Pants,63,746,20,5.068393989218215,256,4.0253549214906155,68394,10,4,3,0
2024-11-01,Dress,126,836,10,1.039236219609224,942,4.340257843351038,79442,11,4,4,0
2024-11-01,T-Shirt,108,388,10,9.234369429663543,752,4.726118682903666,58609,11,4,4,0
2024-11-01,Sweater,270,246,30,7.207313813756818,841,3.5913683403072905,30816,11,4,4,1
2024-11-01,Jacket,295,973,30,4.559320252284912,574,4.970706196674607,54695,11,4,4,1
2024-11-01,Pants,165,670,0,1.4669386983459298,772,3.612640468707971,69075,11,4,4,0
2024-11-02,Dress,179,520,20,8.846796212658504,384,4.443082080538373,79280,11,4,5,0
2024-11-02,T-Shirt,75,1431,10,1.175703136281947,865,4.2243416548978985,56928,11,4,5,0
2024-11-02,Sweater,305,929,0,7.614846744669059,851,4.79315611017722,90818,11,4,5,1
2024-11-02,Jacket,210,1445,0,2.4175049326822347,861,4.390415816669622,6669,11,4,5,1
2024-11-02,Pants,72,787,30,1.9746042083462514,240,3.8411325930852938,11021,11,4,5,0
2024-11-03,Dress,112,443,10,6.791969106886757,139,3.5943389336787304,13711,11,4,6,0
2024-11-03,T-Shirt,153,695,30,5.1612530252296525,799,3.6718179493797236,8093,11,4,6,0
2024-11-03,Sweater,275,1346,20,8.033708165797604,450,4.980623546008955,18280,11,4,6,1
2024-11-03,Jacket,303,492,10,6.083372465977565,392,4.812681488573742,98409,11,4,6,1
2024-11-03,Pants,135,794,10,4.067947139431213,601,3.896895667821545,9830,11,4,6,0
2024-11-04,Dress,172,1374,20,1.104804095527866,508,4.662741392793405,72696,11,4,0,0
2024-11-04,T-Shirt,186,299,20,5.945406161606384,679,4.394711866315928,72904,11,4,0,0
2024-11-04,Sweater,232,681,0,5.988903382752898,711,4.468098011468728,14862,11,4,0,1
2024-11-04,Jacket,312,322,20,7.837491958128328,475,4.456168068076853,99218,11,4,0,1
2024-11-04,Pants,80,1185,30,7.31752480107826,534,4.913914565237984,45308,11,4,0,0
2024-11-05,Dress,66,1080,0,6.780876858781698,675,4.010577256516323,28382,11,4,1,0
2024-11-05,T-Shirt,65,468,30,9.56588964528094,720,4.9665692192382505,66836,11,4,1,0
2024-11-05,Sweater,302,609,40,7.207314781281609,818,4.445051866313658,54648,11,4,1,1
2024-11-05,Jacket,241,1488,40,6.2158273223498295,713,4.891255326944863,8216,11,4,1,1
2024-11-05,Pants,106,1142,0,3.2811141670571464,553,3.655662062952111,9960,11,4,1,0
2024-11-06,Dress,143,259,20,6.930485145412685,150,4.692196632231164,22883,11,4,2,0
2024-11-06,T-Shirt,136,1241,30,1.911386628886687,830,4.072937028567903,7243,11,4,2,0
2024-11-06,Sweater,217,261,40,1.3734937394714033,125,3.8663505505461178,85402,11,4,2,1
2024-11-06,Jacket,218,1279,40,4.5259456781080285,345,4.769178778332668,5908,11,4,2,1
2024-11-06,Pants,189,671,0,2.30757408771208,363,4.1446055133946675,54323,11,4,2,0
2024-11-07,Dress,58,1199,40,6.141880138897925,455,4.987549191527844,48271,11,4,3,0
2024-11-07,T-Shirt,187,965,20,1.367065120919663,561,4.995755377138587,32278,11,4,3,0
2024-11-07,Sweater,346,1019,20,9.302490066722529,152,4.717719660418668,54086,11,4,3,1
2024-11-07,Jacket,244,636,10,3.485067691991123,719,3.545744821779132,26256,11,4,3,1
2024-11-07,Pants,83,358,20,5.630742429240164,526,4.275725543425816,21191,11,4,3,0
2024-11-08,Dress,83,1441,0,2.8405390482351622,954,4.618796357548,17204,11,4,4,0
2024-11-08,T-Shirt,163,1400,0,4.970045476885003,488,4.437540181715494,58365,11,4,4,0
2024-11-08,Sweater,213,904,40,4.409983812993447,223,3.60653685147399,8465,11,4,4,1
2024-11-08,Jacket,363,1230,20,8.32870885304429,249,4.067294524292328,91135,11,4,4,1
2024-11-08,Pants,119,248,10,2.6953140886036278,613,4.895793901511028,57800,11,4,4,0
2024-11-09,Dress,119,730,0,7.456631998646893,346,4.556529434708195,8339,11,4,5,0
2024-11-09,T-Shirt,152,1092,20,1.3763946140781882,915,4.343768178702975,9395,11,4,5,0
2024-11-09,Sweater,354,1476,10,4.579560780604501,577,4.486166490766197,76596,11,4,5,1
2024-11-09,Jacket,169,1007,30,3.249988617014486,167,4.6191964673579635,16158,11,4,5,0
2024-11-09,Pants,101,799,30,5.970000521564619,253,4.212618470075366,55460,11,4,5,0
2024-11-10,Dress,76,1233,10,2.7853528586293117,680,3.5470423532068827,54684,11,4,6,0
2024-11-10,T-Shirt,151,1048,0,1.5667426786033039,869,4.3162701739129306,60152,11,4,6,0
2024-11-10,Sweater,210,1241,40,3.7935828576626034,736,4.898968576011752,5260,11,4,6,1
2024-11-10,Jacket,234,1335,0,1.9740398208899375,561,4.653754804285381,12207,11,4,6,1
2024-11-10,Pants,66,1016,40,3.4929803660924446,478,3.7582914011386315,79092,11,4,6,0
2024-11-11,Dress,102,1197,30,7.935782743132858,372,3.9108723059448556,62346,11,4,0,0
2024-11-11,T-Shirt,192,456,40,1.051935951636712,292,3.7872401148962034,22256,11,4,0,0
2024-11-11,Sweater,292,358,10,5.1353497094514875,219,4.5927064183378885,41776,11,4,0,1
2024-11-11,Jacket,226,1262,30,1.1407896577669072,791,4.764766880979261,66687,11,4,0,1
2024-11-11,Pants,189,1491,30,2.3773833744743915,785,4.35584210693691,56550,11,4,0,0
2024-11-12,Dress,192,1116,30,6.393642096794308,723,4.268316525215427,33016,11,4,1,0
2024-11-12,T-Shirt,159,519,20,7.182571972468945,886,4.063066030848979,38717,11,4,1,0
2024-11-12,Sweater,227,638,0,1.5788730087422516,454,4.447066154593144,88402,11,4,1,1
2024-11-12,Jacket,362,685,20,9.19715437458954,267,4.6848286069277645,62771,11,4,1,1
2024-11-12,Pants,148,345,0,3.622459474186589,793,4.177111505650354,61234,11,4,1,0
2024-11-13,Dress,61,160,30,3.304795836145814,508,4.213913326321586,74715,11,4,2,0
2024-11-13,T-Shirt,156,283,30,1.904773228226523,479,3.6897203850369644,98419,11,4,2,0
2024-11-13,Sweater,275,491,20,5.621481652076715,511,4.238782781030762,37926,11,4,2,1
2024-11-13,Jacket,383,698,40,5.809470078117369,446,3.563501738777455,94723,11,4,2,1
2024-11-13,Pants,72,628,30,2.946708462665458,641,3.9908317747421806,41051,11,4,2,0
2024-11-14,Dress,87,509,30,5.083783842253181,114,4.1519859770766265,69265,11,4,3,0
2024-11-14,T-Shirt,169,1125,0,1.4027629053361435,622,4.349846004845211,38092,11,4,3,0
2024-11-14,Sweater,226,1223,10,7.097200920410157,490,4.495556718389384,54997,11,4,3,1
2024-11-14,Jacket,305,281,30,6.802050574650559,372,3.535574540458686,74445,11,4,3,1
2024-11-14,Pants,129,633,40,7.493606018590812,732,4.902198454510249,56432,11,4,3,0
2024-11-15,Dress,85,562,30,8.382636645482595,653,4.439728459956136,91129,11,4,4,0
2024-11-15,T-Shirt,190,1347,10,6.1628788268988135,563,4.923057377358771,35788,11,4,4,0
2024-11-15,Sweater,320,216,30,1.8864517751146292,647,4.686795743127048,62492,11,4,4,1
2024-11-15,Jacket,266,733,40,2.6155023444491556,483,3.8786207194648403,5528,11,4,4,1
2024-11-15,Pants,56,729,40,4.148755248002306,494,4.332508508501729,75441,11,4,4,0
2024-11-16,Dress,112,1181,20,4.202613201204735,919,3.8144913831675504,8925,11,4,5,0
2024-11-16,T-Shirt,65,1178,10,5.1612560573296,217,4.91345140685181,14797,11,4,5,0
2024-11-16,Sweater,270,1479,0,4.970809919916391,384,3.7066443940977796,35436,11,4,5,1
2024-11-16,Jacket,374,1290,10,7.257467196499752,526,4.511002056604781,15204,11,4,5,1
2024-11-16,Pants,138,1310,20,1.5246748347612133,270,4.406308219794957,55304,11,4,5,0
2024-11-17,Dress,106,1354,20,2.011446774358385,317,3.842613442351158,33214,11,4,6,0
2024-11-17,T-Shirt,50,1329,40,8.093070459506972,798,3.743978327284851,32399,11,4,6,0
2024-11-17,Sweater,217,1084,20,5.920115498999083,952,3.790990934335096,11907,11,4,6,1
2024-11-17,Jacket,291,583,10,8.250227437971102,205,4.3720498358068625,29102,11,4,6,1
2024-11-17,Pants,91,253,40,8.001859833896088,381,4.346190415642995,7994,11,4,6,0
2024-11-18,Dress,159,1383,40,3.681818151960426,148,3.7673926722331603,52606,11,4,0,0
2024-11-18,T-Shirt,114,1135,30,8.911992015036683,435,3.8989610969811683,59921,11,4,0,0
2024-11-18,Sweater,344,846,20,6.703908938186463,458,3.5121622953293197,29474,11,4,0,1
2024-11-18,Jacket,265,1261,20,7.182346750968723,702,4.762273586093185,54854,11,4,0,1
2024-11-18,Pants,130,1076,10,1.113355343524841,449,3.848410047185751,51996,11,4,0,0
2024-11-19,Dress,149,1482,30,2.416406633819808,119,4.630906526662136,57201,11,4,1,0
2024-11-19,T-Shirt,184,418,20,7.931181627360274,705,4.291436685258062,26292,11,4,1,0
2024-11-19,Sweater,224,1485,10,6.246986317464841,404,4.976290087577845,25504,11,4,1,1
2024-11-19,Jacket,267,874,30,6.028362951364869,375,4.743000715300391,56921,11,4,1,1
2024-11-19,Pants,106,846,20,9.995467153768494,467,3.944522115320871,60076,11,4,1,0
2024-11-20,Dress,133,453,30,1.008152517214812,915,4.18446186748726,44941,11,4,2,0
2024-11-20,T-Shirt,127,1093,30,1.1284928351724912,655,4.95585999894104,52857,11,4,2,0
2024-11-20,Sweater,214,526,30,8.988062125714148,313,3.7195595998834516,67583,11,4,2,1
2024-11-20,Jacket,218,180,40,3.7439142165208636,388,4.012567819012532,66161,11,4,2,1
2024-11-20,Pants,198,697,0,5.019417109959903,957,4.719773220926692,79248,11,4,2,0
2024-11-21,Dress,79,776,40,9.183385391098067,608,4.752959691287675,54167,11,4,3,0
2024-11-21,T-Shirt,71,1146,0,2.862876727001076,329,4.390810651501792,20748,11,4,3,0
2024-11-21,Sweater,206,1238,0,4.362711868834518,477,3.668361607987383,46435,11,4,3,1
2024-11-21,Jacket,231,1336,0,1.0243109515074713,599,3.6495893057800517,59567,11,4,3,1
2024-11-21,Pants,149,660,30,1.3905746072070477,680,3.7539977861104123,90211,11,4,3,0
2024-11-22,Dress,88,768,40,6.540507567301231,862,4.604026052548004,93815,11,4,4,0
2024-11-22,T-Shirt,159,161,0,4.401715200771557,393,3.7691678563712796,94521,11,4,4,0
2024-11-22,Sweater,315,1018,30,5.9007816361405725,176,3.712899816139098,25561,11,4,4,1
2024-11-22,Jacket,356,358,40,2.7011555447184747,621,4.4634634336865275,77144,11,4,4,1
2024-11-22,Pants,165,930,30,9.69489885458334,190,3.9269153968402657,6753,11,4,4,0
2024-11-23,Dress,141,1377,30,1.850161832209782,456,4.036224655237824,71617,11,4,5,0
2024-11-23,T-Shirt,84,224,0,4.967696014322643,428,4.506054611218841,79504,11,4,5,0
2024-11-23,Sweater,263,370,20,2.8934789904471163,554,4.021952999232825,27187,11,4,5,1
2024-11-23,Jacket,368,1259,10,5.232241767958789,907,3.6470081223064126,30538,11,4,5,1
2024-11-23,Pants,195,1095,10,3.2362167197506784,964,3.6603797965697322,16881,11,4,5,0
2024-11-24,Dress,182,463,30,1.6504453811021635,258,3.8732244730073333,43749,11,4,6,0
2024-11-24,T-Shirt,140,897,10,6.587493694967736,573,4.764893064232647,74306,11,4,6,0
2024-11-24,Sweater,277,1046,20,2.4029262777682514,164,3.5770015569855165,86397,11,4,6,1
2024-11-24,Jacket,404,295,0,3.2704218064076134,838,3.8316848943335224,6620,11,4,6,1
2024-11-24,Pants,183,984,0,1.1278194055368824,629,4.131703784363749,96707,11,4,6,0
2024-11-25,Dress,137,176,30,4.20059799331809,651,4.489704052100475,54831,11,4,0,0
2024-11-25,T-Shirt,55,935,0,7.370758931087837,826,4.0632479330310804,68865,11,4,0,0
2024-11-25,Sweater,359,1055,20,4.586518259235823,108,4.2799971860553825,37535,11,4,0,1
2024-11-25,Jacket,391,1463,40,4.2246051726149405,946,4.720743697389265,45498,11,4,0,1
2024-11-25,Pants,101,783,10,8.732701348494125,144,3.86940610115476,90366,11,4,0,0
2024-11-26,Dress,156,1200,0,8.652406549023318,456,4.531847968218613,55969,11,4,1,0
2024-11-26,T-Shirt,170,941,30,4.9794052430153055,530,4.206381239626453,8192,11,4,1,0
2024-11-26,Sweater,262,1048,20,8.226696709977102,787,4.808306793498343,32002,11,4,1,1
2024-11-26,Jacket,261,1149,20,8.591312522129627,421,3.658586840646702,60114,11,4,1,1
2024-11-26,Pants,94,607,20,8.207285452091492,816,4.404505760644867,76591,11,4,1,0
2024-11-27,Dress,73,493,0,7.0113202623647615,783,4.261775214706222,22601,11,4,2,0
2024-11-27,T-Shirt,198,524,20,5.776755421493281,874,3.9769397474894266,21292,11,4,2,0
2024-11-27,Sweater,268,225,10,7.29195584859728,379,4.344033133686094,9841,11,4,2,1
2024-11-27,Jacket,254,1194,0,3.2950328725096814,606,4.0387427364206285,16991,11,4,2,1
2024-11-27,Pants,93,1264,0,7.3560924867860376,704,4.3666036552412635,42317,11,4,2,0
2024-11-28,Dress,132,656,10,4.8182113288592205,327,4.369951730304714,94882,11,4,3,0
2024-11-28,T-Shirt,120,486,30,3.817228192314232,375,3.53096515931869,42890,11,4,3,0
2024-11-28,Sweater,280,390,20,4.947898432153371,496,3.9786124584810896,35105,11,4,3,1
2024-11-28,Jacket,202,896,0,8.281310952163075,516,3.799528139252269,99835,11,4,3,1
2024-11-28,Pants,101,1170,30,5.058132877838333,109,4.249965897443628,23413,11,4,3,0
2024-11-29,Dress,67,798,0,3.319796940652987,715,3.7202024476309945,93241,11,4,4,0
2024-11-29,T-Shirt,150,1179,40,7.605058338096339,426,3.754557858732867,70930,11,4,4,0
2024-11-29,Sweater,206,898,40,5.667748215994113,872,3.890950182135502,64076,11,4,4,1
2024-11-29,Jacket,358,1149,0,6.17751635369275,243,3.688491718369374,55955,11,4,4,1
2024-11-29,Pants,124,152,30,3.822176188576277,840,4.619382341525308,90674,11,4,4,0
2024-11-30,Dress,122,404,20,6.7403996133346915,683,4.1377840753604875,18515,11,4,5,0
2024-11-30,T-Shirt,129,1471,40,9.37917348291734,431,4.017769757443446,30475,11,4,5,0
2024-11-30,Sweater,377,783,30,6.176874637565208,969,3.904235075200045,42321,11,4,5,1
2024-11-30,Jacket,211,1445,0,6.179681952695116,300,3.502897871437258,13584,11,4,5,1
2024-11-30,Pants,189,1292,0,7.590737729975193,430,3.8218347819950034,98878,11,4,5,0
2024-12-01,Dress,183,1065,20,5.291539973722644,724,4.00820175489067,94082,12,4,6,0
2024-12-01,T-Shirt,169,1320,10,5.837707901827437,202,3.5523204587300414,96643,12,4,6,0
2024-12-01,Sweater,371,1382,40,4.535070816958345,925,4.147476281276572,7395,12,4,6,1
2024-12-01,Jacket,218,1278,30,6.824001348766851,899,3.5016972126813055,98176,12,4,6,1
2024-12-01,Pants,186,450,10,1.3430642066964245,364,4.2710462292138045,9096,12,4,6,0
2024-12-02,Dress,54,212,20,9.37316059419761,945,4.664257238060335,82975,12,4,0,0
2024-12-02,T-Shirt,181,775,0,6.038948490192855,301,3.957219716967699,81422,12,4,0,0
2024-12-02,Sweater,357,1230,30,6.952438700604901,821,3.8777800435185634,88482,12,4,0,1
2024-12-02,Jacket,382,314,30,1.1994096647461916,189,4.0466147989931045,39019,12,4,0,1
2024-12-02,Pants,128,757,40,7.761458052439713,993,4.213124355656022,23414,12,4,0,0
2024-12-03,Dress,196,1289,20,5.281336703701506,271,4.0970096562557226,32584,12,4,1,0
2024-12-03,T-Shirt,179,1229,30,2.4631036179713073,717,4.874633283751301,21995,12,4,1,0
2024-12-03,Sweater,226,549,0,7.567296647020488,131,4.994675757650134,85974,12,4,1,1
2024-12-03,Jacket,371,225,30,4.661283622211645,180,3.6270930249354767,80446,12,4,1,1
2024-12-03,Pants,120,1118,10,1.501619738512619,170,4.757751485664719,12758,12,4,1,0
2024-12-04,Dress,198,1059,10,6.044854171750938,976,3.7317398543090574,26348,12,4,2,0
2024-12-04,T-Shirt,55,393,10,7.236746143963006,588,4.465622798664385,45484,12,4,2,0
2024-12-04,Sweater,259,546,20,3.5745404649335697,629,4.5682822905111715,34605,12,4,2,1
2024-12-04,Jacket,266,855,30,1.8003657047952148,380,4.1275620576617715,91173,12,4,2,1
2024-12-04,Pants,153,183,40,2.955016892359733,790,4.5100872185447525,77153,12,4,2,0
2024-12-05,Dress,80,1033,40,2.803157663035653,885,4.702621125268641,75097,12,4,3,0
2024-12-05,T-Shirt,129,933,40,7.459844903346077,893,4.746383736232776,7124,12,4,3,0
2024-12-05,Sweater,204,611,20,4.701271586309822,221,4.876023352260123,5997,12,4,3,1
2024-12-05,Jacket,259,979,30,4.330803520629738,890,4.862284393544754,90447,12,4,3,1
2024-12-05,Pants,127,683,30,2.9082506545200606,114,4.150902874447061,8743,12,4,3,0
2024-12-06,Dress,162,1014,40,6.732478095495672,958,3.6377755058438015,53795,12,4,4,0
2024-12-06,T-Shirt,147,772,0,8.517063617614134,519,4.73483953886975,66600,12,4,4,0
2024-12-06,Sweater,333,1324,30,3.7315911239030033,562,4.680392158844993,19892,12,4,4,1
2024-12-06,Jacket,267,389,40,7.093911487216282,960,3.619607836144192,75935,12,4,4,1
2024-12-06,Pants,165,418,30,3.2815091449519582,152,3.7021967426292157,21417,12,4,4,0
2024-12-07,Dress,77,535,0,5.611856962389907,509,4.295394838457523,67233,12,4,5,0
2024-12-07,T-Shirt,133,1023,30,4.985651777276896,686,4.612709712869258,97604,12,4,5,0
2024-12-07,Sweater,241,642,10,6.136206954191632,745,4.78622788060433,13983,12,4,5,1
2024-12-07,Jacket,204,1111,40,3.733597801796908,725,3.599941997615562,28466,12,4,5,1
2024-12-07,Pants,108,535,0,4.98928097327466,453,4.228017345701627,37500,12,4,5,0
2024-12-08,Dress,80,1044,20,4.185151004906354,951,4.497699290275588,26173,12,4,6,0
2024-12-08,T-Shirt,194,296,20,3.9231902384232447,593,4.513106655702941,94023,12,4,6,0
2024-12-08,Sweater,286,499,0,5.239993194979785,128,4.859163620970557,11928,12,4,6,1
2024-12-08,Jacket,186,967,0,4.57739193180365,971,4.530407533500055,71399,12,4,6,0
2024-12-08,Pants,85,1210,20,5.28961744457766,258,3.9756098281455365,21997,12,4,6,0
2024-12-09,Dress,130,1256,30,1.4857278528465256,668,4.829110950643288,50520,12,4,0,0
2024-12-09,T-Shirt,95,1104,10,5.528884750763888,494,4.12525192283419,66477,12,4,0,0
2024-12-09,Sweater,279,543,10,7.7431269754222045,842,4.863956219609074,64719,12,4,0,1
2024-12-09,Jacket,301,660,0,3.5117662253615514,815,4.480851719553886,72551,12,4,0,1
2024-12-09,Pants,113,943,30,2.8729899677845667,680,3.9372753922267885,21108,12,4,0,0
2024-12-10,Dress,57,955,40,9.939034605524943,420,3.837345208595611,95666,12,4,1,0
2024-12-10,T-Shirt,95,349,40,1.008487382747413,831,4.464119069112919,55808,12,4,1,0
2024-12-10,Sweater,305,617,20,9.13390535259196,840,4.268047428037234,77867,12,4,1,1
2024-12-10,Jacket,291,787,10,9.232785112041638,488,3.8872372514877176,25662,12,4,1,1
2024-12-10,Pants,102,1479,20,2.3332052981474476,752,3.864909626706048,85140,12,4,1,0
2024-12-11,Dress,69,727,20,9.04649144683498,246,4.985561644368294,20225,12,4,2,0
2024-12-11,T-Shirt,103,667,30,9.84650429458199,538,4.2846951693593365,16937,12,4,2,0
2024-12-11,Sweater,182,792,0,9.179416278719172,435,4.335428137496263,22358,12,4,2,0
2024-12-11,Jacket,187,1268,0,4.750741545616478,982,3.661783664230272,59479,12,4,2,0
2024-12-11,Pants,89,1212,30,4.132271374374276,975,4.7705180530836255,7925,12,4,2,0
2024-12-12,Dress,146,1364,10,3.3894929549645396,596,3.8618101619420346,89816,12,4,3,0
2024-12-12,T-Shirt,165,684,10,5.399014494066995,506,4.006633980698344,41181,12,4,3,0
2024-12-12,Sweater,276,707,0,6.004471818519648,321,4.55663543221623,93954,12,4,3,1
2024-12-12,Jacket,347,1495,0,1.9228108430137962,553,4.873891619155671,47407,12,4,3,1
2024-12-12,Pants,76,663,0,7.147164866447449,923,3.522819642793033,91540,12,4,3,0
2024-12-13,Dress,175,1357,10,8.621047244519463,329,4.468946393748742,80583,12,4,4,0
2024-12-13,T-Shirt,120,871,0,4.961149268916937,140,3.5591779293840373,27787,12,4,4,0
2024-12-13,Sweater,320,195,10,3.591807471392504,235,4.886934226763793,43059,12,4,4,1
2024-12-13,Jacket,382,937,30,8.993709576677684,219,4.786927918103505,93771,12,4,4,1
2024-12-13,Pants,70,444,40,3.5219476629151396,151,4.234897629867291,70563,12,4,4,0
2024-12-14,Dress,193,913,20,9.112599471063099,860,4.1830462018422505,66404,12,4,5,0
2024-12-14,T-Shirt,189,709,20,1.3028529892155096,276,4.127670184574342,84232,12,4,5,0
2024-12-14,Sweater,278,1181,0,5.6700057848597325,854,3.8412363363035937,22868,12,4,5,1
2024-12-14,Jacket,321,586,10,7.206721677236089,686,4.439965524967637,15223,12,4,5,1
2024-12-14,Pants,88,607,30,3.253990615782433,473,4.4600731953950845,60235,12,4,5,0
2024-12-15,Dress,84,968,30,1.1208062360811484,460,3.781416482818137,51996,12,4,6,0
2024-12-15,T-Shirt,161,214,30,7.119806937856853,915,4.191381159379489,34427,12,4,6,0
2024-12-15,Sweater,260,936,20,7.448982758010996,910,3.758149778974793,55547,12,4,6,1
2024-12-15,Jacket,305,261,40,9.657798892607133,683,4.682827763012385,93294,12,4,6,1
2024-12-15,Pants,98,1476,10,9.017440782168418,161,4.676092669742719,83629,12,4,6,0
2024-12-16,Dress,174,890,30,5.87692155948598,725,3.937366575139896,87025,12,4,0,0
2024-12-16,T-Shirt,180,925,40,5.9104761798443555,332,4.508171690148199,96057,12,4,0,0
2024-12-16,Sweater,321,1449,30,4.445148773308151,683,4.790767229881167,27650,12,4,0,1
2024-12-16,Jacket,342,577,20,4.123423233583993,731,4.747124932895467,29346,12,4,0,1
2024-12-16,Pants,184,577,10,2.926064018564868,911,4.004615820774903,75290,12,4,0,0
2024-12-17,Dress,55,1332,0,2.4406669493805757,254,4.976247439224823,22279,12,4,1,0
2024-12-17,T-Shirt,115,1142,40,8.137073432102845,453,4.902826715256312,72969,12,4,1,0
2024-12-17,Sweater,234,1451,20,2.9175449591578198,692,4.522289044829975,66455,12,4,1,1
2024-12-17,Jacket,258,800,30,1.3777545361915542,802,4.88198445064522,63841,12,4,1,1
2024-12-17,Pants,189,755,30,6.50418890931461,950,4.968892798412964,47628,12,4,1,0
2024-12-18,Dress,154,816,30,5.32213042123924,727,3.572849979588944,90504,12,4,2,0
2024-12-18,T-Shirt,141,1413,10,9.973196241055273,794,4.888293982470342,54107,12,4,2,0
2024-12-18,Sweater,258,366,40,2.4762765831345046,855,4.428639642906679,68797,12,4,2,1
2024-12-18,Jacket,246,795,20,3.8493671357138206,879,4.0310294570480165,79292,12,4,2,1
2024-12-18,Pants,148,1420,30,5.897639388081707,319,3.5682298122084117,68238,12,4,2,0
2024-12-19,Dress,64,941,20,4.31186569468108,861,3.887876332329161,34992,12,4,3,0
2024-12-19,T-Shirt,131,1480,30,1.0390966100568093,624,3.9642223687923006,19219,12,4,3,0
2024-12-19,Sweater,239,710,40,7.383448105028317,974,4.1406598442555635,31567,12,4,3,1
2024-12-19,Jacket,373,1428,0,2.717285423016764,665,4.700772686897725,62805,12,4,3,1
2024-12-19,Pants,127,485,0,8.078940427285094,543,3.8634659095811714,27873,12,4,3,0
2024-12-20,Dress,170,905,40,3.6108303845567313,927,4.369942970802667,64799,12,4,4,0
2024-12-20,T-Shirt,79,1000,30,8.077306473655282,149,4.99741614330987,17875,12,4,4,0
2024-12-20,Sweater,319,819,10,6.090803941463097,705,4.183206756094052,83655,12,4,4,1
2024-12-20,Jacket,262,1251,10,1.0722867748806064,386,4.231397657074341,95179,12,4,4,1
2024-12-20,Pants,104,1129,20,7.886378447636922,508,4.153257541179888,98826,12,4,4,0
2024-12-21,Dress,118,1275,10,7.92456199156722,521,4.450668559314876,23909,12,4,5,0
2024-12-21,T-Shirt,169,1464,0,1.019268274109277,137,4.172112727372451,65955,12,4,5,0
2024-12-21,Sweater,286,1066,30,9.735400610717127,105,4.254842518079176,11414,12,4,5,1
2024-12-21,Jacket,259,960,20,2.6055842673572296,256,3.864502871193179,96250,12,4,5,1
2024-12-21,Pants,189,919,0,8.695797975154324,621,3.8813267436000323,51612,12,4,5,0
2024-12-22,Dress,64,517,40,9.780444717302009,799,4.353660470544206,94846,12,4,6,0
2024-12-22,T-Shirt,54,380,0,8.28408545864832,248,4.318044278200462,89553,12,4,6,0
2024-12-22,Sweater,240,910,0,9.723242249402578,796,3.738279037915934,82754,12,4,6,1
2024-12-22,Jacket,318,172,30,6.315306919647265,565,3.7651353011351913,21040,12,4,6,1
2024-12-22,Pants,69,770,0,3.597996724079144,379,3.790315059859359,36276,12,4,6,0
2024-12-23,Dress,179,1327,30,6.033716848691443,458,4.172339873162337,59499,12,4,0,0
2024-12-23,T-Shirt,143,1211,40,3.9124852249066366,142,4.770383899326361,70283,12,4,0,0
2024-12-23,Sweater,221,272,40,9.994284389734108,878,4.984970922483772,8447,12,4,0,1
2024-12-23,Jacket,217,953,40,7.243671688284957,329,4.435157200541168,88205,12,4,0,1
2024-12-23,Pants,147,1485,20,3.29869378766659,572,4.515622957926662,70365,12,4,0,0
2024-12-24,Dress,195,236,20,8.514725945330671,444,3.9908754618587254,20945,12,4,1,0
2024-12-24,T-Shirt,126,971,40,6.233774268493995,748,4.1369467396854365,22316,12,4,1,0
2024-12-24,Sweater,391,1246,20,4.319942694003003,210,3.7686789262354328,81639,12,4,1,1
2024-12-24,Jacket,238,1463,10,6.608326306023612,401,4.708892230123038,45274,12,4,1,1
2024-12-24,Pants,100,1483,20,9.193117116777898,473,3.5750282313532793,30370,12,4,1,0
2024-12-25,Dress,196,630,20,3.2710060397190484,782,3.6235132446450824,88824,12,4,2,0
2024-12-25,T-Shirt,156,335,10,8.33098408317997,112,3.9827699528019807,82097,12,4,2,0
2024-12-25,Sweater,315,518,30,6.401264348920842,102,4.418249331084718,52950,12,4,2,1
2024-12-25,Jacket,291,1323,20,8.10755435627166,935,3.539520998290876,88512,12,4,2,1
2024-12-25,Pants,160,1233,0,4.885595414585643,844,4.822569007197945,27388,12,4,2,0
2024-12-26,Dress,112,333,0,6.004516016723153,674,4.547720701722331,75478,12,4,3,0
2024-12-26,T-Shirt,114,158,30,8.751576994792874,784,4.55890492656743,48815,12,4,3,0
2024-12-26,Sweater,297,176,30,4.890441590093517,931,4.739962705570224,47082,12,4,3,1
2024-12-26,Jacket,341,161,20,9.029008141219732,824,3.564691682328243,32195,12,4,3,1
2024-12-26,Pants,87,1063,30,3.7214524550118417,841,4.141760855940579,28696,12,4,3,0
2024-12-27,Dress,195,590,40,8.37566126839064,751,4.418734260645625,37499,12,4,4,0
2024-12-27,T-Shirt,162,617,0,9.148358694361846,870,4.48817917652137,56222,12,4,4,0
2024-12-27,Sweater,403,488,40,4.437851227212731,465,4.10284806193395,27333,12,4,4,1
2024-12-27,Jacket,326,624,30,5.589009533850492,126,4.565044021512843,22184,12,4,4,1
2024-12-27,Pants,141,1396,10,2.0607409781179316,838,3.785574906591458,82605,12,4,4,0
2024-12-28,Dress,90,1054,30,8.652688629146127,178,4.087764519399279,58013,12,4,5,0
2024-12-28,T-Shirt,65,693,10,4.090785545176065,350,3.945200307577758,80911,12,4,5,0
2024-12-28,Sweater,225,963,20,9.788344985807838,145,4.784219225429431,58790,12,4,5,1
2024-12-28,Jacket,227,1047,0,7.100817544519709,392,3.9826055447874165,47448,12,4,5,1
2024-12-28,Pants,166,1016,30,8.9004895110111,577,4.66515240702511,53328,12,4,5,0
2024-12-29,Dress,183,1186,20,4.012504182231867,385,4.414352800847697,12425,12,4,6,0
2024-12-29,T-Shirt,107,989,40,2.8956855004687085,993,4.003311413279803,43862,12,4,6,0
2024-12-29,Sweater,278,192,40,9.66576100767168,921,4.6224782016837365,62263,12,4,6,1
2024-12-29,Jacket,232,1092,20,2.2605810342304284,712,4.3911821997487825,62435,12,4,6,1
2024-12-29,Pants,101,334,30,8.868669041999569,931,4.899703802609328,76074,12,4,6,0
2024-12-30,Dress,127,316,10,6.532938578406361,307,3.5356650534528296,6286,12,4,0,0
2024-12-30,T-Shirt,66,661,30,5.722195708841296,273,4.4259366140789265,32086,12,4,0,0
2024-12-30,Sweater,265,1431,30,9.634956361670485,204,4.8981535481858325,43174,12,4,0,1
2024-12-30,Jacket,238,1494,10,9.048726039867834,811,3.8844397434419116,30465,12,4,0,1
2024-12-30,Pants,77,939,0,5.2325962903285825,956,4.988884813900767,52940,12,4,0,0
2024-12-31,Dress,172,900,0,6.122274134088414,456,4.400021716220953,12867,12,4,1,0
2024-12-31,T-Shirt,101,868,10,3.4718337358163947,480,4.347227470940296,71905,12,4,1,0
2024-12-31,Sweater,280,166,40,5.6122723370756535,723,4.383415472761023,6711,12,4,1,1
2024-12-31,Jacket,275,747,0,2.9352031242056613,960,3.6103257184644186,7246,12,4,1,1
2024-12-31,Pants,92,924,30,8.875310781207327,183,4.351228816675395,80205,12,4,1,0
2025-01-01,Dress,74,1150,20,4.175896154539005,441,4.8869505163965545,41719,1,1,2,0
2025-01-01,T-Shirt,135,211,0,8.620497913570599,827,3.8649528919744505,44925,1,1,2,0
2025-01-01,Sweater,314,1477,40,8.28525888653891,879,3.5486902126434146,88766,1,1,2,1
2025-01-01,Jacket,347,665,10,1.2012988104498634,486,3.7486235230826823,88654,1,1,2,1
2025-01-01,Pants,111,1221,40,8.494975281046141,465,4.307119314311081,71480,1,1,2,0
2025-01-02,Dress,140,379,10,7.858644880957532,509,3.8638658043469047,86165,1,1,3,0
2025-01-02,T-Shirt,74,1049,10,7.10898385168386,292,3.6423060690127698,8145,1,1,3,0
2025-01-02,Sweater,246,439,40,4.352220450208975,651,4.286674091708378,50344,1,1,3,1
2025-01-02,Jacket,228,1317,40,6.434901906616791,506,4.41576974613824,28384,1,1,3,1
2025-01-02,Pants,62,1045,20,2.3059966193344463,628,3.7927619225600093,89954,1,1,3,0
2025-01-03,Dress,133,1014,10,7.769105544237647,411,4.1773195414595845,95450,1,1,4,0
2025-01-03,T-Shirt,93,508,0,5.639477283792914,867,4.139665708571455,9297,1,1,4,0
2025-01-03,Sweater,323,943,40,3.549802018364636,630,4.00863141989402,65263,1,1,4,1
2025-01-03,Jacket,357,341,40,3.2698004555522155,479,4.446169599657398,34376,1,1,4,1
2025-01-03,Pants,86,303,10,6.376143708800678,860,4.243600692953691,33548,1,1,4,0
2025-01-04,Dress,86,948,30,8.998717642764777,787,3.5087056532644114,90180,1,1,5,0
2025-01-04,T-Shirt,65,1473,10,5.44452346586731,163,4.222633744593472,49040,1,1,5,0
2025-01-04,Sweater,236,1246,30,9.077345963158821,557,4.016657432642765,8902,1,1,5,1
2025-01-04,Jacket,282,725,40,7.365411267997952,740,3.760059735136262,49153,1,1,5,1
2025-01-04,Pants,111,1355,30,7.872823292708979,724,4.4671904036911245,57148,1,1,5,0
2025-01-05,Dress,119,1333,20,9.481091569042217,778,4.486825903004798,37286,1,1,6,0
2025-01-05,T-Shirt,61,1416,30,3.7085704877042938,934,4.393890218175101,80396,1,1,6,0
2025-01-05,Sweater,312,824,40,7.3505782376212965,814,4.453185769428335,79974,1,1,6,1
2025-01-05,Jacket,337,341,30,6.998231764483346,615,3.5828264401256087,78667,1,1,6,1
2025-01-05,Pants,69,271,0,7.2771514050405415,969,4.260805905151727,21442,1,1,6,0
2025-01-06,Dress,94,702,40,9.723165467832096,226,3.6824343360201413,89482,1,1,0,0
2025-01-06,T-Shirt,86,647,0,6.174581439066772,497,4.097314946176993,22223,1,1,0,0
2025-01-06,Sweater,253,1013,10,5.7042753817453296,808,3.693219610644482,32215,1,1,0,1
2025-01-06,Jacket,162,903,10,9.81193054827046,386,4.251453952788302,21772,1,1,0,0
2025-01-06,Pants,54,853,40,6.011185459358545,212,4.645253127080549,87979,1,1,0,0
2025-01-07,Dress,128,1448,10,5.143035084424617,303,3.662218913505798,9112,1,1,1,0
2025-01-07,T-Shirt,195,578,10,1.592579480577892,307,4.998994882239629,8206,1,1,1,0
2025-01-07,Sweater,322,671,40,3.736990066085532,182,4.750309447315661,55658,1,1,1,1
2025-01-07,Jacket,294,642,20,4.922563319854534,393,4.400303820638871,53599,1,1,1,1
2025-01-07,Pants,100,680,30,3.1100396392723555,240,3.6198405316870415,78916,1,1,1,0
2025-01-08,Dress,147,819,20,4.2470956097085395,847,3.7293306734719973,33400,1,1,2,0
2025-01-08,T-Shirt,123,661,10,2.15068436117826,412,4.700540980484894,23510,1,1,2,0
2025-01-08,Sweater,277,329,30,5.452815156272239,871,4.117673041228662,16094,1,1,2,1
2025-01-08,Jacket,369,506,40,3.070004072935599,430,4.150409050114303,67651,1,1,2,1
2025-01-08,Pants,74,1288,30,5.820533036868987,621,4.242757388369999,6073,1,1,2,0
2025-01-09,Dress,191,819,10,1.0906629579390832,432,4.121671902553219,9642,1,1,3,0
2025-01-09,T-Shirt,72,1279,0,6.193696983685888,470,3.8839711382644957,26971,1,1,3,0
2025-01-09,Sweater,270,573,20,4.787590495480014,192,3.7880629903385064,32476,1,1,3,1
2025-01-09,Jacket,374,901,10,5.326668211687504,656,4.433473034681397,39312,1,1,3,1
2025-01-09,Pants,136,480,0,9.542534545968673,110,3.587200686540243,42282,1,1,3,0
2025-01-10,Dress,171,1060,20,9.997058847178831,447,3.8908339489796733,51303,1,1,4,0
2025-01-10,T-Shirt,141,480,20,8.728761332718026,808,4.553594213810641,57129,1,1,4,0
2025-01-10,Sweater,243,1416,40,5.368351340840954,738,4.889237495788802,23909,1,1,4,1
2025-01-10,Jacket,238,844,30,2.7515732889210867,858,4.084080282001539,25946,1,1,4,1
2025-01-10,Pants,145,1295,10,9.437733880836246,407,3.9754454805470023,10539,1,1,4,0
2025-01-11,Dress,119,1171,0,6.050077676089691,943,4.035332993420601,90981,1,1,5,0
2025-01-11,T-Shirt,144,1469,30,2.1765386491054715,285,4.805082789663924,81868,1,1,5,0
2025-01-11,Sweater,223,776,20,7.200602111540528,882,4.220400388498441,86512,1,1,5,1
2025-01-11,Jacket,251,1156,20,7.287912820731161,182,4.836118387774582,9090,1,1,5,1
2025-01-11,Pants,106,639,20,3.8330706134526213,770,4.3171799810453075,94609,1,1,5,0
2025-01-12,Dress,156,1260,20,7.083026998374641,245,4.03547553821017,52801,1,1,6,0
2025-01-12,T-Shirt,142,327,0,3.2830251320952684,877,4.790977831081426,18565,1,1,6,0
2025-01-12,Sweater,273,162,10,1.4546820400510123,743,4.860309247728579,31875,1,1,6,1
2025-01-12,Jacket,286,1303,30,2.344460920941051,156,3.640180869003317,12814,1,1,6,1
2025-01-12,Pants,196,1468,20,4.741401782348635,783,3.6284438460928032,67805,1,1,6,0
2025-01-13,Dress,79,661,30,9.31733154223029,265,4.3616427245047165,44423,1,1,0,0
2025-01-13,T-Shirt,112,1362,0,4.3153705682626065,140,3.9667504471571537,11820,1,1,0,0
2025-01-13,Sweater,331,484,0,1.2077693249659316,576,4.309022307261319,57433,1,1,0,1
2025-01-13,Jacket,349,825,0,9.434304701336098,104,4.058419485214862,23782,1,1,0,1
2025-01-13,Pants,120,614,30,8.751244466647584,889,3.572825640813295,40342,1,1,0,0
2025-01-14,Dress,102,298,10,5.791129551591659,899,4.036064605171943,94515,1,1,1,0
2025-01-14,T-Shirt,132,1391,10,3.7020440038724773,503,3.5199028112913124,95450,1,1,1,0
2025-01-14,Sweater,228,1136,30,2.4032704231581032,306,4.072431566264906,12925,1,1,1,1
2025-01-14,Jacket,301,1432,10,1.9471770826988715,122,4.470009129739857,67444,1,1,1,1
2025-01-14,Pants,184,1426,20,5.8296601387162355,599,4.3827885220900455,98885,1,1,1,0
2025-01-15,Dress,112,1241,30,1.414406440404087,218,4.043268136337219,50538,1,1,2,0
2025-01-15,T-Shirt,116,536,30,3.6306115543832784,452,4.279164526331648,65282,1,1,2,0
2025-01-15,Sweater,319,1112,40,4.810827084821513,399,4.814907917555898,9920,1,1,2,1
2025-01-15,Jacket,260,1141,40,4.953729450951972,455,4.934830950999277,68179,1,1,2,1
2025-01-15,Pants,100,1233,20,1.1634216904637094,481,4.462395994017298,14664,1,1,2,0
2025-01-16,Dress,125,847,0,7.9808917179343,667,4.613630767807098,9521,1,1,3,0
2025-01-16,T-Shirt,55,155,30,5.0228766112727605,829,4.849974915317981,18111,1,1,3,0
2025-01-16,Sweater,254,1260,10,2.0939568465781946,724,3.806683072129095,16341,1,1,3,1
2025-01-16,Jacket,299,454,10,2.439666257208888,598,4.793606528439634,89358,1,1,3,1
2025-01-16,Pants,154,298,30,7.65571990840502,146,4.1234915022506735,45751,1,1,3,0
2025-01-17,Dress,188,1074,10,6.9645018103136,775,3.8782927421418774,61078,1,1,4,0
2025-01-17,T-Shirt,159,833,20,7.856247294594572,267,4.02501044646602,47637,1,1,4,0
2025-01-17,Sweater,314,1224,10,8.589991194027437,443,3.8158087202567645,73617,1,1,4,1
2025-01-17,Jacket,306,416,40,2.572294162788086,433,4.585704164945785,57168,1,1,4,1
2025-01-17,Pants,139,1181,20,1.815958796584045,769,4.878354146518532,20414,1,1,4,0
2025-01-18,Dress,171,595,30,4.1647147600406385,231,4.432444367064821,59235,1,1,5,0
2025-01-18,T-Shirt,96,906,20,8.05274471933053,123,4.91171050271876,34011,1,1,5,0
2025-01-18,Sweater,183,1259,10,9.114880480414346,130,4.1562341612947,13631,1,1,5,0
2025-01-18,Jacket,269,677,40,2.6253658711425127,437,4.491695880238575,71198,1,1,5,1
2025-01-18,Pants,158,1072,0,4.89004367941938,248,4.141134203554155,13573,1,1,5,0
2025-01-19,Dress,52,1362,10,1.9174042484434768,442,4.872764505779896,67151,1,1,6,0
2025-01-19,T-Shirt,104,1373,20,1.0932735011245938,762,4.160216309806906,64145,1,1,6,0
2025-01-19,Sweater,288,598,40,6.649594620060391,806,3.546641932914584,30444,1,1,6,1
2025-01-19,Jacket,287,363,10,7.0386301093919705,361,3.8464495223240474,68620,1,1,6,1
2025-01-19,Pants,186,661,20,7.015287039313898,816,4.659956060171563,36786,1,1,6,0
2025-01-20,Dress,166,1136,0,9.738777968740541,332,4.845557774376027,40575,1,1,0,0
2025-01-20,T-Shirt,88,988,40,1.223882938131449,606,4.843698286263262,44492,1,1,0,0
2025-01-20,Sweater,293,669,0,5.9127346091778605,926,4.157499163421531,89814,1,1,0,1
2025-01-20,Jacket,239,1217,20,3.914657979013029,712,4.899022853540753,57236,1,1,0,1
2025-01-20,Pants,171,293,30,6.9791855739344815,858,3.708163826168946,57268,1,1,0,0
2025-01-21,Dress,168,1464,30,8.350707515254133,341,3.893726682074715,48826,1,1,1,0
2025-01-21,T-Shirt,95,1449,40,8.917484797541942,253,3.580120644874323,66331,1,1,1,0
2025-01-21,Sweater,280,1380,30,7.364085525499429,761,4.856984093613244,6908,1,1,1,1
2025-01-21,Jacket,273,1493,0,8.508501091499102,746,4.496516437197071,14280,1,1,1,1
2025-01-21,Pants,51,1305,30,5.936352271742121,597,4.467705685903581,79893,1,1,1,0
2025-01-22,Dress,197,750,10,9.505052047078133,290,4.21015235485054,31015,1,1,2,0
2025-01-22,T-Shirt,57,1018,10,2.28300631421446,460,4.669412963813698,93176,1,1,2,0
2025-01-22,Sweater,215,1108,40,6.759376187054722,715,4.404363217137028,11385,1,1,2,1
2025-01-22,Jacket,240,853,40,1.17187890042884,709,3.970602888266981,13250,1,1,2,1
2025-01-22,Pants,52,1251,20,3.357363203634061,211,4.8298461689467285,29892,1,1,2,0
2025-01-23,Dress,146,1318,30,6.092361935735213,747,3.736417023594302,50073,1,1,3,0
2025-01-23,T-Shirt,144,1328,10,8.657223414845616,431,4.0745985141286685,23443,1,1,3,0
2025-01-23,Sweater,307,790,20,9.516780092875488,129,4.7637170573023475,18621,1,1,3,1
2025-01-23,Jacket,201,740,20,6.882719704459561,543,3.690978893382937,96610,1,1,3,1
2025-01-23,Pants,152,772,10,7.922681109963352,693,3.526202195418504,94322,1,1,3,0
2025-01-24,Dress,71,536,20,7.561120791636718,260,4.336851168215764,26952,1,1,4,0
2025-01-24,T-Shirt,166,390,10,2.9708220690240177,905,3.597701752165942,67244,1,1,4,0
2025-01-24,Sweater,372,198,20,5.202706682474181,727,4.802693868421206,45641,1,1,4,1
2025-01-24,Jacket,209,422,10,6.445643366626902,694,4.587056412722838,50056,1,1,4,1
2025-01-24,Pants,110,1401,0,8.357791743623086,770,4.9712650523358475,96713,1,1,4,0
2025-01-25,Dress,196,244,40,6.508713863834733,249,4.451193216300204,59486,1,1,5,0
2025-01-25,T-Shirt,192,559,20,3.422890520880598,480,4.318232222085443,13486,1,1,5,0
2025-01-25,Sweater,340,318,20,8.556100358278798,136,4.444265483228975,95365,1,1,5,1
2025-01-25,Jacket,228,1470,30,3.672505863582148,935,3.649236400493559,48085,1,1,5,1
2025-01-25,Pants,194,258,20,9.329898932760011,462,4.391825151717567,8851,1,1,5,0
2025-01-26,Dress,134,408,40,3.3410438471385926,913,4.169393377714848,26159,1,1,6,0
2025-01-26,T-Shirt,146,1424,30,4.329352857750928,801,3.7892028539996887,12464,1,1,6,0
2025-01-26,Sweater,350,1419,10,3.9905116335279702,985,4.678700697781961,97890,1,1,6,1
2025-01-26,Jacket,349,1207,20,6.697617488785964,955,4.747460060253996,12532,1,1,6,1
2025-01-26,Pants,138,909,20,4.539076281755898,533,3.761418017752041,90078,1,1,6,0
2025-01-27,Dress,88,542,40,4.876850425255617,679,4.046436132010369,94627,1,1,0,0
2025-01-27,T-Shirt,63,887,40,8.824060971166197,983,4.335077938599748,57927,1,1,0,0
2025-01-27,Sweater,269,798,30,7.0487595154545675,116,4.525004421920321,44244,1,1,0,1
2025-01-27,Jacket,213,1253,20,1.5273179893912188,319,4.9978403727276035,9942,1,1,0,1
2025-01-27,Pants,109,959,30,4.664272461003202,682,4.6753340249636395,61332,1,1,0,0
2025-01-28,Dress,64,953,30,3.3674636261074355,216,4.365141271153886,39142,1,1,1,0
2025-01-28,T-Shirt,181,1399,30,3.247123491824601,321,4.641665882727887,67969,1,1,1,0
2025-01-28,Sweater,230,300,0,4.741332204564361,211,3.7049353146481283,45168,1,1,1,1
2025-01-28,Jacket,254,1042,20,4.587396964466103,689,4.187907319508513,14748,1,1,1,1
2025-01-28,Pants,178,646,20,3.9151478490688167,754,4.011374613788136,75069,1,1,1,0
2025-01-29,Dress,81,335,0,5.395967260421501,862,4.002834770320358,99890,1,1,2,0
2025-01-29,T-Shirt,51,1367,20,4.572386761459137,209,4.4415506204011095,38766,1,1,2,0
2025-01-29,Sweater,255,434,40,8.691086520471163,327,4.563082255622876,26007,1,1,2,1
2025-01-29,Jacket,213,854,10,7.808299109563712,843,3.8786636945419515,40319,1,1,2,1
2025-01-29,Pants,64,870,30,1.857272094138927,681,4.851836034466684,22441,1,1,2,0
2025-01-30,Dress,53,903,30,7.692304658691033,154,4.7491380026790715,93867,1,1,3,0
2025-01-30,T-Shirt,120,1119,10,5.331485354604551,740,3.952394911168885,37664,1,1,3,0
2025-01-30,Sweater,364,1369,10,9.578597844368254,731,4.568081800536841,65972,1,1,3,1
2025-01-30,Jacket,274,716,0,6.08331502977564,277,4.0064842532014096,25551,1,1,3,1
2025-01-30,Pants,145,772,40,4.726617574963982,758,3.684259968285656,79590,1,1,3,0
2025-01-31,Dress,167,667,30,1.9986063493090307,141,3.5058939821333266,32115,1,1,4,0
2025-01-31,T-Shirt,64,1220,40,8.275441881155045,810,4.58631474622004,37806,1,1,4,0
2025-01-31,Sweater,309,911,0,9.531436117416863,545,4.5197551396365805,78229,1,1,4,1
2025-01-31,Jacket,268,828,40,6.7559844373958,594,3.8663451755143763,9158,1,1,4,1
2025-01-31,Pants,85,1264,40,9.65320713145909,249,4.0042394974776485,48888,1,1,4,0
2025-02-01,Dress,118,1289,30,3.3921947973580533,909,3.696102109186775,65558,2,1,5,0
2025-02-01,T-Shirt,119,1098,0,9.549595083989837,261,4.554957960295067,93730,2,1,5,0
2025-02-01,Sweater,290,1416,20,1.7896053453642902,966,4.855338955545923,19751,2,1,5,1
2025-02-01,Jacket,333,1389,10,7.296030635064699,698,4.327668925588543,32326,2,1,5,1
2025-02-01,Pants,74,569,10,2.040010289527049,749,4.640837173279884,9383,2,1,5,0
2025-02-02,Dress,146,561,10,3.5341685726997722,563,4.573514720183866,40658,2,1,6,0
2025-02-02,T-Shirt,50,530,40,6.5234096366880525,905,4.652129811961574,75585,2,1,6,0
2025-02-02,Sweater,230,181,20,8.979279409543091,173,3.6502539893559947,65262,2,1,6,1
2025-02-02,Jacket,258,622,30,3.5756762201572054,412,4.038790103583772,23669,2,1,6,1
2025-02-02,Pants,128,613,10,7.858976200276937,600,4.413031291824201,15832,2,1,6,0
2025-02-03,Dress,59,522,0,3.6892275767494715,335,4.30774497611759,91843,2,1,0,0
2025-02-03,T-Shirt,107,529,10,3.7486947787436344,519,4.74958541189632,20154,2,1,0,0
2025-02-03,Sweater,293,354,0,7.73330742192827,284,4.858234216236989,25449,2,1,0,1
2025-02-03,Jacket,280,336,0,6.208462095312142,139,3.827404224280079,57185,2,1,0,1
2025-02-03,Pants,144,158,30,3.5400573650630003,892,3.677595262141481,83872,2,1,0,0
2025-02-04,Dress,186,1276,30,7.6060391553964415,648,4.35611561259998,94751,2,1,1,0
2025-02-04,T-Shirt,75,798,40,5.178397782573457,247,3.7695396419769547,19618,2,1,1,0
2025-02-04,Sweater,327,262,10,4.110227860138277,498,3.99915581907377,23316,2,1,1,1
2025-02-04,Jacket,362,973,0,6.39111373403151,967,3.5238400897100055,28707,2,1,1,1
2025-02-04,Pants,63,311,20,2.855315442521477,196,4.478089813991938,72009,2,1,1,0
2025-02-05,Dress,166,1362,30,5.440998513544647,279,4.354149024642282,10054,2,1,2,0
2025-02-05,T-Shirt,76,1460,20,2.143506388219069,361,3.694955654928219,20846,2,1,2,0
2025-02-05,Sweater,187,1448,30,3.470068451843307,215,4.466594243422799,22335,2,1,2,0
2025-02-05,Jacket,288,1083,20,9.94987902288487,267,3.7469820323840444,45533,2,1,2,1
2025-02-05,Pants,64,199,0,5.800043034033149,912,4.143980064281265,73340,2,1,2,0
2025-02-06,Dress,146,604,0,5.571047885781499,757,3.998971453001219,13366,2,1,3,0
2025-02-06,T-Shirt,183,1239,0,5.65558090991134,378,3.667700556850906,55924,2,1,3,0
2025-02-06,Sweater,271,814,20,3.31287344068403,254,3.5153507846131364,21208,2,1,3,1
2025-02-06,Jacket,324,997,10,3.155398431131169,403,3.527401972414515,31862,2,1,3,1
2025-02-06,Pants,187,1033,40,8.721617098577575,463,3.8288985523888703,77204,2,1,3,0
2025-02-07,Dress,186,1449,30,7.409725554278836,328,4.806215637163427,85672,2,1,4,0
2025-02-07,T-Shirt,197,1349,30,4.807325611739664,852,3.508478157261777,53402,2,1,4,0
2025-02-07,Sweater,278,1368,0,8.8482676135858,978,3.6018887215494573,22153,2,1,4,1
2025-02-07,Jacket,341,294,0,3.6150716041970976,523,4.060196325189083,33887,2,1,4,1
2025-02-07,Pants,142,409,40,7.5337190139551256,384,4.573185433039725,81147,2,1,4,0
2025-02-08,Dress,119,528,30,2.4550510199834035,363,4.724680783400837,48724,2,1,5,0
2025-02-08,T-Shirt,149,1285,30,6.910504358110575,647,4.864275974667579,54334,2,1,5,0
2025-02-08,Sweater,246,314,10,3.180120940682265,337,3.747111557544908,29230,2,1,5,1
2025-02-08,Jacket,236,1171,10,9.991816910175796,941,4.299800996553561,25998,2,1,5,1
2025-02-08,Pants,114,195,10,3.3501416262531025,875,4.423898010630003,72173,2,1,5,0
2025-02-09,Dress,128,782,20,9.127009766363466,966,4.954837012822645,72902,2,1,6,0
2025-02-09,T-Shirt,185,628,40,7.818918549426752,562,4.685366713851721,62879,2,1,6,0
2025-02-09,Sweater,254,1243,0,9.195512566353447,316,4.561182187599352,86439,2,1,6,1
2025-02-09,Jacket,322,181,20,1.7315119435679898,378,4.589907146566494,63260,2,1,6,1
2025-02-09,Pants,79,297,20,5.267441570663128,669,4.436637390776589,76448,2,1,6,0
2025-02-10,Dress,72,897,20,8.228117495611347,498,3.9124540496794236,68969,2,1,0,0
2025-02-10,T-Shirt,53,656,0,1.9998748796139145,388,4.938131924322356,41672,2,1,0,0
2025-02-10,Sweater,288,853,0,5.4929035317994,884,3.8612052682319287,78356,2,1,0,1
2025-02-10,Jacket,347,665,20,7.226367275125456,637,4.537821569275625,37746,2,1,0,1
2025-02-10,Pants,59,890,40,1.8636017945193093,845,4.552596561133678,67898,2,1,0,0
2025-02-11,Dress,68,737,30,5.300895750877519,475,3.5165421264033503,60499,2,1,1,0
2025-02-11,T-Shirt,198,224,30,8.955030137869944,161,4.872397852655444,81907,2,1,1,0
2025-02-11,Sweater,259,417,10,7.609452772194555,969,3.8464105388311007,83872,2,1,1,1
2025-02-11,Jacket,374,1139,40,8.838026114210255,660,3.9852948712672083,92943,2,1,1,1
2025-02-11,Pants,104,1447,20,7.690412484780541,771,3.616228696175737,5518,2,1,1,0
2025-02-12,Dress,62,787,20,2.6704365755988984,455,4.276860740960429,47348,2,1,2,0
2025-02-12,T-Shirt,159,1131,30,2.1604357487783545,580,3.891931040505257,97211,2,1,2,0
2025-02-12,Sweater,399,848,40,3.945818699467191,715,4.582779740799668,71863,2,1,2,1
2025-02-12,Jacket,284,259,20,8.599289420917868,614,4.769523169799635,10769,2,1,2,1
2025-02-12,Pants,101,1239,30,9.710309232923708,766,3.964637844887931,82891,2,1,2,0
2025-02-13,Dress,137,577,30,1.9002850396043836,276,4.165719111470121,28088,2,1,3,0
2025-02-13,T-Shirt,162,775,10,8.859195511671889,636,4.433890694844035,95506,2,1,3,0
2025-02-13,Sweater,401,1111,0,9.253195406925009,768,4.711253787670734,61795,2,1,3,1
2025-02-13,Jacket,339,372,30,6.155728764566856,345,4.087591645446768,38691,2,1,3,1
2025-02-13,Pants,52,1118,30,9.521120550534585,744,4.527205543468784,8086,2,1,3,0
2025-02-14,Dress,62,779,10,9.44729972359567,255,4.481459482301084,71470,2,1,4,0
2025-02-14,T-Shirt,182,548,10,5.758172683109377,476,3.691023164563828,86257,2,1,4,0
2025-02-14,Sweater,312,1160,40,9.638509432589892,505,4.731713137245816,14369,2,1,4,1
2025-02-14,Jacket,214,1174,20,2.8480589140515087,506,4.755066080875192,73089,2,1,4,1
2025-02-14,Pants,179,547,10,7.081707296477649,984,4.961363788282605,43090,2,1,4,0
2025-02-15,Dress,183,920,30,1.2363113692891545,962,4.171837017266695,21066,2,1,5,0
2025-02-15,T-Shirt,163,308,0,4.0481164401132785,996,4.937130781381134,76834,2,1,5,0
2025-02-15,Sweater,283,1185,20,7.771978058032478,314,3.810261557215342,18601,2,1,5,1
2025-02-15,Jacket,297,188,20,5.079697647818885,998,4.415617791140857,91570,2,1,5,1
2025-02-15,Pants,130,920,0,3.0866064089496965,930,3.9166460742158824,58009,2,1,5,0
2025-02-16,Dress,116,1020,10,7.539472190631475,913,4.2648110844596046,77123,2,1,6,0
2025-02-16,T-Shirt,146,1145,10,1.1559337458012735,889,4.92845207690166,64810,2,1,6,0
2025-02-16,Sweater,336,200,0,4.855085149914644,879,4.102095674469041,9983,2,1,6,1
2025-02-16,Jacket,380,999,40,4.735703161070191,726,3.8688469002897214,71786,2,1,6,1
2025-02-16,Pants,61,265,10,4.971212887880597,944,4.6463307257634625,55665,2,1,6,0
2025-02-17,Dress,184,1446,10,2.8136271288169756,582,3.9333714737057175,10280,2,1,0,0
2025-02-17,T-Shirt,198,266,10,3.2729909266774455,144,3.909543193513789,7821,2,1,0,0
2025-02-17,Sweater,316,383,20,6.5483142268712005,296,3.765814069731859,87633,2,1,0,1
2025-02-17,Jacket,201,372,40,2.0680524286462365,501,4.969176144669236,13129,2,1,0,1
2025-02-17,Pants,100,740,30,3.6035418199776665,673,3.9456208248169977,42204,2,1,0,0
2025-02-18,Dress,91,1430,30,7.959486004001335,199,3.9012677860308,97422,2,1,1,0
2025-02-18,T-Shirt,199,839,40,4.108781801591188,683,4.703093838966204,49941,2,1,1,1
2025-02-18,Sweater,310,1035,20,5.084679301165471,289,3.731396406597725,14047,2,1,1,1
2025-02-18,Jacket,363,979,20,9.901670189263342,792,3.8103543422763586,80453,2,1,1,1
2025-02-18,Pants,71,729,0,3.4675647176031994,363,4.8181252082517405,83885,2,1,1,0
2025-02-19,Dress,172,1329,10,8.240793361688116,166,3.6513230420801897,77553,2,1,2,0
2025-02-19,T-Shirt,187,810,40,5.2640502607704,168,3.734366171377875,38087,2,1,2,0
2025-02-19,Sweater,237,1333,0,4.810027982197435,234,3.707041413406845,96110,2,1,2,1
2025-02-19,Jacket,183,343,10,8.546814168883628,621,4.065229409221956,42664,2,1,2,0
2025-02-19,Pants,184,280,30,8.227851182925718,263,4.421046797672976,70231,2,1,2,0
2025-02-20,Dress,182,1417,0,3.4904799778806934,533,4.047576916312709,53503,2,1,3,0
2025-02-20,T-Shirt,97,766,10,2.652069204525942,598,4.087934210213229,32190,2,1,3,0
2025-02-20,Sweater,285,532,30,8.619894221520648,825,4.324982623798929,27820,2,1,3,1
2025-02-20,Jacket,264,936,0,7.325657410564293,644,4.731173673759356,60208,2,1,3,1
2025-02-20,Pants,182,1358,10,3.308683845932271,633,4.383191793770345,25171,2,1,3,0
2025-02-21,Dress,53,1109,40,2.454544546572677,739,4.886122901136146,94834,2,1,4,0
2025-02-21,T-Shirt,185,829,0,2.5806230319595436,104,4.644029255681913,71640,2,1,4,0
2025-02-21,Sweater,344,798,10,9.045570344972923,406,3.8488919554457754,19878,2,1,4,1
2025-02-21,Jacket,185,1103,20,5.693397595353005,667,4.452536849212414,97721,2,1,4,0
2025-02-21,Pants,171,836,10,1.9141708981184324,540,3.9964443565376726,47949,2,1,4,0
2025-02-22,Dress,131,1357,20,4.41290715612071,467,4.003214915841305,76152,2,1,5,0
2025-02-22,T-Shirt,89,870,0,3.441417278348591,572,3.763714825115885,37628,2,1,5,0
2025-02-22,Sweater,330,288,30,6.44627977122581,401,4.8473437897442455,27032,2,1,5,1
2025-02-22,Jacket,286,1465,10,9.423757973885209,115,4.783403940581042,85664,2,1,5,1
2025-02-22,Pants,154,665,40,2.0208468407125735,617,3.623440311526964,40200,2,1,5,0
2025-02-23,Dress,164,381,0,6.855264879815111,932,4.664209105537283,43892,2,1,6,0
2025-02-23,T-Shirt,82,427,30,5.801577275210621,527,4.985356826130977,36952,2,1,6,0
2025-02-23,Sweater,321,524,30,7.991482325034597,559,3.6027613510123286,37046,2,1,6,1
2025-02-23,Jacket,263,1451,10,1.6990517194555472,194,4.560706276903529,6130,2,1,6,1
2025-02-23,Pants,183,220,0,7.044786293094507,826,4.469645866988005,58121,2,1,6,0
2025-02-24,Dress,192,1137,30,7.886003593958648,301,4.670251283337684,49653,2,1,0,0
2025-02-24,T-Shirt,148,390,20,4.637753916479932,608,4.982584817959794,67185,2,1,0,0
2025-02-24,Sweater,335,1391,0,5.465095247273004,982,3.643503065642319,58079,2,1,0,1
2025-02-24,Jacket,287,563,20,5.216842406941203,527,3.910985900708885,92123,2,1,0,1
2025-02-24,Pants,90,1482,10,6.530329073826842,205,4.81969708596788,31141,2,1,0,0
2025-02-25,Dress,175,549,40,4.776892703731046,800,4.190640233549902,29657,2,1,1,0
2025-02-25,T-Shirt,74,925,40,2.262911677910435,939,4.462191278498329,6607,2,1,1,0
2025-02-25,Sweater,280,755,20,2.013464341353806,693,4.481948038875643,76388,2,1,1,1
2025-02-25,Jacket,332,1225,10,1.82272939092722,452,4.013898156827179,70883,2,1,1,1
2025-02-25,Pants,50,212,10,8.1390671044599,130,4.959920227450112,99231,2,1,1,0
2025-02-26,Dress,118,1132,20,9.508297353664483,354,4.20049912929983,97663,2,1,2,0
2025-02-26,T-Shirt,150,318,30,2.746484922210445,474,4.86269527139059,18368,2,1,2,0
2025-02-26,Sweater,288,692,30,4.5422003813118215,387,4.6853236423279165,61831,2,1,2,1
2025-02-26,Jacket,374,1395,20,4.035965779930733,607,3.989709094727931,20624,2,1,2,1
2025-02-26,Pants,64,375,0,4.199045172224306,592,4.647503485987585,20636,2,1,2,0
2025-02-27,Dress,54,601,0,2.4879199058248767,573,3.595884746287908,33357,2,1,3,0
2025-02-27,T-Shirt,146,938,10,6.167457996486246,991,3.889626404153864,35657,2,1,3,0
2025-02-27,Sweater,253,753,0,8.41586552606541,455,4.9377744125039085,27343,2,1,3,1
2025-02-27,Jacket,303,712,20,2.0796058697337276,173,4.806909361426092,43079,2,1,3,1
2025-02-27,Pants,61,388,0,1.0334449024478558,881,3.845632957721506,31832,2,1,3,0
2025-02-28,Dress,84,1292,0,3.734682227814002,135,3.7846801661518645,61210,2,1,4,0
2025-02-28,T-Shirt,91,552,20,2.0835997001315913,279,4.482391602158204,48950,2,1,4,0
2025-02-28,Sweater,247,993,10,2.6069757335642474,398,4.779727714953511,29160,2,1,4,1
2025-02-28,Jacket,215,850,0,7.308726891203084,616,3.7256728261598244,72519,2,1,4,1
2025-02-28,Pants,108,443,0,4.980919630295891,580,4.276415716119238,50693,2,1,4,0
2025-03-01,Dress,60,237,10,1.5671510098783374,856,4.343423754151284,47926,3,1,5,0
2025-03-01,T-Shirt,192,391,40,8.495641374322982,477,4.266513253523919,83604,3,1,5,0
2025-03-01,Sweater,65,1470,10,6.190059859832811,466,4.997460395572983,86526,3,1,5,0
2025-03-01,Jacket,69,1209,30,8.351744324869202,707,4.339637739393936,58629,3,1,5,0
2025-03-01,Pants,146,292,10,8.840243351459396,704,3.758327483310549,42790,3,1,5,0
2025-03-02,Dress,135,604,10,2.958992884593444,822,3.990063822470574,41171,3,1,6,0
2025-03-02,T-Shirt,136,814,20,2.817443457476793,194,3.99546650809527,96779,3,1,6,0
2025-03-02,Sweater,90,1296,10,4.491878320857901,501,3.8296254502503193,64683,3,1,6,0
2025-03-02,Jacket,69,1061,20,2.9037576327707235,154,4.260175072373471,57249,3,1,6,0
2025-03-02,Pants,179,1416,30,7.29735720174927,837,3.7013576286406153,69054,3,1,6,0
2025-03-03,Dress,69,489,0,5.878868582784869,543,4.267709596157936,61298,3,1,0,0
2025-03-03,T-Shirt,161,474,10,4.381834130235666,449,4.498107188957381,30532,3,1,0,0
2025-03-03,Sweater,94,1043,20,4.629074751527389,470,4.98434721235671,23680,3,1,0,0
2025-03-03,Jacket,172,330,20,4.893782325436323,984,3.6071018016303604,35804,3,1,0,0
2025-03-03,Pants,53,1142,40,8.57989072189234,950,4.844340585962163,93675,3,1,0,0
2025-03-04,Dress,195,948,40,6.544887059344192,154,3.996300345568592,57776,3,1,1,0
2025-03-04,T-Shirt,123,368,40,4.565981300336028,784,4.492647732091093,28550,3,1,1,0
2025-03-04,Sweater,128,1385,30,9.003039342970794,232,4.4251071208623545,70403,3,1,1,0
2025-03-04,Jacket,81,499,10,1.9079992189527304,960,3.9595715554044344,86548,3,1,1,0
2025-03-04,Pants,69,908,30,2.21011336690358,214,3.672033976716138,69467,3,1,1,0
2025-03-05,Dress,75,715,10,7.146679768198185,480,4.821987334197427,81637,3,1,2,0
2025-03-05,T-Shirt,132,951,40,4.700448692617142,932,4.853291177574014,93731,3,1,2,0
2025-03-05,Sweater,191,435,10,3.566431265590606,468,4.372262464436108,10837,3,1,2,0
2025-03-05,Jacket,191,846,20,8.302667524305907,683,3.682627996471518,99302,3,1,2,0
2025-03-05,Pants,90,480,40,1.8881282573548968,603,4.0817676495287705,14780,3,1,2,0
2025-03-06,Dress,186,916,30,8.577626089765136,281,3.824735850899176,8975,3,1,3,0
2025-03-06,T-Shirt,63,781,20,9.531253710410473,270,3.8505360731646427,91706,3,1,3,0
2025-03-06,Sweater,195,1167,10,1.2831147572142347,211,4.210527890605057,99583,3,1,3,0
2025-03-06,Jacket,109,182,20,5.283032597465416,585,4.077523057033426,7056,3,1,3,0
2025-03-06,Pants,100,806,0,9.059681083427435,241,4.666000167545924,69538,3,1,3,0
2025-03-07,Dress,92,1304,0,7.355100506426713,980,4.473864099256956,41085,3,1,4,0
2025-03-07,T-Shirt,70,1148,0,7.489189353724764,364,4.910954826209364,64618,3,1,4,0
2025-03-07,Sweater,85,1419,0,5.311213584482565,168,4.362668850409042,14445,3,1,4,0
2025-03-07,Jacket,121,1151,20,6.065159816874261,183,4.306884546901829,41587,3,1,4,0
2025-03-07,Pants,86,372,0,8.29599196135161,330,4.572037600872136,38193,3,1,4,0
2025-03-08,Dress,91,919,30,7.875973443875887,928,3.5780567565418404,88220,3,1,5,0
2025-03-08,T-Shirt,113,1333,30,2.618600021519871,260,4.9128125752208796,81945,3,1,5,0
2025-03-08,Sweater,189,840,0,1.0706042911656088,877,3.8710170067150163,53673,3,1,5,0
2025-03-08,Jacket,164,600,40,6.89522226764581,249,4.019866981813669,78404,3,1,5,0
2025-03-08,Pants,92,1094,40,3.8912965607252126,948,3.8276346929945895,55849,3,1,5,0
2025-03-09,Dress,177,916,0,1.4649595824609072,865,4.48971998043209,63914,3,1,6,0
2025-03-09,T-Shirt,159,1418,10,3.0050646778896417,262,4.621664957408151,64790,3,1,6,0
2025-03-09,Sweater,183,388,0,9.292578292001767,131,4.426722919638333,80885,3,1,6,0
2025-03-09,Jacket,64,449,20,3.0484952077759524,841,4.3398292341901055,97680,3,1,6,0
2025-03-09,Pants,83,377,0,3.255903820374126,912,4.753923666367353,78947,3,1,6,0
2025-03-10,Dress,164,936,0,1.9783808166533605,717,4.631784961138347,52177,3,1,0,0
2025-03-10,T-Shirt,67,1171,20,2.6287575758020205,843,3.5749740726163277,75207,3,1,0,0
2025-03-10,Sweater,119,1476,10,4.929531059815537,320,3.683128132476849,91778,3,1,0,0
2025-03-10,Jacket,100,1458,0,5.72557483171626,995,3.5876464862818627,36676,3,1,0,0
2025-03-10,Pants,90,218,30,1.186672085255807,460,4.547349484719695,51978,3,1,0,0
2025-03-11,Dress,166,856,10,8.456847183343445,813,3.959088797324264,46495,3,1,1,0
2025-03-11,T-Shirt,148,1077,10,9.673976639865057,421,4.202091294193197,81737,3,1,1,0
2025-03-11,Sweater,64,653,40,9.308584256106968,334,3.5084521397921438,67726,3,1,1,0
2025-03-11,Jacket,55,643,40,7.865500827722808,756,4.3178587620914275,43237,3,1,1,0
2025-03-11,Pants,178,366,0,2.5588326768392085,730,4.590227961428354,41067,3,1,1,0
2025-03-12,Dress,194,457,10,7.006256177426272,837,3.988085635341859,50852,3,1,2,0
2025-03-12,T-Shirt,118,970,30,3.48960049384331,950,4.441445532352682,41992,3,1,2,0
2025-03-12,Sweater,184,806,10,8.406825627828614,372,4.41695827558308,26788,3,1,2,0
2025-03-12,Jacket,71,315,20,2.742700828421924,533,3.767412212483061,47653,3,1,2,0
2025-03-12,Pants,169,879,40,2.2255672812541407,807,3.5274790139053156,24984,3,1,2,0
2025-03-13,Dress,100,596,20,5.094159425941575,735,4.281644269370188,16628,3,1,3,0
2025-03-13,T-Shirt,98,1291,40,5.421148983559033,985,4.735696423152551,15922,3,1,3,0
2025-03-13,Sweater,76,860,30,4.914857612534167,956,4.146057997547608,83352,3,1,3,0
2025-03-13,Jacket,150,335,20,3.1336955880059314,201,3.6631799133268412,63650,3,1,3,0
2025-03-13,Pants,151,1290,40,6.332377641687326,642,4.094909188026459,34372,3,1,3,0
2025-03-14,Dress,86,1368,30,2.607471183912875,306,4.064224676344166,18317,3,1,4,0
2025-03-14,T-Shirt,172,373,0,3.62295174971915,911,4.899888001371281,90163,3,1,4,0
2025-03-14,Sweater,99,1108,10,4.172278974361295,720,3.617074292599838,93940,3,1,4,0
2025-03-14,Jacket,144,705,30,6.909597545258162,934,4.532165598875977,17442,3,1,4,0
2025-03-14,Pants,109,1247,0,6.144757509431331,684,4.956761607709938,54330,3,1,4,0
2025-03-15,Dress,97,1245,0,9.611171420577676,920,4.2177362898428274,39571,3,1,5,0
2025-03-15,T-Shirt,97,1203,0,8.22176458460833,618,4.8152719973771845,83082,3,1,5,0
2025-03-15,Sweater,156,724,20,2.0554459259851954,948,3.826226530794467,81693,3,1,5,0
2025-03-15,Jacket,110,1293,40,5.680809438452509,726,3.7095536424378532,95388,3,1,5,0
2025-03-15,Pants,92,180,20,7.414462026626946,172,4.335235566323706,35041,3,1,5,0
2025-03-16,Dress,93,1472,40,6.6093175870581815,175,4.436877867726762,61143,3,1,6,0
2025-03-16,T-Shirt,53,247,0,8.152564066626507,812,3.670907274691978,71686,3,1,6,0
2025-03-16,Sweater,58,1460,10,9.58290805866944,118,3.64982947699641,43345,3,1,6,0
2025-03-16,Jacket,104,561,30,4.828011363464075,343,4.240698343573619,26883,3,1,6,0
2025-03-16,Pants,52,356,30,1.0986932445080253,904,3.7949011952223355,11861,3,1,6,0
2025-03-17,Dress,169,538,0,6.169903815667225,732,4.372981281425538,30287,3,1,0,0
2025-03-17,T-Shirt,138,225,0,9.965321478400046,621,4.646993832843867,28897,3,1,0,0
2025-03-17,Sweater,109,1140,20,5.789529647705629,745,4.25969167815062,49846,3,1,0,0
2025-03-17,Jacket,182,995,40,9.45532798943388,122,4.419861808699007,18869,3,1,0,0
2025-03-17,Pants,196,877,30,2.1277080676549827,919,4.701039201375097,68576,3,1,0,0
2025-03-18,Dress,113,1292,30,4.046324593311799,931,3.928859435592468,45503,3,1,1,0
2025-03-18,T-Shirt,108,1050,30,2.528945876447424,480,4.852196864217061,86080,3,1,1,0
2025-03-18,Sweater,96,609,0,7.135080835231661,655,3.8980137122103997,76988,3,1,1,0
2025-03-18,Jacket,83,1154,40,2.7035457847142137,304,4.166573543451597,20839,3,1,1,0
2025-03-18,Pants,70,257,30,4.99364449670048,234,4.560041570513772,15928,3,1,1,0
2025-03-19,Dress,91,556,30,5.803677826998985,946,3.5052569952965875,53743,3,1,2,0
2025-03-19,T-Shirt,65,1466,10,6.8275698166111365,101,3.8557221098547534,63973,3,1,2,0
2025-03-19,Sweater,52,1091,40,8.950478383441201,276,4.254905672150876,29085,3,1,2,0
2025-03-19,Jacket,191,369,40,9.840381052201266,489,3.7412802472239286,24192,3,1,2,0
2025-03-19,Pants,53,280,0,7.550702812451322,822,4.26723015381325,63618,3,1,2,0
2025-03-20,Dress,175,1444,30,9.097973511033935,412,4.196202780798098,42538,3,1,3,0
2025-03-20,T-Shirt,63,1008,20,9.284987542417504,356,4.910351289309334,37407,3,1,3,0
2025-03-20,Sweater,53,738,10,1.3889232959499849,458,4.423857100499864,90107,3,1,3,0
2025-03-20,Jacket,197,1375,10,3.1297306657017394,377,4.970810456047031,86738,3,1,3,0
2025-03-20,Pants,185,1118,40,8.619796578994105,897,3.771575540708221,48560,3,1,3,0
2025-03-21,Dress,170,424,30,9.794646159354963,130,4.8003103741987685,68594,3,1,4,0
2025-03-21,T-Shirt,152,771,30,5.940448106668074,697,4.148861397505026,69575,3,1,4,0
2025-03-21,Sweater,171,716,10,3.342548774485211,355,4.130806535103314,90488,3,1,4,0
2025-03-21,Jacket,186,1012,0,7.775136290758947,584,4.166216303330179,48007,3,1,4,0
2025-03-21,Pants,82,409,20,6.770075185467814,931,4.050593683566427,56431,3,1,4,0
2025-03-22,Dress,182,737,0,2.5936382972434577,565,3.725322343200389,15367,3,1,5,0
2025-03-22,T-Shirt,75,722,20,3.9634645522607883,505,3.5634034913539017,17651,3,1,5,0
2025-03-22,Sweater,160,1233,20,8.38767974225197,985,4.6948228310697475,46150,3,1,5,0
2025-03-22,Jacket,85,813,0,4.254807949795176,757,4.659722901247235,96269,3,1,5,0
2025-03-22,Pants,77,285,40,3.4187225076079146,987,4.793570576786411,14047,3,1,5,0
2025-03-23,Dress,80,1476,10,3.433765693620193,294,4.759056295306836,55822,3,1,6,0
2025-03-23,T-Shirt,196,497,40,1.0369130538715037,230,3.6485291343427373,89859,3,1,6,0
2025-03-23,Sweater,103,1051,0,3.4694419930367535,945,4.0341345106321205,44116,3,1,6,0
2025-03-23,Jacket,140,1105,20,9.160681353152984,923,4.632780911372391,12084,3,1,6,0
2025-03-23,Pants,161,685,40,5.154932626852738,679,4.142971761168073,68059,3,1,6,0
2025-03-24,Dress,98,693,40,6.7145636418488355,546,3.527299388226579,89166,3,1,0,0
2025-03-24,T-Shirt,94,226,0,3.0071137727069024,448,4.01677100834903,9333,3,1,0,0
2025-03-24,Sweater,73,287,40,6.102093115286359,241,4.31366870911581,45854,3,1,0,0
2025-03-24,Jacket,148,988,10,7.23102548418751,946,4.327742336335378,89816,3,1,0,0
2025-03-24,Pants,175,1404,30,2.5436169788322,245,4.091369562260891,76819,3,1,0,0
2025-03-25,Dress,70,1427,10,6.165228780516363,261,4.1179395198436985,97062,3,1,1,0
2025-03-25,T-Shirt,117,1132,40,8.277472287185109,206,3.59973619276215,61422,3,1,1,0
2025-03-25,Sweater,190,726,20,2.0104548249601866,993,4.2657726400829725,5888,3,1,1,0
2025-03-25,Jacket,136,902,20,1.4070666782819343,968,4.1509349385349,10413,3,1,1,0
2025-03-25,Pants,187,1392,10,5.771974661353901,151,4.464174033778912,54592,3,1,1,0
2025-03-26,Dress,161,845,20,1.891507907943892,344,4.70642164034326,98550,3,1,2,0
2025-03-26,T-Shirt,80,1279,40,6.055799072899511,730,4.151355044917094,23546,3,1,2,0
2025-03-26,Sweater,106,531,40,7.60796505575982,232,4.440165461069346,64204,3,1,2,0
2025-03-26,Jacket,93,867,0,2.0044287950670263,253,4.894022787036487,36236,3,1,2,0
2025-03-26,Pants,103,1350,20,4.549097289101564,753,4.938356907267808,38514,3,1,2,0
2025-03-27,Dress,122,597,30,8.393863439769543,164,4.774963650664393,88187,3,1,3,0
2025-03-27,T-Shirt,64,375,0,4.106836279358058,392,4.034590251797436,88568,3,1,3,0
2025-03-27,Sweater,50,1391,20,6.65275128914292,769,4.475150828975831,90772,3,1,3,0
2025-03-27,Jacket,133,751,20,2.532097291944975,140,4.4473302281629365,22545,3,1,3,0
2025-03-27,Pants,55,391,10,2.887826635102015,908,4.4976161599976425,30358,3,1,3,0
2025-03-28,Dress,194,933,30,3.1503593537007277,109,4.675874764518804,81681,3,1,4,0
2025-03-28,T-Shirt,68,1398,30,6.133385803139412,653,3.664145607253969,18907,3,1,4,0
2025-03-28,Sweater,183,1482,10,2.3111427459643155,641,3.5369955324470164,5169,3,1,4,0
2025-03-28,Jacket,83,1341,0,3.4473658371173856,839,4.962652851650301,66104,3,1,4,0
2025-03-28,Pants,95,195,0,4.58770901360981,360,4.511354842442298,85821,3,1,4,0
2025-03-29,Dress,174,261,0,3.4536745798075494,490,4.593251220683455,68815,3,1,5,0
2025-03-29,T-Shirt,145,896,10,2.9032328804477188,175,4.754010499583525,46911,3,1,5,0
2025-03-29,Sweater,165,1438,20,2.7517062948207047,325,4.575326263395916,41894,3,1,5,0
2025-03-29,Jacket,151,248,20,2.6809957597246306,365,4.938179965910612,45285,3,1,5,0
2025-03-29,Pants,81,237,10,8.651731601757287,558,4.309259860976443,16171,3,1,5,0
2025-03-30,Dress,173,1442,40,2.570019095718483,732,4.4316879486362435,24332,3,1,6,0
2025-03-30,T-Shirt,197,1251,40,9.611995983696696,403,3.533193011632372,47738,3,1,6,0
2025-03-30,Sweater,100,893,20,5.943475073154238,829,3.59363777552377,15728,3,1,6,0
2025-03-30,Jacket,174,1030,10,1.8356057787755846,924,4.472636627556174,75949,3,1,6,0
2025-03-30,Pants,135,262,40,3.1116004030565385,921,4.4506826293175035,67979,3,1,6,0
2025-03-31,Dress,111,1145,40,3.7518353842915397,739,4.621192405222631,81864,3,1,0,0
2025-03-31,T-Shirt,111,1416,10,2.1350446367016995,540,4.831383486078288,69367,3,1,0,0
2025-03-31,Sweater,91,958,20,6.142702537398108,327,3.99367873054641,65482,3,1,0,0
2025-03-31,Jacket,90,248,10,8.490355936052328,555,3.7740422190670744,25967,3,1,0,0
2025-03-31,Pants,155,1154,40,7.694787527993539,411,4.670659459866766,65200,3,1,0,0
2025-04-01,Dress,55,1370,10,8.49570227756129,329,3.583012997825679,65587,4,2,1,0
2025-04-01,T-Shirt,153,344,40,5.85953404499246,963,3.796546832815371,85227,4,2,1,0
2025-04-01,Sweater,131,1123,10,3.347516465235787,670,4.781330514448599,65752,4,2,1,0
2025-04-01,Jacket,64,270,30,3.0769155098231886,885,4.808955031536797,52199,4,2,1,0
2025-04-01,Pants,163,1136,10,4.43296973895048,639,4.809739038784107,42443,4,2,1,0
2025-04-02,Dress,177,482,40,7.637843687935408,605,4.7186037260469735,57652,4,2,2,0
2025-04-02,T-Shirt,168,882,10,3.2243056302726396,994,4.333806644594758,52280,4,2,2,0
2025-04-02,Sweater,57,1359,0,9.094054681165627,805,4.71967668795347,19234,4,2,2,0
2025-04-02,Jacket,98,213,10,2.4464402640235505,973,3.619207498781742,9858,4,2,2,0
2025-04-02,Pants,66,592,40,6.466207451299694,595,4.551169309320855,10364,4,2,2,0
2025-04-03,Dress,83,500,0,9.442253146280207,687,3.764920538861184,63185,4,2,3,0
2025-04-03,T-Shirt,194,199,0,1.0652718521363003,434,3.919492110522479,62371,4,2,3,0
2025-04-03,Sweater,181,1465,0,3.3989510840885826,604,4.541099112283935,47320,4,2,3,0
2025-04-03,Jacket,88,1211,30,4.190897856378953,991,3.682334944277404,59435,4,2,3,0
2025-04-03,Pants,146,458,40,5.134948719565407,344,4.2665790016918645,21708,4,2,3,0
2025-04-04,Dress,62,1239,20,7.2099207671887555,830,4.075940189476068,83059,4,2,4,0
2025-04-04,T-Shirt,179,367,0,6.042080081784364,843,4.902614923970703,83412,4,2,4,0
2025-04-04,Sweater,185,1066,40,4.521995528195734,452,4.082041427512271,41775,4,2,4,0
2025-04-04,Jacket,163,851,0,4.545396807816224,821,4.621618731398942,96640,4,2,4,0
2025-04-04,Pants,81,797,40,8.360409924284106,242,4.747153428939066,46908,4,2,4,0
2025-04-05,Dress,93,181,30,3.2832486557966076,590,3.7579556027653145,41881,4,2,5,0
2025-04-05,T-Shirt,152,821,30,3.628410022881236,854,3.541239334447662,18181,4,2,5,0
2025-04-05,Sweater,148,388,40,6.920005665143607,116,3.8125778048846777,17939,4,2,5,0
2025-04-05,Jacket,193,409,0,3.703269012140023,273,4.198447882338705,27942,4,2,5,0
2025-04-05,Pants,152,941,0,1.2409352713281505,764,4.814456634438737,14297,4,2,5,0
2025-04-06,Dress,55,1240,20,6.550410976904214,689,4.3694591833010294,99891,4,2,6,0
2025-04-06,T-Shirt,112,963,20,3.1358274480527637,428,4.784142998354575,20076,4,2,6,0
2025-04-06,Sweater,112,1470,40,8.844226527290346,871,4.06382593219351,31245,4,2,6,0
2025-04-06,Jacket,131,1060,20,3.033880890953432,346,4.258498614626568,52427,4,2,6,0
2025-04-06,Pants,159,1074,10,5.965757946455962,382,4.530914917580647,70958,4,2,6,0
2025-04-07,Dress,93,185,20,2.7489892894638452,823,4.595813947244869,96352,4,2,0,0
2025-04-07,T-Shirt,147,680,0,3.31607789370579,675,3.5586872072295797,5079,4,2,0,0
2025-04-07,Sweater,100,763,10,7.038450151864355,522,4.79204407843485,86785,4,2,0,0
2025-04-07,Jacket,196,725,30,3.859574919558758,417,4.872877826046137,95153,4,2,0,0
2025-04-07,Pants,166,230,10,4.513809935745026,376,4.751383255377758,64185,4,2,0,0
2025-04-08,Dress,170,1307,10,1.4839921479974683,470,4.833717442993678,35493,4,2,1,0
2025-04-08,T-Shirt,156,1353,40,2.181581839743753,996,4.789040337129232,46410,4,2,1,0
2025-04-08,Sweater,179,1229,40,5.84427471710289,181,4.592541954105084,43549,4,2,1,0
2025-04-08,Jacket,154,432,40,2.7002247079032586,976,4.428697326305124,47139,4,2,1,0
2025-04-08,Pants,169,617,0,4.207760696420088,953,3.974226037667493,77043,4,2,1,0
2025-04-09,Dress,124,615,30,9.45836368690488,847,3.717849303614516,97662,4,2,2,0
2025-04-09,T-Shirt,76,736,30,8.026461961358702,350,3.6494912372742694,24195,4,2,2,0
2025-04-09,Sweater,151,841,40,2.1990407318591796,581,4.660887585208323,80265,4,2,2,0
2025-04-09,Jacket,114,439,0,2.527420747554196,574,3.8556974035749842,60467,4,2,2,0
2025-04-09,Pants,116,467,30,9.28350848350033,954,3.734265995661481,53245,4,2,2,0
2025-04-10,Dress,55,992,20,3.1910861077458916,862,3.5861352191033675,63204,4,2,3,0
2025-04-10,T-Shirt,87,790,0,9.180187340263426,694,3.527651314551113,28694,4,2,3,0
2025-04-10,Sweater,80,426,20,3.221640147684262,390,4.134521669362644,15895,4,2,3,0
2025-04-10,Jacket,94,976,10,2.2020243927713516,575,4.300219622403997,81064,4,2,3,0
2025-04-10,Pants,70,465,30,1.3020326348252602,332,3.711349457109689,48881,4,2,3,0
2025-04-11,Dress,149,363,10,5.085396655686913,929,4.245868220284345,18079,4,2,4,0
2025-04-11,T-Shirt,89,901,30,9.984728401605626,281,4.339680285607088,53821,4,2,4,0
2025-04-11,Sweater,70,1012,30,8.631317460505699,546,4.557525818605233,73458,4,2,4,0
2025-04-11,Jacket,142,1306,20,5.614628232567027,946,4.181093007085071,47730,4,2,4,0
2025-04-11,Pants,83,1233,30,4.197846378928192,847,4.464205263174314,20437,4,2,4,0
2025-04-12,Dress,77,709,40,1.0127639812052391,976,4.387059155002109,67423,4,2,5,0
2025-04-12,T-Shirt,149,1165,40,7.510227505469316,925,3.8026993720132856,40098,4,2,5,0
2025-04-12,Sweater,56,454,40,1.140466929897348,333,4.206855030937471,45122,4,2,5,0
2025-04-12,Jacket,122,669,40,2.476359523687717,490,4.850044355802076,31445,4,2,5,0
2025-04-12,Pants,194,1345,10,4.359355588263419,592,3.58393379062194,68090,4,2,5,0
2025-04-13,Dress,179,992,0,8.645658995734102,758,4.301372634384238,46604,4,2,6,0
2025-04-13,T-Shirt,99,684,10,6.159006618006193,723,3.9364376457769423,49185,4,2,6,0
2025-04-13,Sweater,106,918,30,4.272006644809055,658,3.7528537165881692,21489,4,2,6,0
2025-04-13,Jacket,175,838,40,3.0381822250965542,434,4.633810039006198,74610,4,2,6,0
2025-04-13,Pants,188,704,10,6.038569860255926,954,4.968837458384916,55094,4,2,6,0
2025-04-14,Dress,153,307,20,2.3620713282237973,983,3.966567979626958,15760,4,2,0,0
2025-04-14,T-Shirt,114,208,20,8.083509885913298,245,4.84853559082005,39143,4,2,0,0
2025-04-14,Sweater,107,394,40,2.979320932354368,199,4.266004103654851,54631,4,2,0,0
2025-04-14,Jacket,193,1475,0,4.062027173701528,672,4.337704948595103,96837,4,2,0,0
2025-04-14,Pants,130,1155,10,2.6736690165231862,807,3.703311519636255,66902,4,2,0,0
2025-04-15,Dress,72,466,40,7.120511873694076,810,3.6423980143484274,22833,4,2,1,0
2025-04-15,T-Shirt,190,1389,30,2.916255570438751,197,3.9153525346114066,49261,4,2,1,0
2025-04-15,Sweater,50,192,10,2.3127322060823525,865,3.614588325698059,50874,4,2,1,0
2025-04-15,Jacket,193,1340,40,7.9705369571979405,920,3.5837573313147115,10776,4,2,1,0
2025-04-15,Pants,138,667,40,5.395191582530803,513,4.638145626052816,60430,4,2,1,0
2025-04-16,Dress,62,1158,30,9.044086843089982,358,4.704488026800729,92834,4,2,2,0
2025-04-16,T-Shirt,156,1190,30,8.115935734410497,389,4.889218620905878,84845,4,2,2,0
2025-04-16,Sweater,195,711,0,8.374011616275567,188,3.6271392099129827,9992,4,2,2,0
2025-04-16,Jacket,134,976,0,3.2572371925080676,847,4.9071088950581165,32192,4,2,2,0
2025-04-16,Pants,115,524,30,2.7951279929574344,351,4.372077343004767,33273,4,2,2,0
2025-04-17,Dress,83,971,30,8.183646906173585,861,4.834636722459731,50020,4,2,3,0
2025-04-17,T-Shirt,102,605,20,5.180802261922874,694,3.7616158148246224,87319,4,2,3,0
2025-04-17,Sweater,80,335,30,2.100455674492145,790,4.4790335590113886,46887,4,2,3,0
2025-04-17,Jacket,58,569,40,9.486731704878602,760,4.39848513594654,54531,4,2,3,0
2025-04-17,Pants,159,1400,30,5.218601741393142,353,4.725230039695803,63070,4,2,3,0
2025-04-18,Dress,130,1219,0,4.883004930772094,506,4.944463913546729,94042,4,2,4,0
2025-04-18,T-Shirt,137,1294,20,2.1532153622547163,326,4.97058727904104,6567,4,2,4,0
2025-04-18,Sweater,56,1244,40,7.29086597357037,568,3.7031879223638544,88378,4,2,4,0
2025-04-18,Jacket,160,988,40,6.250738917341117,429,4.117281829151331,58046,4,2,4,0
2025-04-18,Pants,90,1065,0,3.545974648616995,645,4.286428975062127,16226,4,2,4,0
2025-04-19,Dress,68,576,40,3.674054423150577,109,4.827204621440294,47230,4,2,5,0
2025-04-19,T-Shirt,153,1394,40,1.1284402110728013,926,4.427064218122633,64066,4,2,5,0
2025-04-19,Sweater,135,253,40,6.788607551829061,137,4.291280262941314,14524,4,2,5,0
2025-04-19,Jacket,101,150,20,4.113752390263233,739,3.92146585081927,88938,4,2,5,0
2025-04-19,Pants,93,667,30,6.985285855319183,107,3.880259283387522,20029,4,2,5,0
2025-04-20,Dress,161,1153,0,1.1209963958507463,557,3.5266969950814238,30357,4,2,6,0
2025-04-20,T-Shirt,162,1107,20,7.518167081320713,519,4.3294203403668385,29992,4,2,6,0
2025-04-20,Sweater,52,364,20,2.1046604920715843,803,4.079198674740741,52080,4,2,6,0
2025-04-20,Jacket,99,365,40,7.317198117387486,701,4.065489853049952,9353,4,2,6,0
2025-04-20,Pants,196,573,10,3.0773600666900345,289,4.3733013511359315,87092,4,2,6,0
2025-04-21,Dress,165,710,20,5.722222072773427,487,4.001985930686752,22332,4,2,0,0
2025-04-21,T-Shirt,102,773,20,4.0906910242001615,242,3.7147962558203633,42855,4,2,0,0
2025-04-21,Sweater,97,692,40,1.556752819449644,770,4.387174897164537,13463,4,2,0,0
2025-04-21,Jacket,74,471,0,6.5466261122901495,982,4.00537075488719,30407,4,2,0,0
2025-04-21,Pants,138,1273,0,8.754693456209926,670,3.8649543145169045,27369,4,2,0,0
2025-04-22,Dress,188,1370,10,9.258698718295392,899,4.9384510192358695,90553,4,2,1,0
2025-04-22,T-Shirt,165,1253,20,7.32609354541073,766,4.956186485853545,58374,4,2,1,0
2025-04-22,Sweater,175,190,20,4.617281682934088,696,4.044408168838007,37022,4,2,1,0
2025-04-22,Jacket,82,1449,0,9.772632496914541,623,4.169055991501294,97558,4,2,1,0
2025-04-22,Pants,100,1264,40,5.683678882143388,319,4.8486831509907065,14941,4,2,1,0
2025-04-23,Dress,195,382,20,2.757402416719486,825,4.412576325224788,35268,4,2,2,0
2025-04-23,T-Shirt,156,739,10,4.570758332196416,824,3.887759378221718,45478,4,2,2,0
2025-04-23,Sweater,83,1134,20,8.57445608492654,491,3.6789493709027186,18570,4,2,2,0
2025-04-23,Jacket,141,1083,20,3.408143872403987,600,4.793026574195025,98375,4,2,2,0
2025-04-23,Pants,117,159,30,9.194244635541557,861,3.634217574473626,56761,4,2,2,0
2025-04-24,Dress,89,246,40,5.506269650157789,582,4.971376592268248,84852,4,2,3,0
2025-04-24,T-Shirt,160,914,0,3.3892590249788404,748,4.360583822551364,92562,4,2,3,0
2025-04-24,Sweater,120,820,10,2.3433570728992557,529,4.3624559410950825,15372,4,2,3,0
2025-04-24,Jacket,110,428,0,5.171299581076011,260,4.234173798028309,40268,4,2,3,0
2025-04-24,Pants,170,1000,10,2.7169673681504767,156,4.361554586358521,23632,4,2,3,0
2025-04-25,Dress,118,976,10,1.1357922718962543,196,3.5389734405886704,23460,4,2,4,0
2025-04-25,T-Shirt,172,222,20,4.0406849712577335,848,3.665621592011667,84472,4,2,4,0
2025-04-25,Sweater,72,570,0,4.459680378236664,400,4.323015312724095,15886,4,2,4,0
2025-04-25,Jacket,71,282,40,8.402824170221246,116,3.72005086375049,60942,4,2,4,0
2025-04-25,Pants,167,967,30,5.62893831018873,727,4.3247078890590425,28212,4,2,4,0
2025-04-26,Dress,137,598,40,2.6186333356827927,229,4.410986888386589,18105,4,2,5,0
2025-04-26,T-Shirt,160,1097,30,3.881871857394614,310,4.445393792126121,63397,4,2,5,0
2025-04-26,Sweater,114,1197,20,2.9328345996622485,717,3.8753106607675747,83565,4,2,5,0
2025-04-26,Jacket,126,729,40,1.1789191782755237,964,3.561962212882197,19847,4,2,5,0
2025-04-26,Pants,137,199,30,5.356412883643412,878,4.344053008056601,43664,4,2,5,0
2025-04-27,Dress,179,1058,10,3.6136982992802187,941,4.674476974364044,66829,4,2,6,0
2025-04-27,T-Shirt,136,922,10,3.244170798160318,782,3.7789281470012073,33820,4,2,6,0
2025-04-27,Sweater,173,960,30,4.798212093727185,379,4.313053078259177,55325,4,2,6,0
2025-04-27,Jacket,132,1218,10,1.5698732227508885,160,3.7631169374831166,69544,4,2,6,0
2025-04-27,Pants,92,564,20,6.814092618520291,594,3.70007674031426,82223,4,2,6,0
2025-04-28,Dress,138,1382,40,5.44530380904591,505,3.5432020558540005,27480,4,2,0,0
2025-04-28,T-Shirt,127,1062,10,7.3434174885164465,961,4.054949741608804,28119,4,2,0,0
2025-04-28,Sweater,87,1163,30,8.98095257688184,807,4.557783468376032,23201,4,2,0,0
2025-04-28,Jacket,150,574,20,5.687498858028151,819,4.490003906861899,79676,4,2,0,0
2025-04-28,Pants,192,623,0,9.33878596689193,310,4.8093099286506895,54047,4,2,0,0
2025-04-29,Dress,107,1246,30,3.881125446352401,172,4.82087366468145,90490,4,2,1,0
2025-04-29,T-Shirt,147,1407,20,7.301437228658215,471,3.6388641005781484,87593,4,2,1,0
2025-04-29,Sweater,194,1254,10,5.254362087726602,142,3.5203723818481545,83711,4,2,1,0
2025-04-29,Jacket,118,205,30,1.2738008295395582,666,4.666637381349478,77427,4,2,1,0
2025-04-29,Pants,64,226,0,6.2772772719065735,539,3.5597586362570897,96190,4,2,1,0
2025-04-30,Dress,101,665,20,9.810476309632397,476,4.020750259511439,41317,4,2,2,0
2025-04-30,T-Shirt,152,1180,30,5.130248718688618,519,3.944231702395787,27064,4,2,2,0
2025-04-30,Sweater,145,720,0,5.464873957663606,647,4.720014993567663,91826,4,2,2,0
2025-04-30,Jacket,148,1377,0,6.547329380211242,708,4.5859930762171075,70836,4,2,2,0
2025-04-30,Pants,137,678,30,7.900280414501342,762,3.8554000237576176,90837,4,2,2,0
2025-05-01,Dress,336,840,40,7.316699595855582,922,4.93568629352834,70435,5,2,3,1
2025-05-01,T-Shirt,274,1091,20,2.232971457570707,102,3.7347618486206846,70560,5,2,3,1
2025-05-01,Sweater,124,658,0,4.696384563130044,222,4.162260114933757,29248,5,2,3,0
2025-05-01,Jacket,132,695,10,7.193504057940269,329,3.9815201658929507,40732,5,2,3,0
2025-05-01,Pants,80,304,40,9.052426942800516,338,4.643370147525072,96049,5,2,3,0
2025-05-02,Dress,197,1213,40,5.1952703316203275,359,4.832647557716144,9271,5,2,4,0
2025-05-02,T-Shirt,207,1080,30,1.3622029355732561,630,3.763082877829916,25760,5,2,4,1
2025-05-02,Sweater,176,1231,0,5.803987543615339,815,4.725690923255217,34607,5,2,4,0
2025-05-02,Jacket,125,987,30,3.497850875295718,475,3.6229531663902357,28238,5,2,4,0
2025-05-02,Pants,136,389,20,5.867310542341918,660,4.594530208691458,77022,5,2,4,0
2025-05-03,Dress,226,328,0,3.739991040913366,220,4.078821101289449,97556,5,2,5,1
2025-05-03,T-Shirt,265,988,0,2.7364099266351576,986,4.259358899895737,20935,5,2,5,1
2025-05-03,Sweater,92,909,10,6.120730303851169,599,4.454816732865086,43912,5,2,5,0
2025-05-03,Jacket,90,631,10,7.204049399800745,609,4.032595994247326,47124,5,2,5,0
2025-05-03,Pants,120,286,30,8.482517569603711,762,3.518963902100028,59681,5,2,5,0
2025-05-04,Dress,143,1029,10,5.802720681133383,166,4.251849090017612,14529,5,2,6,0
2025-05-04,T-Shirt,272,264,0,1.7569908937871714,883,4.150963773680442,57492,5,2,6,1
2025-05-04,Sweater,129,1472,10,8.968665906401776,770,3.839830772789437,37228,5,2,6,0
2025-05-04,Jacket,122,709,10,4.942286048210227,587,3.5295339679636264,43333,5,2,6,0
2025-05-04,Pants,133,761,30,8.901474075996454,891,4.066828461159086,52219,5,2,6,0
2025-05-05,Dress,293,275,0,4.6975885973281875,763,3.9452780514199777,14182,5,2,0,1
2025-05-05,T-Shirt,304,782,0,3.760017672818048,617,4.67813163897179,75560,5,2,0,1
2025-05-05,Sweater,165,1181,10,9.086009807297646,979,3.774331476344829,33975,5,2,0,0
2025-05-05,Jacket,137,1183,30,7.486032909242189,263,3.7795002145166112,87915,5,2,0,0
2025-05-05,Pants,193,167,20,1.5007669541896413,347,4.1421920760652124,55500,5,2,0,0
2025-05-06,Dress,190,353,40,1.198352833008708,950,4.928087627445816,45426,5,2,1,0
2025-05-06,T-Shirt,276,971,0,3.321737556929187,866,4.654400226942098,42499,5,2,1,1
2025-05-06,Sweater,145,256,40,5.708602088555506,797,4.737558365935042,60361,5,2,1,0
2025-05-06,Jacket,60,1065,40,1.3206681585112539,148,4.491342580908392,14895,5,2,1,0
2025-05-06,Pants,56,1306,10,8.465708489506792,490,4.721761952195797,14136,5,2,1,0
2025-05-07,Dress,172,1387,20,8.279407899845154,659,3.6311490462404636,80974,5,2,2,0
2025-05-07,T-Shirt,365,258,20,2.0518424759836167,651,3.547422516906863,72695,5,2,2,1
2025-05-07,Sweater,88,1362,30,3.732882811638409,673,3.5946127615144503,92685,5,2,2,0
2025-05-07,Jacket,171,359,0,1.7086003143713349,337,4.15669929691216,70471,5,2,2,0
2025-05-07,Pants,189,649,40,3.0228421389293754,691,3.586997981685543,14327,5,2,2,0
2025-05-08,Dress,278,1263,40,9.723179174122341,237,4.335451300640672,72160,5,2,3,1
2025-05-08,T-Shirt,220,323,10,4.4251834724029635,160,3.513299417200435,18372,5,2,3,1
2025-05-08,Sweater,100,673,40,5.429489552696852,677,4.845944882799942,69934,5,2,3,0
2025-05-08,Jacket,164,1379,0,4.181934003071095,787,4.149126303666499,22130,5,2,3,0
2025-05-08,Pants,62,633,10,4.13828105825473,968,4.978184106507017,18785,5,2,3,0
2025-05-09,Dress,250,181,0,2.5252003799959555,809,3.7565901388000276,82614,5,2,4,1
2025-05-09,T-Shirt,225,1161,10,6.4184830563434065,465,3.5641749214756913,68294,5,2,4,1
2025-05-09,Sweater,121,1271,0,3.1901724463023884,224,4.9895280188184685,62103,5,2,4,0
2025-05-09,Jacket,182,306,40,6.265899086904875,121,4.650085794431302,63786,5,2,4,0
2025-05-09,Pants,109,920,10,1.6977827044825529,101,4.960068793662676,81942,5,2,4,0
2025-05-10,Dress,309,1109,0,6.056180673959242,978,4.117847446414904,89834,5,2,5,1
2025-05-10,T-Shirt,206,1270,0,2.887650945447093,651,3.7802735291799303,89719,5,2,5,1
2025-05-10,Sweater,151,168,20,7.441063991698056,360,4.5157443147087095,63770,5,2,5,0
2025-05-10,Jacket,97,773,10,9.119982578863366,898,3.5825719444913218,77158,5,2,5,0
2025-05-10,Pants,74,157,0,8.967545461872103,618,3.53877299576011,28440,5,2,5,0
2025-05-11,Dress,316,1184,0,1.5660843184617326,791,4.091255681875259,13177,5,2,6,1
2025-05-11,T-Shirt,317,1496,40,9.445034823593131,761,4.591153606123223,20611,5,2,6,1
2025-05-11,Sweater,60,193,0,5.464269048281898,473,4.272460677473158,88035,5,2,6,0
2025-05-11,Jacket,60,800,40,5.713248990202194,884,3.5899689082872746,56902,5,2,6,0
2025-05-11,Pants,146,1378,0,6.503784351532965,176,4.467705561228888,79525,5,2,6,0
2025-05-12,Dress,182,803,10,4.182740768260993,712,4.519504959877284,59714,5,2,0,0
2025-05-12,T-Shirt,206,941,20,3.7697456494703823,100,4.952539672264541,78480,5,2,0,1
2025-05-12,Sweater,112,609,10,6.1366172407852675,143,4.247853825445333,12087,5,2,0,0
2025-05-12,Jacket,55,877,0,5.125645477274758,333,4.637972889113671,76609,5,2,0,0
2025-05-12,Pants,154,469,10,4.129885188231651,682,3.8945566986275497,34272,5,2,0,0
2025-05-13,Dress,199,1027,30,8.9540835603413,512,4.778533190581228,50311,5,2,1,1
2025-05-13,T-Shirt,286,629,0,2.266258814746717,501,3.7693718427636953,95069,5,2,1,1
2025-05-13,Sweater,191,288,10,9.913613811239797,583,4.032412946733863,25703,5,2,1,0
2025-05-13,Jacket,63,1307,10,8.628806319868385,750,4.992130532092958,75089,5,2,1,0
2025-05-13,Pants,168,760,30,9.423766762396518,420,4.094808841346726,55333,5,2,1,0
2025-05-14,Dress,331,374,30,8.744409485169836,684,3.9076077747267224,49830,5,2,2,1
2025-05-14,T-Shirt,240,1452,10,8.571775163497318,197,4.756505944182776,45955,5,2,2,1
2025-05-14,Sweater,101,1156,20,9.792347628104157,427,4.847331685864354,11306,5,2,2,0
2025-05-14,Jacket,109,1204,40,8.998622104479628,416,3.9881991503699634,5189,5,2,2,0
2025-05-14,Pants,170,1488,40,2.078565953870835,899,3.7881939908028,14934,5,2,2,0
2025-05-15,Dress,229,746,30,2.660815456629797,650,4.795544688504038,33013,5,2,3,1
2025-05-15,T-Shirt,327,291,0,5.790113629090281,541,3.902017598129113,6135,5,2,3,1
2025-05-15,Sweater,187,349,40,8.93124575490345,957,4.460932323586533,67110,5,2,3,0
2025-05-15,Jacket,182,565,0,4.340004973989293,527,4.213690687602104,83157,5,2,3,0
2025-05-15,Pants,65,1216,30,5.648612163621172,626,4.976374649736936,6753,5,2,3,0
2025-05-16,Dress,330,888,30,3.4478859068504333,730,3.705654782111493,70402,5,2,4,1
2025-05-16,T-Shirt,308,923,20,4.5117637052491215,885,4.813493935864271,85123,5,2,4,1
2025-05-16,Sweater,117,598,10,8.923326636332064,413,4.332414333876705,81979,5,2,4,0
2025-05-16,Jacket,178,444,10,1.377551363410451,973,4.57507041440289,19679,5,2,4,0
2025-05-16,Pants,191,867,20,1.4376472447174993,327,4.931347036214632,24329,5,2,4,0
2025-05-17,Dress,257,211,30,6.91744653330626,978,4.437193561000794,92629,5,2,5,1
2025-05-17,T-Shirt,299,412,10,9.296683064073187,427,4.991757656330838,72657,5,2,5,1
2025-05-17,Sweater,191,251,40,7.017295767024517,161,3.882673090007001,64801,5,2,5,0
2025-05-17,Jacket,93,1368,20,1.4733232411661068,878,4.2992372919689155,31825,5,2,5,0
2025-05-17,Pants,137,451,40,9.393669691654237,131,4.935510376729032,11103,5,2,5,0
2025-05-18,Dress,196,1221,10,4.349081764072258,764,4.873275093075045,13988,5,2,6,0
2025-05-18,T-Shirt,199,895,10,5.8139020680774,469,4.95399518802749,59431,5,2,6,1
2025-05-18,Sweater,166,434,0,7.090630288118979,906,3.9671637864984484,14796,5,2,6,0
2025-05-18,Jacket,185,245,10,1.9256407485562428,949,4.8365759253958025,76404,5,2,6,0
2025-05-18,Pants,65,1450,10,4.846879640441928,143,4.782850899924268,96502,5,2,6,0
2025-05-19,Dress,300,957,20,4.688614888392177,155,4.290204378283905,36147,5,2,0,1
2025-05-19,T-Shirt,339,475,40,6.487259096304857,476,4.246468011569513,8728,5,2,0,1
2025-05-19,Sweater,175,368,30,4.585826518655173,694,4.029731603423807,87060,5,2,0,0
2025-05-19,Jacket,127,1157,40,5.36084633013082,151,4.789133886291957,11089,5,2,0,0
2025-05-19,Pants,112,1372,30,8.522257326560524,145,4.744883469475235,35209,5,2,0,0
2025-05-20,Dress,272,464,30,8.730210934860771,998,4.934339295614231,74216,5,2,1,1
2025-05-20,T-Shirt,257,861,20,4.469932012063627,943,4.609732451548394,41688,5,2,1,1
2025-05-20,Sweater,111,858,0,5.100422837514959,432,4.571672740909093,47262,5,2,1,0
2025-05-20,Jacket,79,1344,30,3.028032203088952,300,3.7800258888714753,22528,5,2,1,0
2025-05-20,Pants,118,1032,0,8.014411704729886,245,3.844693525407889,99688,5,2,1,0
2025-05-21,Dress,273,442,40,4.088587483290981,827,3.882188533596956,27797,5,2,2,1
2025-05-21,T-Shirt,350,1004,10,9.96471216016144,752,4.1649289791188595,27555,5,2,2,1
2025-05-21,Sweater,65,711,20,2.97159954681141,423,4.0028717535504965,37699,5,2,2,0
2025-05-21,Jacket,189,970,0,4.541033379012722,439,4.22332440884058,40191,5,2,2,0
2025-05-21,Pants,139,299,0,8.233794528122715,276,4.176193604459149,81084,5,2,2,0
2025-05-22,Dress,254,916,30,7.314394149096373,577,4.269120712776514,62694,5,2,3,1
2025-05-22,T-Shirt,187,422,30,3.2173419983286453,232,4.697256203926768,35268,5,2,3,0
2025-05-22,Sweater,158,165,40,2.9393705974868625,542,4.099100452667442,18432,5,2,3,0
2025-05-22,Jacket,113,711,40,2.7652541476048444,633,4.253271712308691,60812,5,2,3,0
2025-05-22,Pants,194,739,0,8.761757862427913,308,3.926841259642404,27805,5,2,3,0
2025-05-23,Dress,274,1183,10,3.0949505521769507,563,4.513686445441977,79310,5,2,4,1
2025-05-23,T-Shirt,202,870,40,3.253011073612058,639,4.6075874554040865,69928,5,2,4,1
2025-05-23,Sweater,89,872,40,1.2041815796420279,610,3.5214361550610507,88339,5,2,4,0
2025-05-23,Jacket,169,246,0,2.8023953924619653,871,3.610536878555652,88086,5,2,4,0
2025-05-23,Pants,75,369,30,9.519748544934574,738,3.921406157513328,94527,5,2,4,0
2025-05-24,Dress,296,501,20,2.693544362615115,495,4.306075763659052,15769,5,2,5,1
2025-05-24,T-Shirt,362,507,30,2.2349550844905934,576,4.021926292146489,99208,5,2,5,1
2025-05-24,Sweater,92,460,10,3.6273697396576603,516,4.259830723822127,10277,5,2,5,0
2025-05-24,Jacket,159,1007,10,6.445027552042298,517,4.672760286759482,13800,5,2,5,0
2025-05-24,Pants,102,550,30,7.624486130345106,304,4.5107212186455214,70781,5,2,5,0
2025-05-25,Dress,172,669,30,3.3911061895255354,301,4.186878750799432,42371,5,2,6,0
2025-05-25,T-Shirt,289,818,0,9.180981949355301,689,4.006633642240378,36426,5,2,6,1
2025-05-25,Sweater,195,203,30,8.54992972454609,694,4.034158849278439,97675,5,2,6,0
2025-05-25,Jacket,104,1444,0,9.627164588164224,243,3.7063281672127095,41415,5,2,6,0
2025-05-25,Pants,82,346,40,5.068841701513457,816,4.127736146427894,36325,5,2,6,0
2025-05-26,Dress,283,1194,40,8.851687091892607,210,4.833563176535241,15834,5,2,0,1
2025-05-26,T-Shirt,306,1251,10,5.528842030674675,539,4.102778507890688,78042,5,2,0,1
2025-05-26,Sweater,55,876,20,3.9900498765965544,526,4.763678114147984,16091,5,2,0,0
2025-05-26,Jacket,160,1394,10,8.988922573844754,573,4.316858137233251,18796,5,2,0,0
2025-05-26,Pants,62,1083,0,7.669963374667127,762,4.182896521062774,95805,5,2,0,0
2025-05-27,Dress,221,1120,30,7.847215045804917,175,3.7551518692822548,53330,5,2,1,1
2025-05-27,T-Shirt,207,374,0,9.452966453899167,459,4.323461952479208,93672,5,2,1,1
2025-05-27,Sweater,95,150,40,6.8579513661148255,390,3.5666036984090455,84049,5,2,1,0
2025-05-27,Jacket,103,631,30,8.762678256040221,115,4.3440001709845,91371,5,2,1,0
2025-05-27,Pants,111,748,20,3.309641235237051,313,4.25594866973809,24396,5,2,1,0
2025-05-28,Dress,180,648,30,1.5610733911850265,731,4.773128700003265,66978,5,2,2,0
2025-05-28,T-Shirt,226,822,0,7.281784426059284,667,4.748093145131226,66888,5,2,2,1
2025-05-28,Sweater,147,807,10,1.8994321591175758,651,3.9710118879102674,26213,5,2,2,0
2025-05-28,Jacket,81,159,20,9.24728596068156,680,4.921284470826857,47850,5,2,2,0
2025-05-28,Pants,123,1398,20,3.080177772453983,260,4.816766225712537,92826,5,2,2,0
2025-05-29,Dress,185,376,0,1.08021505754574,998,4.575465351595816,92508,5,2,3,0
2025-05-29,T-Shirt,297,524,30,7.9827529479278665,632,3.5784586581249815,34346,5,2,3,1
2025-05-29,Sweater,149,413,10,1.2862497811045719,499,4.5060792885605725,54665,5,2,3,0
2025-05-29,Jacket,50,591,0,1.989813121888754,699,4.370257804986956,86499,5,2,3,0
2025-05-29,Pants,67,1005,10,7.779674084941737,644,4.426610750937497,98616,5,2,3,0
2025-05-30,Dress,243,1482,30,1.252047875252126,538,3.8371381669080327,34030,5,2,4,1
2025-05-30,T-Shirt,198,1261,10,1.691645156751108,520,4.824389178342294,40608,5,2,4,0
2025-05-30,Sweater,175,1181,30,2.072413409864183,951,3.817236115412525,23243,5,2,4,0
2025-05-30,Jacket,116,1063,10,3.0338054618966517,134,3.614503463249679,80324,5,2,4,0
2025-05-30,Pants,137,496,30,6.031551589887265,675,4.7658024507763965,39133,5,2,4,0
2025-05-31,Dress,208,175,40,3.031576916167521,384,3.604916015207947,35875,5,2,5,1
2025-05-31,T-Shirt,247,800,10,5.36445127524487,975,3.5127290181251647,45533,5,2,5,1
2025-05-31,Sweater,78,721,40,8.777042165767465,557,3.5857694817954,46341,5,2,5,0
2025-05-31,Jacket,126,1183,20,5.621698692212352,593,4.030806115172354,82022,5,2,5,0
2025-05-31,Pants,162,696,0,4.081435894082695,794,4.247180774638793,17685,5,2,5,0
2025-06-01,Dress,335,1227,40,4.632719736272541,174,3.9040188185916564,62290,6,2,6,1
2025-06-01,T-Shirt,228,1362,30,2.0789566442639833,945,4.127383329884072,65506,6,2,6,1
2025-06-01,Sweater,185,1357,0,7.391276943062753,265,3.5894563191201354,80033,6,2,6,0
2025-06-01,Jacket,86,318,10,9.589407401988037,445,4.614317113577526,98480,6,2,6,0
2025-06-01,Pants,191,1046,0,6.404255769252466,832,4.951831474901628,50420,6,2,6,0
2025-06-02,Dress,294,1250,10,2.131434170062086,966,3.738447641033946,78932,6,2,0,1
2025-06-02,T-Shirt,279,711,0,8.07503903022819,988,4.9973658707949,89291,6,2,0,1
2025-06-02,Sweater,105,700,10,7.428861735493357,307,3.9068304146402637,79628,6,2,0,0
2025-06-02,Jacket,85,1397,0,2.5827209318457327,374,4.282001128575102,94017,6,2,0,0
2025-06-02,Pants,115,404,40,7.919809862427757,484,4.327673342591155,32924,6,2,0,0
2025-06-03,Dress,284,1440,40,8.064903768959322,998,4.727164677116251,77575,6,2,1,1
2025-06-03,T-Shirt,209,1291,30,1.1538416810831982,770,3.842116391154595,89131,6,2,1,1
2025-06-03,Sweater,154,734,40,2.5997788325398274,700,3.632778578844601,55908,6,2,1,0
2025-06-03,Jacket,188,1173,30,8.720208435543316,608,3.9246146588755653,5975,6,2,1,0
2025-06-03,Pants,187,180,30,3.378338900646901,887,4.798762213129914,48069,6,2,1,0
2025-06-04,Dress,216,1244,10,1.0534758025991897,415,3.7948803843662904,30165,6,2,2,1
2025-06-04,T-Shirt,173,524,20,5.725790609247814,986,4.876042977597915,78586,6,2,2,0
2025-06-04,Sweater,57,632,10,9.811765426389291,169,4.1579880266106555,56268,6,2,2,0
2025-06-04,Jacket,102,834,20,5.891862139575139,478,4.868101767688438,93590,6,2,2,0
2025-06-04,Pants,63,212,40,8.272132741565052,957,4.929114309689705,30706,6,2,2,0
2025-06-05,Dress,243,1083,40,2.7701779071417523,836,4.415928095294531,85225,6,2,3,1
2025-06-05,T-Shirt,317,1488,10,8.201424129983167,358,3.69255859779885,84876,6,2,3,1
2025-06-05,Sweater,111,745,40,5.1940316291771165,162,3.976124200574578,49957,6,2,3,0
2025-06-05,Jacket,63,1003,20,3.1046353217692992,374,4.11405969039225,94619,6,2,3,0
2025-06-05,Pants,128,288,10,4.376587584817922,297,4.43405059434941,79801,6,2,3,0
2025-06-06,Dress,159,1231,10,8.632251123915532,206,4.091089279753786,26280,6,2,4,0
2025-06-06,T-Shirt,235,595,0,4.615385800720061,547,4.574496540885043,94928,6,2,4,1
2025-06-06,Sweater,50,1450,30,9.048544468153104,301,3.9887533922674985,83579,6,2,4,0
2025-06-06,Jacket,85,946,30,2.9669361536850665,722,4.0882022436541625,72224,6,2,4,0
2025-06-06,Pants,193,1017,0,9.852317127858985,552,4.480757584724939,43852,6,2,4,0
2025-06-07,Dress,258,1381,40,5.882979193989502,518,3.7434212364710353,23281,6,2,5,1
2025-06-07,T-Shirt,328,750,0,4.428511864064264,174,4.3791658038472026,94606,6,2,5,1
2025-06-07,Sweater,162,185,10,1.4554124840962426,322,4.827309260819463,93304,6,2,5,0
2025-06-07,Jacket,183,540,0,4.075321411982784,597,4.232233934130964,31576,6,2,5,0
2025-06-07,Pants,82,990,10,8.512641592992708,934,3.524519997854289,62326,6,2,5,0
2025-06-08,Dress,276,1341,10,4.542970726500767,570,3.7281746045132595,43377,6,2,6,1
2025-06-08,T-Shirt,317,252,10,3.0491796333663856,165,4.1760006809100965,64893,6,2,6,1
2025-06-08,Sweater,190,813,0,2.926761890523947,250,4.097566513489146,20213,6,2,6,0
2025-06-08,Jacket,128,1425,30,2.2274685364030913,353,4.980492616181559,81557,6,2,6,0
2025-06-08,Pants,83,475,40,1.0362275096857367,715,3.7802012615675533,51545,6,2,6,0
2025-06-09,Dress,270,996,40,1.3646757289570297,796,4.096283493660824,72986,6,2,0,1
2025-06-09,T-Shirt,231,382,0,3.899741055831665,988,4.569746403136011,83538,6,2,0,1
2025-06-09,Sweater,183,528,0,3.082929674170822,943,3.5488675735882618,72759,6,2,0,0
2025-06-09,Jacket,198,182,0,8.433763026251382,664,3.7166358732646647,82585,6,2,0,0
2025-06-09,Pants,62,1072,10,8.219991870741715,272,4.231780253549468,7202,6,2,0,0
2025-06-10,Dress,228,407,20,8.149297585800111,330,4.898423216106171,99368,6,2,1,1
2025-06-10,T-Shirt,278,1455,20,3.8600686772817747,126,4.034347263141262,21006,6,2,1,1
2025-06-10,Sweater,178,351,40,6.002842461812157,193,4.537988783085116,86234,6,2,1,0
2025-06-10,Jacket,52,204,30,4.604007038066964,653,4.033531084841561,99437,6,2,1,0
2025-06-10,Pants,99,610,30,6.5723469338325975,158,4.417151355109211,28459,6,2,1,0
2025-06-11,Dress,190,1478,20,8.922679456766868,432,4.587064231196567,35568,6,2,2,0
2025-06-11,T-Shirt,281,293,20,1.314989571375871,179,3.5343823597244555,7355,6,2,2,1
2025-06-11,Sweater,133,709,0,3.9318386853510776,448,4.924004462787386,94939,6,2,2,0
2025-06-11,Jacket,59,317,0,6.155794035701674,964,3.7912431161217643,73590,6,2,2,0
2025-06-11,Pants,67,606,0,3.0531016298829536,615,4.5542700607652735,53039,6,2,2,0
2025-06-12,Dress,276,1196,0,8.45312672671211,243,4.956410425509428,75494,6,2,3,1
2025-06-12,T-Shirt,181,841,40,7.984440629824423,649,4.4790851593335095,27601,6,2,3,0
2025-06-12,Sweater,162,375,20,7.623524815509001,447,4.081219840275946,38292,6,2,3,0
2025-06-12,Jacket,61,711,0,4.486974556197113,730,4.583974553541285,66377,6,2,3,0
2025-06-12,Pants,57,255,0,3.974026185985248,853,4.014900735608606,87674,6,2,3,0
2025-06-13,Dress,332,1054,0,7.764677142105406,673,4.085057416481458,6287,6,2,4,1
2025-06-13,T-Shirt,268,1482,40,8.706196375224582,948,3.852260407303378,63293,6,2,4,1
2025-06-13,Sweater,196,1240,10,4.282651264958098,331,4.648778456055513,88504,6,2,4,0
2025-06-13,Jacket,72,723,20,2.6751893893128953,699,4.667188491929783,20624,6,2,4,0
2025-06-13,Pants,61,262,30,1.512531538286034,316,4.721981675891076,55044,6,2,4,0
2025-06-14,Dress,187,894,30,7.371824512447789,408,4.772141995701682,74776,6,2,5,0
2025-06-14,T-Shirt,209,263,20,9.8597443076296,681,3.631219408626392,77623,6,2,5,1
2025-06-14,Sweater,69,1303,30,5.919845952730573,362,4.3022272474147165,65693,6,2,5,0
2025-06-14,Jacket,95,1341,40,6.3738821404934,823,4.616421408941246,49700,6,2,5,0
2025-06-14,Pants,58,1195,10,3.1817988550546654,285,4.23670780354374,66836,6,2,5,0
2025-06-15,Dress,354,1375,0,7.967411132474494,654,4.878085624000746,36516,6,2,6,1
2025-06-15,T-Shirt,307,1050,30,2.9747407470121345,362,3.8205694622788684,41397,6,2,6,1
2025-06-15,Sweater,187,921,20,3.896447573521719,446,4.607252878544927,30247,6,2,6,0
2025-06-15,Jacket,160,698,20,2.7628496657122366,261,4.939533828671021,31955,6,2,6,0
2025-06-15,Pants,57,232,0,1.446514629957386,479,4.626960943478265,6833,6,2,6,0
2025-06-16,Dress,239,822,40,6.704852014468712,432,3.6661146802867783,14635,6,2,0,1
2025-06-16,T-Shirt,310,503,30,2.0009491750199384,143,4.485191006945048,88682,6,2,0,1
2025-06-16,Sweater,191,910,40,6.5370474906910365,630,3.9366183220634694,47987,6,2,0,0
2025-06-16,Jacket,138,662,10,7.7221328981997095,613,4.19350381949517,22330,6,2,0,0
2025-06-16,Pants,187,1448,10,1.76091150351167,355,4.303741759174163,56127,6,2,0,0
2025-06-17,Dress,268,622,20,5.973711236462745,538,4.603546257959381,62841,6,2,1,1
2025-06-17,T-Shirt,271,1138,10,3.77978680910942,518,4.182775021001392,81230,6,2,1,1
2025-06-17,Sweater,106,1095,20,7.579682935610936,211,3.9859086802410735,16116,6,2,1,0
2025-06-17,Jacket,196,1229,40,4.855152554318356,284,3.6690675241233635,70234,6,2,1,0
2025-06-17,Pants,86,1162,30,3.2812241024409707,527,3.644113963457534,38577,6,2,1,0
2025-06-18,Dress,152,945,30,9.076050690118919,117,4.123623578798249,86454,6,2,2,0
2025-06-18,T-Shirt,282,1383,20,3.445918279064178,380,3.5390443247257024,54284,6,2,2,1
2025-06-18,Sweater,57,260,20,7.561929552353885,990,3.563054603285631,75390,6,2,2,0
2025-06-18,Jacket,53,1010,0,4.387335645684409,272,3.937950440976303,69277,6,2,2,0
2025-06-18,Pants,105,233,10,6.600622382538774,298,3.5830860950314087,81019,6,2,2,0
2025-06-19,Dress,260,998,0,9.199766184166437,906,3.957663785318123,20512,6,2,3,1
2025-06-19,T-Shirt,304,415,40,1.0303564919549997,694,4.385670032392964,28434,6,2,3,1
2025-06-19,Sweater,183,1499,40,9.370241540993462,859,3.8479774774755326,38826,6,2,3,0
2025-06-19,Jacket,130,1112,10,5.774167000367338,681,3.936463258623298,98039,6,2,3,0
2025-06-19,Pants,76,423,20,5.937697996176395,987,4.244049334912122,41282,6,2,3,0
2025-06-20,Dress,277,781,0,9.448397347753245,275,3.816583833900276,85642,6,2,4,1
2025-06-20,T-Shirt,263,680,20,5.153462186062025,296,3.849062300583307,80348,6,2,4,1
2025-06-20,Sweater,77,451,30,1.0027875872350536,235,3.5515150765298276,15768,6,2,4,0
2025-06-20,Jacket,83,681,10,7.643951201226878,621,4.560550832050755,29946,6,2,4,0
2025-06-20,Pants,176,766,30,7.5073098776571605,338,3.5726289587158724,38699,6,2,4,0
2025-06-21,Dress,164,567,20,5.274355177255463,725,4.044692664269109,12509,6,2,5,0
2025-06-21,T-Shirt,223,981,10,4.853344977931169,161,3.769620352007388,47851,6,2,5,1
2025-06-21,Sweater,160,931,40,2.316090269153877,108,3.59091553567672,97345,6,2,5,0
2025-06-21,Jacket,128,1389,0,5.111346935856878,455,4.426959570270961,17679,6,2,5,0
2025-06-21,Pants,116,1448,0,8.532131007849895,799,3.9002056731383767,33210,6,2,5,0
2025-06-22,Dress,334,1356,0,3.6333679926154847,379,4.499923185229302,70875,6,2,6,1
2025-06-22,T-Shirt,149,1184,30,6.54210819082112,739,3.8757521370439094,75585,6,2,6,0
2025-06-22,Sweater,128,495,0,7.461229615504644,641,4.969537619653742,71760,6,2,6,0
2025-06-22,Jacket,180,505,40,1.8905707151788143,339,4.441674760574507,62304,6,2,6,0
2025-06-22,Pants,76,484,30,3.9234053362527077,435,4.012322175384765,21464,6,2,6,0
2025-06-23,Dress,223,407,0,2.798388283072277,222,4.536276763199074,60810,6,2,0,1
2025-06-23,T-Shirt,323,454,40,6.839634958250633,756,3.914615811640512,15133,6,2,0,1
2025-06-23,Sweater,55,640,10,1.2463362292033182,986,3.7115745353747602,18502,6,2,0,0
2025-06-23,Jacket,193,240,30,7.5915554127153015,400,4.412446420612845,95947,6,2,0,0
2025-06-23,Pants,189,582,0,7.117082807415756,117,4.072955987624924,98792,6,2,0,0
2025-06-24,Dress,238,389,0,8.811945400024996,585,4.79251697929176,68236,6,2,1,1
2025-06-24,T-Shirt,287,365,30,7.845831456202231,976,3.75437900123107,35339,6,2,1,1
2025-06-24,Sweater,123,982,40,2.1489997148407483,648,4.837812750401332,25698,6,2,1,0
2025-06-24,Jacket,174,236,40,7.770425148508056,790,4.364689784688851,52511,6,2,1,0
2025-06-24,Pants,174,524,0,6.302808160874678,737,3.5489026580771714,40776,6,2,1,0
2025-06-25,Dress,235,1378,0,6.959146139688239,202,3.8784373838919812,62155,6,2,2,1
2025-06-25,T-Shirt,238,685,40,1.2159635122006573,182,4.9046845855326575,89658,6,2,2,1
2025-06-25,Sweater,91,867,0,6.07345911592856,207,4.699836956403225,24622,6,2,2,0
2025-06-25,Jacket,54,1397,20,3.9319130767903165,225,4.18759866041765,65477,6,2,2,0
2025-06-25,Pants,76,203,10,3.9214009655168542,429,3.7518183516242694,25615,6,2,2,0
2025-06-26,Dress,266,1001,0,8.176359418970296,970,3.971135682850367,13826,6,2,3,1
2025-06-26,T-Shirt,273,1443,0,5.441652880522951,581,4.023897358771459,79989,6,2,3,1
2025-06-26,Sweater,82,434,40,1.3361647133423156,529,4.388995925200242,9334,6,2,3,0
2025-06-26,Jacket,182,1298,40,4.579130216305309,981,3.6866612161414163,91903,6,2,3,0
2025-06-26,Pants,122,1136,30,9.836354889683554,629,3.897396329333609,80409,6,2,3,0
2025-06-27,Dress,218,1010,0,6.6319247357376305,938,3.8066056621483044,88232,6,2,4,1
2025-06-27,T-Shirt,182,1001,40,8.107294872839631,322,4.754464812523508,92938,6,2,4,0
2025-06-27,Sweater,55,684,40,6.57244022196434,745,4.834996223871698,9652,6,2,4,0
2025-06-27,Jacket,149,1019,40,1.1316568528456301,456,3.931619768827097,62752,6,2,4,0
2025-06-27,Pants,59,1464,0,4.313202309830244,707,3.932512141692029,39307,6,2,4,0
2025-06-28,Dress,324,806,0,3.3068144193485125,181,4.0563851376635975,16603,6,2,5,1
2025-06-28,T-Shirt,331,520,30,4.924442985597019,115,4.005392289787587,17770,6,2,5,1
2025-06-28,Sweater,91,715,10,5.916231708425997,981,3.536745097627428,29507,6,2,5,0
2025-06-28,Jacket,159,394,40,2.04224400412667,920,3.921834401632276,6745,6,2,5,0
2025-06-28,Pants,103,217,10,9.823468137799928,572,4.333261028490568,94006,6,2,5,0
2025-06-29,Dress,300,1079,40,7.007934451009035,456,4.652334007004722,90984,6,2,6,1
2025-06-29,T-Shirt,254,901,20,3.139564260504282,627,3.5078187777153875,28237,6,2,6,1
2025-06-29,Sweater,157,684,10,8.700621095582894,264,4.752461110047335,37261,6,2,6,0
2025-06-29,Jacket,81,806,0,8.831287049965635,788,4.9349177812457885,75716,6,2,6,0
2025-06-29,Pants,126,565,40,7.697674965084339,497,4.280899725204471,47376,6,2,6,0
2025-06-30,Dress,260,755,30,9.44008867412911,835,4.446747816048607,83976,6,2,0,1
2025-06-30,T-Shirt,266,280,30,1.0396144810340764,922,3.838527640017831,43977,6,2,0,1
2025-06-30,Sweater,150,180,40,2.7538217399566065,514,3.5917064450183354,68253,6,2,0,0
2025-06-30,Jacket,143,1219,0,4.522924182005701,800,4.185941419093526,49383,6,2,0,0
2025-06-30,Pants,110,1278,0,6.59876055225959,176,4.952447471990254,35374,6,2,0,0
2025-07-01,Dress,226,207,0,6.876172948986425,789,4.554048549225848,72818,7,3,1,1
2025-07-01,T-Shirt,264,1227,10,2.891665932593894,394,4.143142261555256,37483,7,3,1,1
2025-07-01,Sweater,97,1478,10,4.436845770110503,885,4.37670489746692,90222,7,3,1,0
2025-07-01,Jacket,83,968,0,6.058131890887217,551,4.794781022552084,33760,7,3,1,0
2025-07-01,Pants,152,1309,20,7.2590781104963975,622,4.350425713458216,66265,7,3,1,0
2025-07-02,Dress,328,187,0,6.622655139158122,612,3.576769603502314,8072,7,3,2,1
2025-07-02,T-Shirt,313,1008,10,4.247964212448763,959,4.043925427378193,30120,7,3,2,1
2025-07-02,Sweater,75,1234,0,7.1966096956860675,966,4.902252203262853,23070,7,3,2,0
2025-07-02,Jacket,164,296,30,9.682170008021576,869,4.823128218307353,62956,7,3,2,0
2025-07-02,Pants,177,1488,0,8.006215059236666,909,4.044132741801765,51475,7,3,2,0
2025-07-03,Dress,197,1155,40,9.916525497228447,691,3.9334067758575753,80236,7,3,3,0
2025-07-03,T-Shirt,175,882,40,6.511626172926748,991,3.922007879068455,61478,7,3,3,0
2025-07-03,Sweater,60,881,20,9.81822846793739,464,3.931631360843487,84421,7,3,3,0
2025-07-03,Jacket,197,1048,30,6.119071143887575,385,4.313254865668572,82760,7,3,3,0
2025-07-03,Pants,78,1162,10,1.418039355571854,491,4.551105649001453,14449,7,3,3,0
2025-07-04,Dress,218,1465,30,8.428729938164295,417,4.9055819503486635,7512,7,3,4,1
2025-07-04,T-Shirt,240,1413,30,8.291383617490283,834,3.854257973724316,48775,7,3,4,1
2025-07-04,Sweater,69,382,0,9.176716274504612,837,3.7385376961496397,80186,7,3,4,0
2025-07-04,Jacket,162,557,40,1.5125758056611305,465,3.667395530010448,27409,7,3,4,0
2025-07-04,Pants,123,1133,0,2.0116424015015393,720,4.117145864580695,61724,7,3,4,0
2025-07-05,Dress,291,719,10,8.067652000504058,876,3.7369122284055223,79453,7,3,5,1
2025-07-05,T-Shirt,251,808,10,9.341347185355586,623,4.376759053974971,31154,7,3,5,1
2025-07-05,Sweater,100,1434,40,3.274370737382124,667,4.33095808187919,55243,7,3,5,0
2025-07-05,Jacket,145,1316,10,4.791067603169464,684,4.454981839018682,57204,7,3,5,0
2025-07-05,Pants,107,879,40,3.7014388880138047,171,4.777139591622509,65089,7,3,5,0
2025-07-06,Dress,214,1393,30,9.881755322771946,116,3.73617943578477,45533,7,3,6,1
2025-07-06,T-Shirt,326,219,30,2.267500848877111,648,3.9019925368454143,78185,7,3,6,1
2025-07-06,Sweater,57,1055,0,6.811167926568166,654,3.55138186043996,86165,7,3,6,0
2025-07-06,Jacket,140,894,30,9.107693469794151,580,4.56516633785932,36050,7,3,6,0
2025-07-06,Pants,114,1091,20,6.253662027468,867,4.655167478345428,52431,7,3,6,0
2025-07-07,Dress,291,239,40,3.371692982353588,134,4.533926122626447,33648,7,3,0,1
2025-07-07,T-Shirt,254,273,0,3.202610295114825,334,4.142071687913112,22899,7,3,0,1
2025-07-07,Sweater,112,1349,30,5.54401732851065,588,4.706838071702945,8796,7,3,0,0
2025-07-07,Jacket,169,1382,0,5.653435192211199,441,4.013785261050144,49493,7,3,0,0
2025-07-07,Pants,75,1425,20,8.40362434910704,101,4.946772858926635,35192,7,3,0,0
2025-07-08,Dress,250,219,0,5.9957672542553775,386,4.5594332210585105,44203,7,3,1,1
2025-07-08,T-Shirt,335,1447,0,3.724962331210232,104,4.677098619296069,17501,7,3,1,1
2025-07-08,Sweater,199,1188,0,8.67639755617499,144,3.5688800841368944,14402,7,3,1,1
2025-07-08,Jacket,198,1343,0,3.123107800284595,500,4.53961266945573,72462,7,3,1,0
2025-07-08,Pants,138,701,20,7.739517573070453,278,4.158788248524001,79399,7,3,1,0
2025-07-09,Dress,203,696,40,1.5733279223589367,776,4.00621204255501,48809,7,3,2,1
2025-07-09,T-Shirt,280,174,20,6.66089548501917,329,4.61368290154228,67327,7,3,2,1
2025-07-09,Sweater,182,1376,20,2.588987730185565,464,4.424379240255652,73718,7,3,2,0
2025-07-09,Jacket,118,1019,10,6.696897527731766,985,4.98918052739538,12649,7,3,2,0
2025-07-09,Pants,124,736,0,2.2199039525036337,645,3.793675710290607,13100,7,3,2,0
2025-07-10,Dress,284,1057,40,9.13099326886835,743,3.854370451572672,41104,7,3,3,1
2025-07-10,T-Shirt,262,316,0,6.710320658561322,134,3.8340410175941284,50798,7,3,3,1
2025-07-10,Sweater,107,1274,0,6.658159000821444,767,4.768983316080847,94938,7,3,3,0
2025-07-10,Jacket,162,243,40,3.8978477855571154,125,4.5935564357302825,68537,7,3,3,0
2025-07-10,Pants,164,913,30,8.170152814657238,478,4.938176907087547,34000,7,3,3,0
2025-07-11,Dress,330,370,20,1.0583927540247382,209,4.555630262242263,98960,7,3,4,1
2025-07-11,T-Shirt,357,257,40,6.821742016154995,167,4.0170097115188215,65047,7,3,4,1
2025-07-11,Sweater,102,470,30,3.832808435746922,309,4.283434209966758,85241,7,3,4,0
2025-07-11,Jacket,101,726,10,6.990983514483956,262,4.938512665413089,68211,7,3,4,0
2025-07-11,Pants,120,1279,10,1.8789496912907238,457,4.041834102851429,91128,7,3,4,0
2025-07-12,Dress,170,838,10,1.1514998787450532,229,4.066727425767358,63570,7,3,5,0
2025-07-12,T-Shirt,262,1208,30,1.0310152939918273,695,4.6344423857905905,60833,7,3,5,1
2025-07-12,Sweater,110,244,0,7.871857615822478,652,4.293883311426125,45894,7,3,5,0
2025-07-12,Jacket,191,986,20,5.710136449772369,279,3.8083077060432298,12691,7,3,5,0
2025-07-12,Pants,117,351,20,6.3077987601039265,141,3.963990161325218,78396,7,3,5,0
2025-07-13,Dress,167,843,30,3.533816000561914,867,3.568256356685444,47681,7,3,6,0
2025-07-13,T-Shirt,278,1347,30,1.088949589979153,343,4.1807568218854705,46970,7,3,6,1
2025-07-13,Sweater,126,1191,0,9.102493244149224,387,3.8693071527631724,15937,7,3,6,0
2025-07-13,Jacket,60,930,0,5.5520497010804455,905,4.950523983198459,16290,7,3,6,0
2025-07-13,Pants,85,309,0,7.734478369575311,226,3.886696493246189,49016,7,3,6,0
2025-07-14,Dress,309,761,0,3.2179085271429004,964,4.398085011585096,62600,7,3,0,1
2025-07-14,T-Shirt,194,1178,10,8.25336429543519,831,4.3864325989107105,36212,7,3,0,0
2025-07-14,Sweater,199,252,30,7.144286542982531,776,4.092280511605518,21585,7,3,0,1
2025-07-14,Jacket,139,238,40,1.8386990737508155,498,4.740029455507177,92091,7,3,0,0
2025-07-14,Pants,189,736,0,2.422551702624844,370,4.253240083734222,32946,7,3,0,0
2025-07-15,Dress,243,1325,10,3.2122347065007935,422,3.7245883462192855,44140,7,3,1,1
2025-07-15,T-Shirt,136,177,30,3.020324511094555,494,4.812143785672191,27347,7,3,1,0
2025-07-15,Sweater,64,1477,30,4.602926649950096,298,3.927452416365967,43585,7,3,1,0
2025-07-15,Jacket,117,600,0,3.9552200661971737,286,4.226882124796427,80993,7,3,1,0
2025-07-15,Pants,157,1097,40,1.0104729789518059,125,4.471367736210288,51266,7,3,1,0
2025-07-16,Dress,163,490,10,4.556123962971106,706,4.370968700539926,93489,7,3,2,0
2025-07-16,T-Shirt,217,472,40,2.103572984116946,369,4.23891451827924,79383,7,3,2,1
2025-07-16,Sweater,67,372,20,8.207439187976895,728,4.140771743612557,56372,7,3,2,0
2025-07-16,Jacket,53,544,10,6.15119060824862,266,4.329304090288657,28039,7,3,2,0
2025-07-16,Pants,149,1348,20,6.605885341185433,562,4.22117212692367,47631,7,3,2,0
2025-07-17,Dress,318,1366,10,2.104351294035763,955,4.680684294409163,28082,7,3,3,1
2025-07-17,T-Shirt,331,1105,30,9.657843580003057,537,4.1586736614239594,55189,7,3,3,1
2025-07-17,Sweater,164,1285,20,8.95700758510376,839,4.44676130601351,36607,7,3,3,0
2025-07-17,Jacket,84,395,10,4.684086674460502,769,4.450564615134667,55502,7,3,3,0
2025-07-17,Pants,67,996,30,1.2365629510384637,778,3.8632710772591294,13951,7,3,3,0
2025-07-18,Dress,282,681,40,8.634648393776967,698,4.236567232658566,75440,7,3,4,1
2025-07-18,T-Shirt,261,1486,20,2.399860823504386,232,4.588517200232777,38159,7,3,4,1
2025-07-18,Sweater,60,657,10,1.002272090415059,494,3.6565025793036234,82818,7,3,4,0
2025-07-18,Jacket,192,827,0,9.176015851213615,955,4.879902097672092,34461,7,3,4,0
2025-07-18,Pants,52,1047,40,3.9215551808032965,393,4.929781465558711,94257,7,3,4,0
2025-07-19,Dress,303,380,0,9.835906160781692,721,4.586576102493578,18229,7,3,5,1
2025-07-19,T-Shirt,337,1349,10,3.0080346268480014,852,4.061505594440295,27970,7,3,5,1
2025-07-19,Sweater,76,606,0,6.757318559431924,543,4.707905895810876,62498,7,3,5,0
2025-07-19,Jacket,77,421,20,1.4750501546412205,710,4.981184925440116,22916,7,3,5,0
2025-07-19,Pants,171,1499,20,4.735409445585102,589,4.327519345628959,85912,7,3,5,0
2025-07-20,Dress,244,1375,0,4.7246387011495035,911,3.5714185676412322,58625,7,3,6,1
2025-07-20,T-Shirt,332,1137,0,7.276488054122938,791,3.8822267269471427,72156,7,3,6,1
2025-07-20,Sweater,94,520,20,9.129832008095672,651,4.396616133756324,20144,7,3,6,0
2025-07-20,Jacket,169,230,30,3.638264592322635,527,3.7183092969839695,68440,7,3,6,0
2025-07-20,Pants,79,1439,20,9.583924565915444,903,4.683305164727121,23368,7,3,6,0
2025-07-21,Dress,187,1483,20,6.835815385944208,474,3.7507956942022047,51741,7,3,0,0
2025-07-21,T-Shirt,268,334,30,2.941222311755971,755,3.7108686929946235,63639,7,3,0,1
2025-07-21,Sweater,104,1012,40,5.5123474111346775,376,4.807036011848312,76366,7,3,0,0
2025-07-21,Jacket,59,1049,20,2.9395104025038896,326,3.5454749065027333,73345,7,3,0,0
2025-07-21,Pants,131,456,20,5.704354028548917,133,4.44143705138458,87049,7,3,0,0
2025-07-22,Dress,289,804,30,6.286452357417824,116,4.553471777578625,83027,7,3,1,1
2025-07-22,T-Shirt,267,172,10,4.074544562206013,203,4.092632783534949,60619,7,3,1,1
2025-07-22,Sweater,113,423,30,3.4198736440736335,482,4.2759131040099,30482,7,3,1,0
2025-07-22,Jacket,130,1121,10,3.113728236987405,774,4.6739311836155135,81789,7,3,1,0
2025-07-22,Pants,170,1325,10,8.85792309048037,675,3.619695569839186,87189,7,3,1,0
2025-07-23,Dress,253,1273,0,5.628177711301352,420,4.609117183185037,85096,7,3,2,1
2025-07-23,T-Shirt,288,1139,30,6.269065271716948,459,3.793322597534153,5014,7,3,2,1
2025-07-23,Sweater,97,1153,10,9.245359241329611,454,4.890188741613952,29082,7,3,2,0
2025-07-23,Jacket,119,264,0,7.2286758271738885,174,3.9712511191879454,31865,7,3,2,0
2025-07-23,Pants,112,815,40,9.290935900956569,192,4.721635350618728,86061,7,3,2,0
2025-07-24,Dress,251,1441,0,6.203266063859083,384,4.850940941892346,6132,7,3,3,1
2025-07-24,T-Shirt,210,1306,30,5.503775462515735,880,3.8009961750326635,63958,7,3,3,1
2025-07-24,Sweater,67,967,10,9.955438510669442,658,3.6131496044052436,12089,7,3,3,0
2025-07-24,Jacket,61,1186,0,8.892289062192742,784,4.712178132477982,11122,7,3,3,0
2025-07-24,Pants,92,762,10,9.094298760288343,720,4.589121135017283,97270,7,3,3,0
2025-07-25,Dress,231,956,0,2.93907949260079,176,3.8610273638350114,94856,7,3,4,1
2025-07-25,T-Shirt,295,1192,10,2.8457322198973745,718,4.473100223668097,86289,7,3,4,1
2025-07-25,Sweater,77,183,20,6.833061307187512,717,4.119075090624545,82027,7,3,4,0
2025-07-25,Jacket,170,768,20,4.918578671904396,426,3.7680968548928404,55321,7,3,4,0
2025-07-25,Pants,95,1243,40,6.517968363600308,262,4.786319884905267,49619,7,3,4,0
2025-07-26,Dress,291,1221,40,5.041050213223387,925,4.003945472830479,13348,7,3,5,1
2025-07-26,T-Shirt,177,1228,30,3.79214075296661,217,4.311152349241004,40402,7,3,5,0
2025-07-26,Sweater,114,998,30,8.123869056998803,415,4.3053620118713525,15683,7,3,5,0
2025-07-26,Jacket,146,1432,20,5.966291581362587,297,4.522674681818518,48452,7,3,5,0
2025-07-26,Pants,107,731,40,4.356389192230829,748,4.471332166480134,17626,7,3,5,0
2025-07-27,Dress,199,1285,30,5.696856754884073,404,3.8096640381936036,29660,7,3,6,1
2025-07-27,T-Shirt,228,275,10,5.598971127409082,504,3.617308485366642,32675,7,3,6,1
2025-07-27,Sweater,129,1439,30,1.6098155450074174,957,4.38711111934837,66407,7,3,6,0
2025-07-27,Jacket,111,1024,30,2.9263572259296917,710,4.388711971345423,53484,7,3,6,0
2025-07-27,Pants,96,1169,0,8.698129018152603,728,4.775678410043388,73676,7,3,6,0
2025-07-28,Dress,235,675,40,8.257557640014848,555,3.9915904350231064,69669,7,3,0,1
2025-07-28,T-Shirt,308,1414,10,7.289385231198539,404,4.747869968856441,8800,7,3,0,1
2025-07-28,Sweater,63,526,20,1.3092672629517497,990,4.0222984733204905,78541,7,3,0,0
2025-07-28,Jacket,152,878,40,3.416986955887115,773,4.089199785650724,17094,7,3,0,0
2025-07-28,Pants,98,1231,20,1.4083428004644087,952,4.500342906305513,11294,7,3,0,0
2025-07-29,Dress,278,356,20,6.0480427942351955,951,4.715498761363754,93760,7,3,1,1
2025-07-29,T-Shirt,201,1270,30,9.889442818702038,439,4.360653958369046,81848,7,3,1,1
2025-07-29,Sweater,180,773,40,3.5524272453366943,186,4.34028883135135,99022,7,3,1,0
2025-07-29,Jacket,123,602,30,8.663777247587443,130,4.745098058293669,94299,7,3,1,0
2025-07-29,Pants,197,1408,10,4.258502651552423,649,4.770587286307542,35284,7,3,1,0
2025-07-30,Dress,314,834,10,9.803378098756353,276,4.94965221512648,70250,7,3,2,1
2025-07-30,T-Shirt,348,170,40,9.574893074379997,251,4.854369337950153,57703,7,3,2,1
2025-07-30,Sweater,145,1248,10,8.984838828321028,232,4.936484711583047,60541,7,3,2,0
2025-07-30,Jacket,84,261,20,2.4657246247404494,730,4.20246039025872,41176,7,3,2,0
2025-07-30,Pants,187,1409,20,9.811264234826252,670,3.5948365088759506,49162,7,3,2,0
2025-07-31,Dress,357,1374,30,7.686867910335436,709,4.062561941742353,50640,7,3,3,1
2025-07-31,T-Shirt,240,176,40,7.563267758155732,679,4.1649217646401,60211,7,3,3,1
2025-07-31,Sweater,164,773,0,9.665529699185255,794,4.93742844221671,10702,7,3,3,0
2025-07-31,Jacket,134,455,30,9.804013017232371,901,3.744123661673571,53101,7,3,3,0
2025-07-31,Pants,182,179,30,7.895587595229202,714,4.172832284068558,39889,7,3,3,0
2025-08-01,Dress,249,173,30,3.132607263293411,131,4.384606418834305,88890,8,3,4,1
2025-08-01,T-Shirt,201,821,10,9.4360560681223,670,3.559891488207757,87632,8,3,4,1
2025-08-01,Sweater,126,916,20,3.8696839355338826,691,4.686628582292045,79363,8,3,4,0
2025-08-01,Jacket,83,1294,40,1.067869834443988,509,3.7601929971722194,52201,8,3,4,0
2025-08-01,Pants,94,860,0,5.241653456799851,213,3.54855280100828,9447,8,3,4,0
2025-08-02,Dress,252,1485,10,6.950718097587442,535,3.8190171920145493,92862,8,3,5,1
2025-08-02,T-Shirt,221,411,0,5.044024534918907,522,3.5525474794109253,39787,8,3,5,1
2025-08-02,Sweater,80,1098,10,9.39530813473231,407,4.723208355846763,70869,8,3,5,0
2025-08-02,Jacket,52,590,0,9.801204063316248,659,4.44421777094352,94422,8,3,5,0
2025-08-02,Pants,193,1339,30,7.727754878759236,218,4.601006381815527,84317,8,3,5,0
2025-08-03,Dress,243,1243,0,3.8537990854671302,280,4.703945632400051,25526,8,3,6,1
2025-08-03,T-Shirt,175,1313,0,8.493863520273763,688,4.2252606118664975,92893,8,3,6,0
2025-08-03,Sweater,103,423,20,2.269223097403022,558,4.820795788479244,93424,8,3,6,0
2025-08-03,Jacket,118,811,20,7.8403226991618835,857,3.6271709355946316,93018,8,3,6,0
2025-08-03,Pants,158,331,0,3.5643682497260283,981,4.359129888872244,86823,8,3,6,0
2025-08-04,Dress,204,1022,30,5.619642242135485,581,4.3499020204252865,76052,8,3,0,1
2025-08-04,T-Shirt,257,892,40,3.017888309879589,289,4.842052791536275,93623,8,3,0,1
2025-08-04,Sweater,108,846,30,5.914821927667534,800,3.8564067454745388,96123,8,3,0,0
2025-08-04,Jacket,83,1168,30,1.4039957041937932,673,3.9823759105436976,71652,8,3,0,0
2025-08-04,Pants,165,1306,30,4.365732333495994,567,3.9564654147198848,94792,8,3,0,0
2025-08-05,Dress,302,447,40,6.572047756166561,403,4.352906320354902,21220,8,3,1,1
2025-08-05,T-Shirt,242,1030,30,8.395392057629806,732,3.6344518172312417,28471,8,3,1,1
2025-08-05,Sweater,196,241,20,3.7051939724861995,565,4.701821281764555,73273,8,3,1,0
2025-08-05,Jacket,122,1458,20,4.006006469439345,165,3.707046372794955,12799,8,3,1,0
2025-08-05,Pants,158,241,20,3.2802045620329614,522,4.629586414872364,25914,8,3,1,0
2025-08-06,Dress,370,675,10,7.7135915611359955,918,4.24098089814521,60505,8,3,2,1
2025-08-06,T-Shirt,220,466,10,2.4137528286601873,253,4.315590102245247,7594,8,3,2,1
2025-08-06,Sweater,116,461,40,3.005261581602566,228,3.751747282047214,66797,8,3,2,0
2025-08-06,Jacket,164,401,20,3.976652292093687,759,4.712319245774754,81990,8,3,2,0
2025-08-06,Pants,137,1203,0,2.8658140591846726,840,4.928185817196306,12669,8,3,2,0
2025-08-07,Dress,339,1194,40,8.470150033373073,713,4.937831011924292,93295,8,3,3,1
2025-08-07,T-Shirt,258,560,40,3.7384718515539026,824,4.0569003861726065,20133,8,3,3,1
2025-08-07,Sweater,71,168,30,9.974465328515112,997,4.572264393267536,9698,8,3,3,0
2025-08-07,Jacket,121,514,20,6.53576469838915,850,3.770847525012837,35736,8,3,3,0
2025-08-07,Pants,133,799,20,9.684982525085982,513,4.84740899673883,31953,8,3,3,0
2025-08-08,Dress,321,1336,20,7.9684006976894235,426,4.141153504326946,89320,8,3,4,1
2025-08-08,T-Shirt,268,1431,20,6.635934917726908,758,4.642581336642782,24941,8,3,4,1
2025-08-08,Sweater,51,1224,10,7.122218416286712,890,3.9578964524111537,72803,8,3,4,0
2025-08-08,Jacket,185,718,10,1.0076832769366293,598,4.21181963967226,72583,8,3,4,0
2025-08-08,Pants,198,1414,20,3.6361968898426533,168,3.7229361957048575,32663,8,3,4,0
2025-08-09,Dress,340,1097,10,8.971487023789997,213,4.349902576310734,95348,8,3,5,1
2025-08-09,T-Shirt,253,278,40,5.212918400046448,231,4.174930678671275,8328,8,3,5,1
2025-08-09,Sweater,190,835,0,6.598535583538973,618,4.627329584523539,92542,8,3,5,0
2025-08-09,Jacket,52,327,10,8.851891217816306,417,4.421012508558406,87283,8,3,5,0
2025-08-09,Pants,104,1329,30,5.835792331032494,641,4.394569749053549,11157,8,3,5,0
2025-08-10,Dress,328,767,20,6.429825140013296,293,3.636599533981209,6119,8,3,6,1
2025-08-10,T-Shirt,181,256,0,7.8509036364892655,883,4.4951665904584495,96894,8,3,6,0
2025-08-10,Sweater,85,1216,10,9.580842850607318,692,3.879300950492211,28581,8,3,6,0
2025-08-10,Jacket,79,1111,20,7.2875170113284815,998,4.82816127276619,23934,8,3,6,0
2025-08-10,Pants,63,341,10,7.5946619290221316,792,3.5345791751678153,44687,8,3,6,0
2025-08-11,Dress,299,1159,0,8.525213819008666,167,4.62743082626722,94930,8,3,0,1
2025-08-11,T-Shirt,236,1176,0,4.079556844181561,958,4.13635586794291,97623,8,3,0,1
2025-08-11,Sweater,153,408,30,5.7087302824782356,909,4.058405387190016,69813,8,3,0,0
2025-08-11,Jacket,97,176,30,7.7150337148291275,464,4.57254776233743,70896,8,3,0,0
2025-08-11,Pants,183,653,0,4.525732788446906,538,3.889566656099495,31165,8,3,0,0
2025-08-12,Dress,265,412,10,6.5374224430922885,405,3.865242888777773,32955,8,3,1,1
2025-08-12,T-Shirt,235,501,10,6.414058619397103,304,4.0520581986753585,25428,8,3,1,1
2025-08-12,Sweater,173,1188,10,1.8087212620004216,397,3.943056774061229,31730,8,3,1,0
2025-08-12,Jacket,71,277,10,1.0103135556543066,708,4.092585160404876,36076,8,3,1,0
2025-08-12,Pants,56,668,10,5.584616825778733,161,4.315167782812839,55193,8,3,1,0
2025-08-13,Dress,243,971,20,2.3053894450226844,800,3.505323487797157,8140,8,3,2,1
2025-08-13,T-Shirt,234,611,0,3.426725486950084,459,4.0284216210586985,88031,8,3,2,1
2025-08-13,Sweater,187,1281,30,4.135803830101837,968,4.857700812266279,95731,8,3,2,0
2025-08-13,Jacket,144,1179,40,3.3713503942861274,973,3.5263213442339754,90293,8,3,2,0
2025-08-13,Pants,170,760,40,2.9289498575798185,661,4.1665027506244545,20432,8,3,2,0
2025-08-14,Dress,224,414,20,6.70576067596398,850,4.462742098954057,49390,8,3,3,1
2025-08-14,T-Shirt,217,248,0,5.224438455243358,489,3.919894432484665,82904,8,3,3,1
2025-08-14,Sweater,54,155,10,3.033574397679285,321,3.976621346822191,32728,8,3,3,0
2025-08-14,Jacket,52,1233,40,7.543834563018125,660,3.5452156921966127,33964,8,3,3,0
2025-08-14,Pants,91,1366,30,4.318663842388082,605,3.671986244786886,97525,8,3,3,0
2025-08-15,Dress,308,1482,40,9.691200249043323,627,3.710512959077069,48382,8,3,4,1
2025-08-15,T-Shirt,284,366,10,2.3074850525842403,472,4.657859365100133,74907,8,3,4,1
2025-08-15,Sweater,157,924,0,3.1164001300757533,364,4.374679992333513,93148,8,3,4,0
2025-08-15,Jacket,109,392,40,5.3768820452412385,276,4.06939046573366,67546,8,3,4,0
2025-08-15,Pants,153,237,30,9.824040087727534,737,4.630066317869552,53634,8,3,4,0
2025-08-16,Dress,258,1224,10,7.0459545372600685,800,3.716446103412919,9696,8,3,5,1
2025-08-16,T-Shirt,296,1349,30,5.7540990944346255,653,4.081724813916397,67582,8,3,5,1
2025-08-16,Sweater,157,296,40,4.570677741364657,288,4.027182153928576,78563,8,3,5,0
2025-08-16,Jacket,195,735,10,8.843878126011074,427,4.056789479972787,44350,8,3,5,0
2025-08-16,Pants,87,535,0,7.364442645827742,197,4.635549585411803,31409,8,3,5,0
2025-08-17,Dress,336,1263,20,1.7343246734823428,553,4.109258019367229,33562,8,3,6,1
2025-08-17,T-Shirt,179,429,0,7.24353455316198,885,4.21930466756454,75486,8,3,6,0
2025-08-17,Sweater,131,597,30,5.0602590955094495,522,4.134759259290132,34756,8,3,6,0
2025-08-17,Jacket,104,233,0,4.757435671164395,285,3.9777444698958178,35036,8,3,6,0
2025-08-17,Pants,145,594,10,2.3116705828657995,476,4.039364601873874,50267,8,3,6,0
2025-08-18,Dress,210,900,20,9.851713495731666,681,4.6678657803999,42375,8,3,0,1
2025-08-18,T-Shirt,283,753,20,3.8013459593460697,817,4.535590007890526,33340,8,3,0,1
2025-08-18,Sweater,96,664,0,8.86441363618006,313,3.723026588535045,22696,8,3,0,0
2025-08-18,Jacket,122,1432,10,5.0866852988110764,793,4.713690838037133,61632,8,3,0,0
2025-08-18,Pants,89,1147,30,1.7713908409445556,235,4.882832728378186,24965,8,3,0,0
2025-08-19,Dress,146,1172,0,6.442388144986528,334,4.27887385637733,44935,8,3,1,0
2025-08-19,T-Shirt,203,975,0,6.486047397143289,945,4.373244794147555,92694,8,3,1,1
2025-08-19,Sweater,93,1185,0,1.9194691051559976,315,4.101218666473624,10391,8,3,1,0
2025-08-19,Jacket,182,1178,30,7.027712266830752,789,4.110402461953493,45682,8,3,1,0
2025-08-19,Pants,190,632,0,2.248652683987703,369,4.341808479648304,96217,8,3,1,0
2025-08-20,Dress,338,1463,30,5.993579713344472,948,4.597230697840185,36188,8,3,2,1
2025-08-20,T-Shirt,273,1422,30,7.410940174372044,671,4.2022666443203,72824,8,3,2,1
2025-08-20,Sweater,133,942,0,9.5689138213938,114,4.041874541860407,5207,8,3,2,0
2025-08-20,Jacket,109,514,20,1.7996633656428773,893,4.4306215620703,51212,8,3,2,0
2025-08-20,Pants,174,582,0,4.0183685639157245,682,4.514156964881238,54285,8,3,2,0
2025-08-21,Dress,271,1471,40,3.2651146347427926,893,3.5615070330421736,14895,8,3,3,1
2025-08-21,T-Shirt,235,297,0,7.341207649958794,104,4.913969219719497,23930,8,3,3,1
2025-08-21,Sweater,117,585,30,9.089299837246795,986,4.520632439638472,19947,8,3,3,0
2025-08-21,Jacket,132,1453,30,1.4783867689337171,612,3.663322424046749,38993,8,3,3,0
2025-08-21,Pants,189,807,10,1.5119869452053416,251,4.953411065761399,17366,8,3,3,0
2025-08-22,Dress,309,1061,40,7.595073751279549,488,3.897986105097001,30651,8,3,4,1
2025-08-22,T-Shirt,247,560,0,6.773387237250293,624,3.8759930520672006,47380,8,3,4,1
2025-08-22,Sweater,122,410,0,7.371028276281399,509,4.044413888263469,88940,8,3,4,0
2025-08-22,Jacket,199,251,10,3.9453163632969783,124,4.55882992734194,86468,8,3,4,1
2025-08-22,Pants,67,719,0,4.5244169282939986,668,4.182502427791959,92051,8,3,4,0
2025-08-23,Dress,152,312,20,4.313471624661586,934,4.634725773649874,81844,8,3,5,0
2025-08-23,T-Shirt,276,1067,20,9.556137431263743,915,4.726968914638241,78292,8,3,5,1
2025-08-23,Sweater,55,188,20,5.212734589765886,207,4.927599663536639,62142,8,3,5,0
2025-08-23,Jacket,133,207,40,2.521012117838528,576,4.245316087530194,54119,8,3,5,0
2025-08-23,Pants,193,552,30,1.816982370365986,237,4.232770459993629,97881,8,3,5,0
2025-08-24,Dress,185,442,20,2.3408448256899317,561,3.6572059843093836,73769,8,3,6,0
2025-08-24,T-Shirt,302,1256,30,7.4780853622145615,915,3.5919814742526017,84258,8,3,6,1
2025-08-24,Sweater,134,860,0,6.111014934748646,117,3.855922622895079,98049,8,3,6,0
2025-08-24,Jacket,74,571,30,1.729674245325689,437,3.798839663983962,6378,8,3,6,0
2025-08-24,Pants,153,1163,0,9.913457599283971,818,4.792677269806556,28763,8,3,6,0
2025-08-25,Dress,202,1376,40,7.858328961770434,995,3.528087070691586,69940,8,3,0,1
2025-08-25,T-Shirt,224,645,30,6.309308604464335,734,3.628096538202622,39117,8,3,0,1
2025-08-25,Sweater,78,1432,10,5.26241621345216,656,4.55846890454452,33063,8,3,0,0
2025-08-25,Jacket,160,871,30,9.550968784175254,983,4.779360631588123,17540,8,3,0,0
2025-08-25,Pants,190,1135,0,1.1594341855807233,593,4.039748048138838,53629,8,3,0,0
2025-08-26,Dress,289,326,40,5.181171103362281,331,4.677255874673953,64269,8,3,1,1
2025-08-26,T-Shirt,294,605,20,7.621664049041043,481,4.403546261191208,80692,8,3,1,1
2025-08-26,Sweater,184,596,0,8.543728313052256,221,3.9335745994186686,48043,8,3,1,0
2025-08-26,Jacket,116,794,0,8.925947905973993,829,3.642645004023671,81015,8,3,1,0
2025-08-26,Pants,109,799,10,8.547198997342823,930,4.0104323096294365,66396,8,3,1,0
2025-08-27,Dress,258,438,40,2.5842952097200067,527,4.220260162789384,94666,8,3,2,1
2025-08-27,T-Shirt,285,556,30,7.115026022349381,491,4.354020416739578,22619,8,3,2,1
2025-08-27,Sweater,177,283,0,1.2078066041398074,777,3.789684260395605,77170,8,3,2,0
2025-08-27,Jacket,130,990,30,9.510905488438757,145,3.8955473831766003,20847,8,3,2,0
2025-08-27,Pants,109,666,40,3.73954917296797,280,3.995430518738165,77968,8,3,2,0
2025-08-28,Dress,323,1118,20,2.469901687428777,581,4.610079495013677,19674,8,3,3,1
2025-08-28,T-Shirt,176,415,30,8.020665420609616,971,3.530405308509579,42982,8,3,3,0
2025-08-28,Sweater,76,1090,40,1.9245103631816682,672,3.928488004374324,89270,8,3,3,0
2025-08-28,Jacket,198,550,0,6.2229002132278275,264,4.6142250358659975,49767,8,3,3,0
2025-08-28,Pants,172,278,0,4.861654907095029,694,3.853963365679177,13373,8,3,3,0
2025-08-29,Dress,251,192,30,3.0029833875490386,755,4.847357897300221,95374,8,3,4,1
2025-08-29,T-Shirt,219,1465,20,1.2253270261369944,208,4.41617203411692,93545,8,3,4,1
2025-08-29,Sweater,97,831,20,9.490846296252549,745,3.6848695042692676,40521,8,3,4,0
2025-08-29,Jacket,155,1469,10,2.8746795077622256,301,3.7420600572722442,23409,8,3,4,0
2025-08-29,Pants,111,275,0,1.5795365181961274,872,4.112377706247703,88822,8,3,4,0
2025-08-30,Dress,234,1113,0,3.068826320820289,368,4.49301434692107,45849,8,3,5,1
2025-08-30,T-Shirt,338,968,30,2.589610834221323,389,4.0483598931128935,83183,8,3,5,1
2025-08-30,Sweater,140,1297,40,5.244787873915512,963,4.146125512948644,21719,8,3,5,0
2025-08-30,Jacket,106,1166,40,5.911581946515694,384,3.5143740315697336,87305,8,3,5,0
2025-08-30,Pants,51,1432,40,1.0690371936080987,110,4.207304581367367,70795,8,3,5,0
2025-08-31,Dress,353,1357,0,3.049430846641681,605,4.420272024076269,21860,8,3,6,1
2025-08-31,T-Shirt,216,461,0,4.6606814847218025,279,4.912592104925711,35431,8,3,6,1
2025-08-31,Sweater,132,680,30,8.982876641561724,896,3.947741169181053,79217,8,3,6,0
2025-08-31,Jacket,54,225,40,4.560201232265114,741,4.929304280537126,87757,8,3,6,0
2025-08-31,Pants,140,1336,10,5.109434376355588,631,4.236729761465676,77868,8,3,6,0
2025-09-01,Dress,121,387,0,2.0716390066106722,349,4.30026149377473,62541,9,3,0,0
2025-09-01,T-Shirt,188,1087,0,4.187986102308484,414,3.8852287487084785,6649,9,3,0,0
2025-09-01,Sweater,96,759,40,8.848993679137244,279,4.840834960920446,27066,9,3,0,0
2025-09-01,Jacket,143,269,20,1.7936205511676768,760,4.896737136665934,24637,9,3,0,0
2025-09-01,Pants,171,938,0,5.166436002194652,856,4.902292691378544,45428,9,3,0,0
2025-09-02,Dress,72,1322,30,2.8985744732747802,108,4.139054244109342,20987,9,3,1,0
2025-09-02,T-Shirt,145,480,0,8.667376742115048,892,4.488166517731557,64026,9,3,1,0
2025-09-02,Sweater,80,1223,0,8.683261425829356,749,4.729607811389371,79108,9,3,1,0
2025-09-02,Jacket,68,1123,20,8.082637146677772,508,4.6501558177119975,63451,9,3,1,0
2025-09-02,Pants,169,371,40,1.9415786549439609,756,4.057701496575932,51404,9,3,1,0
2025-09-03,Dress,60,315,30,4.548177890514247,970,4.575064861107738,9054,9,3,2,0
2025-09-03,T-Shirt,194,1186,20,2.2128032026601607,309,4.641444976641213,21608,9,3,2,0
2025-09-03,Sweater,193,206,0,7.797128780799567,378,4.886407285237869,21257,9,3,2,0
2025-09-03,Jacket,136,559,40,3.4419074288148255,911,3.5744462910179466,64327,9,3,2,0
2025-09-03,Pants,53,172,0,3.3566547826757276,866,3.6661049367656307,10274,9,3,2,0
2025-09-04,Dress,100,776,0,7.6044710747931035,691,3.797874467339125,16503,9,3,3,0
2025-09-04,T-Shirt,58,182,20,4.948634867593708,149,3.5674901954299134,41593,9,3,3,0
2025-09-04,Sweater,196,850,0,5.445269507519519,329,3.7552220723078595,73203,9,3,3,0
2025-09-04,Jacket,82,1284,0,8.838285947649087,622,4.557622446253003,56315,9,3,3,0
2025-09-04,Pants,74,498,40,7.22827625637802,111,4.468536002674307,63900,9,3,3,0
2025-09-05,Dress,176,434,20,7.450523044133055,644,3.9083282012596636,27604,9,3,4,0
2025-09-05,T-Shirt,90,479,20,9.916859399854417,678,4.305077941109327,87415,9,3,4,0
2025-09-05,Sweater,143,774,40,5.732099591819918,820,3.9433516077305506,17554,9,3,4,0
2025-09-05,Jacket,74,1111,20,7.437063607986683,960,4.967372890833476,29118,9,3,4,0
2025-09-05,Pants,68,572,40,7.944766634757715,553,4.513081886368345,92181,9,3,4,0
2025-09-06,Dress,109,913,0,4.673126207871434,974,4.714368891372477,35741,9,3,5,0
2025-09-06,T-Shirt,177,1299,30,5.4313095482679685,209,4.49337132128222,10591,9,3,5,0
2025-09-06,Sweater,107,819,30,9.6092879813159,289,4.8740008138937645,36594,9,3,5,0
2025-09-06,Jacket,167,228,30,1.276776464587447,985,4.866775383961144,60444,9,3,5,0
2025-09-06,Pants,59,941,30,7.006587621047268,521,3.814121884392928,20772,9,3,5,0
2025-09-07,Dress,187,1114,20,3.203423366160915,262,3.8299957290058133,41855,9,3,6,0
2025-09-07,T-Shirt,189,234,40,7.0077593640175255,190,4.650776921598711,90184,9,3,6,0
2025-09-07,Sweater,71,1417,30,7.447238071398772,940,3.5955849900330774,68073,9,3,6,0
2025-09-07,Jacket,53,1206,20,4.424000065893651,638,4.226208690676918,42488,9,3,6,0
2025-09-07,Pants,166,468,0,9.205970923217286,471,4.12974595782083,79215,9,3,6,0
2025-09-08,Dress,146,1289,20,4.351840760583714,419,4.707390017484562,68572,9,3,0,0
2025-09-08,T-Shirt,105,833,40,9.895751423562707,812,4.299328454961304,54060,9,3,0,0
2025-09-08,Sweater,102,506,0,3.8261688735012855,640,3.6146660134254236,16569,9,3,0,0
2025-09-08,Jacket,160,1209,40,4.416638197714402,887,3.983706669269202,32003,9,3,0,0
2025-09-08,Pants,50,1448,10,1.2843795683582502,414,3.627821130352656,46682,9,3,0,0
2025-09-09,Dress,97,1447,10,1.8583642710822477,361,4.044786869531207,85314,9,3,1,0
2025-09-09,T-Shirt,55,692,0,1.7066655073108215,923,4.958941612094629,13360,9,3,1,0
2025-09-09,Sweater,67,1403,30,5.656088852732918,618,4.992424979182912,58651,9,3,1,0
2025-09-09,Jacket,182,1447,10,5.455832049938405,178,4.59666194107725,79861,9,3,1,0
2025-09-09,Pants,114,477,0,8.86844823932365,463,4.913749894809336,47397,9,3,1,0
2025-09-10,Dress,87,696,10,4.0167409165484385,201,4.590134086097354,42972,9,3,2,0
2025-09-10,T-Shirt,190,1374,40,4.362559950792772,155,4.565380375761074,47635,9,3,2,0
2025-09-10,Sweater,115,1107,20,1.1585800245674258,571,4.845695699466405,40862,9,3,2,0
2025-09-10,Jacket,102,1037,0,7.425023223953017,276,4.819119762433157,57236,9,3,2,0
2025-09-10,Pants,157,315,40,7.5856597622704465,273,3.5600908448908744,38485,9,3,2,0
2025-09-11,Dress,131,246,30,9.699603491437871,336,3.804153814053259,90799,9,3,3,0
2025-09-11,T-Shirt,170,1030,30,7.208938097515094,865,4.822296572063009,57195,9,3,3,0
2025-09-11,Sweater,122,1189,20,3.9693701875822733,373,4.87913197399205,83847,9,3,3,0
2025-09-11,Jacket,50,1284,20,2.0163393215998755,740,3.7661692212031155,6915,9,3,3,0
2025-09-11,Pants,88,1082,30,7.035452287492109,452,3.8604841527378,14319,9,3,3,0
2025-09-12,Dress,188,1027,40,7.918563052108732,496,3.707680780485508,25405,9,3,4,0
2025-09-12,T-Shirt,196,463,30,2.004641276621866,998,4.9852977356935355,19436,9,3,4,0
2025-09-12,Sweater,156,1006,0,3.8853451637228598,716,4.044654980914327,71786,9,3,4,0
2025-09-12,Jacket,133,1126,40,2.930987868785119,866,3.7758680768492376,50213,9,3,4,0
2025-09-12,Pants,121,1250,0,3.052789915125184,426,3.6489400194452055,18157,9,3,4,0
2025-09-13,Dress,156,390,20,7.04200627992705,348,3.6403780116061393,82271,9,3,5,0
2025-09-13,T-Shirt,76,738,10,4.279926202936659,668,4.6770139710933165,81964,9,3,5,0
2025-09-13,Sweater,113,1221,30,7.669772179643977,250,4.535030205972923,53514,9,3,5,0
2025-09-13,Jacket,110,545,40,4.182458518700196,542,4.389017098870618,21328,9,3,5,0
2025-09-13,Pants,80,220,40,1.8721759121002997,661,4.4895567232206375,23610,9,3,5,0
2025-09-14,Dress,57,1484,30,2.078972837416038,129,4.170215381371102,68654,9,3,6,0
2025-09-14,T-Shirt,130,1056,20,3.495645072158284,802,3.648336259973475,84804,9,3,6,0
2025-09-14,Sweater,189,1333,0,7.474640620886008,957,4.112628061248039,45542,9,3,6,0
2025-09-14,Jacket,118,1467,40,8.09049869366947,931,3.6886954886569185,80630,9,3,6,0
2025-09-14,Pants,91,727,40,2.5515363047230872,681,4.443669715220645,15485,9,3,6,0
2025-09-15,Dress,116,760,0,7.22437402691809,270,3.5643684089902914,96145,9,3,0,0
2025-09-15,T-Shirt,197,1430,40,1.5115775561342435,165,4.785047334691353,16842,9,3,0,0
2025-09-15,Sweater,149,184,40,8.457849189663406,679,3.5601659706435846,25180,9,3,0,0
2025-09-15,Jacket,106,1429,40,9.133592821175732,106,4.502911388400246,59470,9,3,0,0
2025-09-15,Pants,140,808,0,6.725228773853179,761,4.2974937092967185,75874,9,3,0,0
2025-09-16,Dress,55,1119,40,1.767247676038657,165,4.256106505785009,24332,9,3,1,0
2025-09-16,T-Shirt,117,908,10,4.270450338968468,116,3.986904805168897,61625,9,3,1,0
2025-09-16,Sweater,185,1137,30,7.878585086534947,324,3.583499219084299,52576,9,3,1,0
2025-09-16,Jacket,125,1007,40,3.134509131687368,968,3.884160590690684,20212,9,3,1,0
2025-09-16,Pants,78,621,20,8.98758334951226,963,3.7577242674519153,72667,9,3,1,0
2025-09-17,Dress,170,1486,40,4.31668083003435,454,4.045749065402578,28031,9,3,2,0
2025-09-17,T-Shirt,194,688,0,9.639864174139078,675,4.967372527808926,19450,9,3,2,0
2025-09-17,Sweater,94,365,0,7.908454175124085,539,4.781644080172596,96981,9,3,2,0
2025-09-17,Jacket,94,1134,20,9.607607014900749,454,4.1543131463339344,29601,9,3,2,0
2025-09-17,Pants,132,322,40,5.1401779097927465,934,4.441635615892395,28746,9,3,2,0
2025-09-18,Dress,62,212,40,2.4017223866809982,304,4.222367122905347,52143,9,3,3,0
2025-09-18,T-Shirt,80,1026,0,2.5204968230642644,497,4.6302433422208376,66240,9,3,3,0
2025-09-18,Sweater,120,749,0,7.391544466627012,914,4.919294425922848,5424,9,3,3,0
2025-09-18,Jacket,180,1412,30,8.478605598008619,189,4.59989108885495,32786,9,3,3,0
2025-09-18,Pants,184,1417,0,1.8952493492755134,294,4.301546643289069,94049,9,3,3,0
2025-09-19,Dress,149,834,20,7.6261383704360615,158,3.9679979216137755,82568,9,3,4,0
2025-09-19,T-Shirt,198,945,30,1.3630238877947694,979,4.063176680085819,54577,9,3,4,0
2025-09-19,Sweater,147,899,30,6.143037091732708,180,4.384164830906373,91962,9,3,4,0
2025-09-19,Jacket,73,1077,20,3.765180256746167,270,4.018835113373035,95223,9,3,4,0
2025-09-19,Pants,179,217,20,9.549648107892024,999,4.166173054275462,29448,9,3,4,0
2025-09-20,Dress,82,1459,40,8.47906110090797,329,3.81637483421102,43648,9,3,5,0
2025-09-20,T-Shirt,66,335,40,6.376590020684376,251,3.8707231754845495,75783,9,3,5,0
2025-09-20,Sweater,144,296,40,4.908337841681776,535,4.062421575857996,67740,9,3,5,0
2025-09-20,Jacket,109,992,30,7.890519556199487,213,3.65047173585442,95447,9,3,5,0
2025-09-20,Pants,112,434,0,5.074755866722323,414,3.9053071449561974,77024,9,3,5,0
2025-09-21,Dress,147,1473,0,3.915352734091928,242,3.993518920675899,52284,9,3,6,0
2025-09-21,T-Shirt,94,241,40,1.2883354009275536,681,4.338509808478835,77836,9,3,6,0
2025-09-21,Sweater,175,1115,40,2.66626796537832,634,4.554595306456274,71036,9,3,6,0
2025-09-21,Jacket,99,1119,10,2.153394861068194,727,4.4255813691563155,31055,9,3,6,0
2025-09-21,Pants,132,1226,20,9.282957189643348,876,3.662973168699396,25760,9,3,6,0
2025-09-22,Dress,83,222,0,5.657189982883537,752,4.15440070220663,21643,9,3,0,0
2025-09-22,T-Shirt,56,932,0,6.0957197865766615,835,4.442360638913394,84923,9,3,0,0
2025-09-22,Sweater,130,512,40,8.93701868453278,888,4.691088697359103,16036,9,3,0,0
2025-09-22,Jacket,195,186,40,2.140316605311984,731,4.180623430906327,32188,9,3,0,0
2025-09-22,Pants,94,437,10,5.5751238641227285,890,3.8049589565044095,78673,9,3,0,0
2025-09-23,Dress,118,1415,30,2.169594136692289,962,3.80033591061096,48420,9,3,1,0
2025-09-23,T-Shirt,149,1234,30,6.648460491988573,628,4.107248293774752,80475,9,3,1,0
2025-09-23,Sweater,127,1038,40,3.1346601539253762,116,4.7007644686935315,30642,9,3,1,0
2025-09-23,Jacket,117,361,20,9.994176368830296,208,4.092932691604415,87203,9,3,1,0
2025-09-23,Pants,143,1398,0,3.9859975810418247,702,4.933221342171245,41843,9,3,1,0
2025-09-24,Dress,68,1348,40,2.7187200798332447,859,3.506972253387921,35158,9,3,2,0
2025-09-24,T-Shirt,91,854,20,9.404301475089712,537,3.74053865840585,11586,9,3,2,0
2025-09-24,Sweater,191,551,0,5.486567198716912,463,4.5610174387865845,18499,9,3,2,0
2025-09-24,Jacket,162,1354,40,1.451519591488198,650,3.8674360459901744,84874,9,3,2,0
2025-09-24,Pants,95,811,20,9.202449909952016,630,3.666753999130762,27625,9,3,2,0
2025-09-25,Dress,106,1280,30,8.021831471710854,470,3.675218475218184,70524,9,3,3,0
2025-09-25,T-Shirt,90,965,20,8.525737879772413,999,4.636305180195844,23535,9,3,3,0
2025-09-25,Sweater,147,892,20,2.3497395351714747,704,4.440154192636711,8709,9,3,3,0
2025-09-25,Jacket,158,363,30,7.31902195154517,652,4.380975758202052,15316,9,3,3,0
2025-09-25,Pants,144,418,0,6.906100890642687,782,4.55057769971494,22206,9,3,3,0
2025-09-26,Dress,101,697,20,2.6767622635684654,151,4.071330722442044,82195,9,3,4,0
2025-09-26,T-Shirt,141,800,40,2.4183128994082175,847,3.9484040852547255,9076,9,3,4,0
2025-09-26,Sweater,96,1496,30,1.8064635435317906,800,3.5173344215212783,54954,9,3,4,0
2025-09-26,Jacket,63,515,30,4.486283532726221,723,4.449072686451488,7870,9,3,4,0
2025-09-26,Pants,130,1248,10,7.0333831939180484,968,4.105830675985407,98439,9,3,4,0
2025-09-27,Dress,111,458,40,5.450639112624866,446,4.922489874554244,10461,9,3,5,0
2025-09-27,T-Shirt,177,1412,30,6.616255934555324,449,4.226595373674594,38208,9,3,5,0
2025-09-27,Sweater,125,664,0,1.995415763343193,107,3.7290985916805637,31038,9,3,5,0
2025-09-27,Jacket,172,955,10,3.7902341481845587,945,4.441122666905443,64341,9,3,5,0
2025-09-27,Pants,89,862,20,4.432944683341065,967,4.869839342201518,68153,9,3,5,0
2025-09-28,Dress,110,1176,10,2.276648397273179,420,4.768952216981962,84423,9,3,6,0
2025-09-28,T-Shirt,126,626,20,7.991928961824769,882,4.150543875512353,35034,9,3,6,0
2025-09-28,Sweater,53,386,40,6.388963337202549,778,3.7873924245266344,92389,9,3,6,0
2025-09-28,Jacket,107,279,10,1.2669152103711205,356,4.310161158382686,7991,9,3,6,0
2025-09-28,Pants,187,1031,20,8.74647735160211,604,4.986899748117565,19155,9,3,6,0
2025-09-29,Dress,175,283,20,9.694108865148449,697,4.1595929564953025,89614,9,3,0,0
2025-09-29,T-Shirt,94,834,40,4.388676766268365,118,4.427076212503058,42165,9,3,0,0
2025-09-29,Sweater,78,376,20,9.916073661440704,455,3.712572812371359,90312,9,3,0,0
2025-09-29,Jacket,177,1364,20,7.162502834991988,336,4.779168014947342,14542,9,3,0,0
2025-09-29,Pants,82,1300,40,1.0181013791089217,618,3.889048731751242,19864,9,3,0,0
2025-09-30,Dress,114,335,30,7.317503421171294,774,4.07834432016548,90915,9,3,1,0
2025-09-30,T-Shirt,154,1460,20,8.423526494383822,413,3.5842054706147235,31644,9,3,1,0
2025-09-30,Sweater,86,725,0,7.419535501440126,712,3.7229563334930993,80341,9,3,1,0
2025-09-30,Jacket,153,989,40,8.258907021617844,558,4.750268149612483,69668,9,3,1,0
2025-09-30,Pants,182,1086,0,8.62778803115816,711,4.434405587049595,99161,9,3,1,0
2025-10-01,Dress,101,761,30,9.58299451385876,473,3.9158375111328234,7422,10,4,2,0
2025-10-01,T-Shirt,182,823,10,7.794715195594323,503,4.6159908510189265,48739,10,4,2,0
2025-10-01,Sweater,134,654,20,9.20443166073661,513,4.046341821719317,80440,10,4,2,0
2025-10-01,Jacket,91,1453,30,5.981364582258951,982,4.4188126601316435,76656,10,4,2,0
2025-10-01,Pants,87,178,20,9.162193886466275,291,3.5264037855520174,81591,10,4,2,0
2025-10-02,Dress,163,427,20,8.957535926597973,416,4.438835323308242,87782,10,4,3,0
2025-10-02,T-Shirt,194,464,0,6.35347339623088,993,4.684964870092701,95179,10,4,3,0
2025-10-02,Sweater,156,1170,40,8.468809499302264,254,4.6692325197073,55622,10,4,3,0
2025-10-02,Jacket,96,1450,20,4.00457467062408,194,3.685592132280708,76533,10,4,3,0
2025-10-02,Pants,76,1301,0,3.117679855986819,965,4.150067914902383,35785,10,4,3,0
2025-10-03,Dress,105,806,30,9.710084727401043,717,4.2053181817463585,97305,10,4,4,0
2025-10-03,T-Shirt,67,274,10,3.2973041743188958,811,4.467901920870999,89682,10,4,4,0
2025-10-03,Sweater,191,964,10,6.657444334569095,494,3.884512592520887,46941,10,4,4,0
2025-10-03,Jacket,179,1057,40,6.168528678045816,547,3.6065414870019215,50610,10,4,4,0
2025-10-03,Pants,149,1040,40,3.0171896169407084,851,4.953049320115477,40744,10,4,4,0
2025-10-04,Dress,165,1288,30,7.095894291653269,192,4.189768277543372,92472,10,4,5,0
2025-10-04,T-Shirt,155,294,0,9.01006547224652,977,3.915936284402635,51360,10,4,5,0
2025-10-04,Sweater,70,662,0,7.544563536179377,531,4.9217075275437026,75030,10,4,5,0
2025-10-04,Jacket,89,1429,20,9.585122150163249,144,3.7820857155732965,56738,10,4,5,0
2025-10-04,Pants,99,1234,20,6.040946347049211,256,4.973389111806054,38043,10,4,5,0
2025-10-05,Dress,80,157,20,7.07634477504077,909,4.177188269000736,90898,10,4,6,0
2025-10-05,T-Shirt,143,186,20,9.784856612003397,133,4.921776932801198,57460,10,4,6,0
2025-10-05,Sweater,102,1313,10,2.347097550134039,403,3.9507185055296934,52025,10,4,6,0
2025-10-05,Jacket,137,1472,0,2.609500251242998,331,3.5345950804958406,29225,10,4,6,0
2025-10-05,Pants,160,630,30,5.400953926108864,688,4.864248564411074,47530,10,4,6,0
2025-10-06,Dress,65,615,10,7.026374949193857,270,3.5076006717458936,67678,10,4,0,0
2025-10-06,T-Shirt,95,338,10,2.896902393776597,907,4.574909413347575,17209,10,4,0,0
2025-10-06,Sweater,54,1355,0,3.4108688446720237,121,3.959155940236425,39638,10,4,0,0
2025-10-06,Jacket,168,790,30,7.0285170659852065,965,4.366732259407421,97477,10,4,0,0
2025-10-06,Pants,136,1128,40,8.040424155420048,992,4.220797014737612,21088,10,4,0,0
2025-10-07,Dress,75,824,0,8.385833620444439,743,4.7238874865329645,10605,10,4,1,0
2025-10-07,T-Shirt,71,899,40,5.8877460019520464,790,4.031734326173795,28814,10,4,1,0
2025-10-07,Sweater,185,899,20,3.7707696193015954,957,3.602000425471366,99426,10,4,1,0
2025-10-07,Jacket,58,579,40,4.18364427501913,324,4.241353889611419,92798,10,4,1,0
2025-10-07,Pants,116,826,40,5.496060800262119,399,3.9446697669349815,77944,10,4,1,0
2025-10-08,Dress,183,393,20,5.027506278557061,337,3.6719572144951362,93373,10,4,2,0
2025-10-08,T-Shirt,98,1457,30,9.318195409094118,652,3.5852585916197293,6642,10,4,2,0
2025-10-08,Sweater,175,727,10,5.158196055642169,434,4.84399842752137,79174,10,4,2,0
2025-10-08,Jacket,141,427,10,9.115022310690641,498,4.275877738157965,44513,10,4,2,0
2025-10-08,Pants,99,1183,40,6.729662066005438,558,4.5524845531172655,98518,10,4,2,0
2025-10-09,Dress,86,450,20,9.268801091815146,591,4.222341451666019,12426,10,4,3,0
2025-10-09,T-Shirt,153,236,30,7.166450805527676,446,3.9062587472569326,27623,10,4,3,0
2025-10-09,Sweater,135,1309,20,5.499821584642374,585,3.5009174527333804,87331,10,4,3,0
2025-10-09,Jacket,189,597,10,4.366946214606759,223,4.1135103477401005,45225,10,4,3,0
2025-10-09,Pants,136,162,0,1.7652539471981448,338,4.847409597665191,28265,10,4,3,0
2025-10-10,Dress,78,826,40,8.225635806727556,872,4.080037241958182,47634,10,4,4,0
2025-10-10,T-Shirt,127,1421,0,2.841881766816943,784,3.619237622529031,34730,10,4,4,0
2025-10-10,Sweater,155,1137,30,7.140584095873278,426,3.610923034804552,25826,10,4,4,0
2025-10-10,Jacket,86,661,0,4.4022769018687935,634,3.9217272551219686,23113,10,4,4,0
2025-10-10,Pants,159,813,10,6.470848098923665,128,4.129251110317008,77337,10,4,4,0
2025-10-11,Dress,172,789,40,9.246833870330677,817,4.901683530144172,9137,10,4,5,0
2025-10-11,T-Shirt,174,1433,30,5.645015650736329,572,3.5031209587644287,61889,10,4,5,0
2025-10-11,Sweater,129,1104,30,4.004483713318648,523,4.209412795312573,37691,10,4,5,0
2025-10-11,Jacket,53,314,10,4.269263024093167,992,4.922402974682256,23204,10,4,5,0
2025-10-11,Pants,196,904,30,5.59356060268089,154,4.411582106392954,33436,10,4,5,0
2025-10-12,Dress,127,890,40,1.0393631119088158,926,4.557540643328792,92533,10,4,6,0
2025-10-12,T-Shirt,101,1494,40,1.6197178384678739,938,4.874166265804456,77171,10,4,6,0
2025-10-12,Sweater,64,1098,30,2.694523140075898,389,3.909086354939635,81579,10,4,6,0
2025-10-12,Jacket,148,892,10,7.143147282760878,802,4.201487186282062,19272,10,4,6,0
2025-10-12,Pants,108,927,10,1.9707790459981824,336,4.5818313753545965,72117,10,4,6,0
2025-10-13,Dress,81,264,10,5.17243890061798,225,4.885769936289044,71500,10,4,0,0
2025-10-13,T-Shirt,110,1275,10,8.616214425358098,191,4.626316664771735,71764,10,4,0,0
2025-10-13,Sweater,156,647,0,3.0014755857719955,240,3.8974711593753244,12587,10,4,0,0
2025-10-13,Jacket,93,488,30,6.904131216323557,887,4.656720476162917,74231,10,4,0,0
2025-10-13,Pants,109,1248,30,9.744152353608428,752,3.543367734899836,68883,10,4,0,0
2025-10-14,Dress,85,1201,20,7.776889238159643,526,4.309061838236041,46074,10,4,1,0
2025-10-14,T-Shirt,51,522,10,7.690472278623634,397,3.770074849950178,88725,10,4,1,0
2025-10-14,Sweater,63,358,10,8.458822663690054,456,4.845401930763374,37835,10,4,1,0
2025-10-14,Jacket,120,1023,20,3.162751745643452,227,4.86865821903371,33401,10,4,1,0
2025-10-14,Pants,186,1192,30,3.4817163452653275,467,3.9024965976789883,68535,10,4,1,0
2025-10-15,Dress,99,742,30,6.784233206096966,202,4.338504605112246,33854,10,4,2,0
2025-10-15,T-Shirt,165,548,40,2.556725721427676,754,4.567868383855958,45185,10,4,2,0
2025-10-15,Sweater,192,646,20,8.52249934818856,339,4.420326365503639,81572,10,4,2,0
2025-10-15,Jacket,89,436,0,5.098309601532072,436,3.8300188979770784,37970,10,4,2,0
2025-10-15,Pants,185,1230,30,8.391626063373952,379,3.603155902956722,99673,10,4,2,0
2025-10-16,Dress,85,415,30,7.56250032529526,574,4.056852401711179,49963,10,4,3,0
2025-10-16,T-Shirt,109,403,20,9.056165333435121,436,4.854981657903881,32937,10,4,3,0
2025-10-16,Sweater,133,1290,20,8.311319225864027,882,4.53112299952828,40271,10,4,3,0
2025-10-16,Jacket,196,922,20,7.585476553974388,386,3.9070535225375846,81181,10,4,3,0
2025-10-16,Pants,86,1204,20,3.933981266820424,577,4.192763438487962,89258,10,4,3,0
2025-10-17,Dress,160,1241,40,8.788337213509521,786,4.695538615013611,67363,10,4,4,0
2025-10-17,T-Shirt,79,304,40,5.738669662693728,134,4.1329540709131125,30230,10,4,4,0
2025-10-17,Sweater,78,667,10,5.56586650611684,895,4.004182303751973,96703,10,4,4,0
2025-10-17,Jacket,161,1483,0,2.4289865765853604,142,3.559810433446873,29732,10,4,4,0
2025-10-17,Pants,59,283,0,3.662660486908397,840,4.119584934820255,73512,10,4,4,0
2025-10-18,Dress,181,1015,30,7.598976126232692,596,3.7795478463957757,61577,10,4,5,0
2025-10-18,T-Shirt,85,1298,30,9.77771061909957,858,4.288392484742561,16108,10,4,5,0
2025-10-18,Sweater,95,229,20,8.138029390207226,404,3.526447113401037,75746,10,4,5,0
2025-10-18,Jacket,184,1011,0,9.559386752282101,335,4.269004479764003,32100,10,4,5,0
2025-10-18,Pants,72,994,0,7.470756453757998,705,3.9795042068518844,81553,10,4,5,0
2025-10-19,Dress,151,1231,0,3.807449939411539,516,3.726317070236907,24784,10,4,6,0
2025-10-19,T-Shirt,165,302,40,2.5602213719024443,579,4.538949224148569,9115,10,4,6,0
2025-10-19,Sweater,130,377,10,1.8939352475046458,776,4.651611214779063,79616,10,4,6,0
2025-10-19,Jacket,141,875,20,3.1093442776342517,529,4.128674325903258,80973,10,4,6,0
2025-10-19,Pants,80,714,0,1.405998959683545,386,3.9295091638321846,12139,10,4,6,0
2025-10-20,Dress,55,924,0,6.720859640430449,159,4.015487869494103,93366,10,4,0,0
2025-10-20,T-Shirt,168,432,40,9.819741606481452,769,4.703789802294974,87990,10,4,0,0
2025-10-20,Sweater,76,1200,40,1.7494379317726663,244,4.3708505353861815,97681,10,4,0,0
2025-10-20,Jacket,170,950,40,4.599177669643966,772,4.99572415963725,58574,10,4,0,0
2025-10-20,Pants,184,1470,30,8.478127031154205,183,3.740880306084689,47154,10,4,0,0
2025-10-21,Dress,127,573,40,4.946215070099419,980,3.8299656209810293,28853,10,4,1,0
2025-10-21,T-Shirt,140,557,40,1.0506995054324424,205,4.970692452664746,78247,10,4,1,0
2025-10-21,Sweater,55,643,30,4.4788839685667305,896,3.836520779557647,66264,10,4,1,0
2025-10-21,Jacket,126,1487,40,5.913947218806776,144,4.241950794529877,75096,10,4,1,0
2025-10-21,Pants,122,389,30,9.118958191464817,682,4.255730148081062,92940,10,4,1,0
2025-10-22,Dress,153,534,0,6.405657988888281,774,4.46678770350554,57463,10,4,2,0
2025-10-22,T-Shirt,176,1421,10,5.80797188170168,382,4.516152026669451,57287,10,4,2,0
2025-10-22,Sweater,54,496,40,1.8211815470234884,496,3.7734388083036388,49310,10,4,2,0
2025-10-22,Jacket,146,1095,30,3.616311346238973,812,4.845317362744922,67237,10,4,2,0
2025-10-22,Pants,166,414,10,2.06953650010442,219,4.06985778292734,65832,10,4,2,0
2025-10-23,Dress,93,258,40,2.991061555977848,678,4.613855166113684,47019,10,4,3,0
2025-10-23,T-Shirt,98,405,20,7.368889448063081,847,4.07727760572776,64432,10,4,3,0
2025-10-23,Sweater,150,906,0,2.353275013022405,265,4.383709723816585,11221,10,4,3,0
2025-10-23,Jacket,104,1027,30,7.742696671319346,163,4.824105258473367,92464,10,4,3,0
2025-10-23,Pants,91,522,30,4.741789489080418,566,4.792238569577938,39758,10,4,3,0
2025-10-24,Dress,122,1326,10,8.371288187527355,820,4.393326051848729,62886,10,4,4,0
2025-10-24,T-Shirt,61,343,30,4.34664372433563,746,3.846616433933193,18369,10,4,4,0
2025-10-24,Sweater,62,1098,30,5.147315181778186,902,3.907274866599607,23064,10,4,4,0
2025-10-24,Jacket,121,159,10,4.079271855673352,323,3.758503918202211,53429,10,4,4,0
2025-10-24,Pants,126,720,40,1.7097000614017257,517,3.9263387759563138,70544,10,4,4,0
2025-10-25,Dress,69,298,0,9.321802413241727,693,3.6962456428603288,22460,10,4,5,0
2025-10-25,T-Shirt,196,894,0,4.98931607223401,679,4.504698091661923,29919,10,4,5,0
2025-10-25,Sweater,190,1334,20,3.3273643476760943,668,4.165093498750161,7822,10,4,5,0
2025-10-25,Jacket,182,623,40,8.963467256311045,691,4.890365282980075,18269,10,4,5,0
2025-10-25,Pants,77,1209,30,5.696062900433974,319,3.8991316038034243,58000,10,4,5,0
2025-10-26,Dress,183,271,0,1.3678657973706985,520,4.5232594673540625,49630,10,4,6,0
2025-10-26,T-Shirt,82,1226,40,3.2613324712041436,938,4.58865352350854,68737,10,4,6,0
2025-10-26,Sweater,88,332,30,8.676545989055995,804,4.827580629544949,40276,10,4,6,0
2025-10-26,Jacket,186,1210,0,9.779414484979501,654,3.548440475101237,68428,10,4,6,0
2025-10-26,Pants,57,710,10,8.799912316260158,914,4.462070466470254,17657,10,4,6,0
2025-10-27,Dress,148,1370,40,2.217709650106181,875,3.8594781995241423,45254,10,4,0,0
2025-10-27,T-Shirt,131,581,0,3.833054342315295,248,3.812908328052301,51809,10,4,0,0
2025-10-27,Sweater,160,1074,20,9.993214826956232,110,4.152403850545113,92691,10,4,0,0
2025-10-27,Jacket,128,1295,0,5.251227581788905,224,4.834006418032173,54926,10,4,0,0
2025-10-27,Pants,154,843,0,9.993695283671485,898,3.8252205887565847,31328,10,4,0,0
2025-10-28,Dress,193,555,30,6.53004048084507,116,3.830370410647058,33604,10,4,1,0
2025-10-28,T-Shirt,171,638,30,7.228607358440752,242,4.606922012424981,15004,10,4,1,0
2025-10-28,Sweater,126,1476,20,9.326393365514893,347,4.9399028806815934,50995,10,4,1,0
2025-10-28,Jacket,81,679,40,6.8036308992725845,627,4.2684729668849934,73858,10,4,1,0
2025-10-28,Pants,186,444,20,4.844760425177226,493,4.8891992581598505,58565,10,4,1,0
2025-10-29,Dress,180,744,20,2.028210677127797,829,3.7934134943782887,13086,10,4,2,0
2025-10-29,T-Shirt,168,1055,10,8.970391853648518,765,4.572255796905064,60878,10,4,2,0
2025-10-29,Sweater,110,793,40,6.8633089019671,969,4.243308519281301,50602,10,4,2,0
2025-10-29,Jacket,100,704,30,4.0419642818073065,626,4.423896608337639,35246,10,4,2,0
2025-10-29,Pants,75,773,40,5.314796507014748,662,4.837954869163408,24843,10,4,2,0
2025-10-30,Dress,147,319,40,5.337021081433956,359,4.769311654818445,8909,10,4,3,0
2025-10-30,T-Shirt,197,681,20,6.0610269465260025,109,3.6559066438833887,15856,10,4,3,0
2025-10-30,Sweater,189,863,40,1.798670498726027,145,4.272943156447169,74098,10,4,3,0
2025-10-30,Jacket,137,1445,30,3.8716277938181713,114,4.630378038499242,25897,10,4,3,0
2025-10-30,Pants,121,424,40,1.6379695522821351,162,3.8971283525993146,53671,10,4,3,0
2025-10-31,Dress,159,343,20,2.840337552255216,898,4.9089429104254405,73551,10,4,4,0
2025-10-31,T-Shirt,105,821,40,4.227499470530537,560,4.973359633780261,89259,10,4,4,0
2025-10-31,Sweater,128,848,20,1.4768091397233722,997,4.920207951636993,10429,10,4,4,0
2025-10-31,Jacket,137,806,40,6.452676715455063,623,4.128582575883634,67099,10,4,4,0
2025-10-31,Pants,178,1485,20,5.612703753075786,127,3.934639403042984,83455,10,4,4,0
2025-11-01,Dress,182,529,10,7.176124253042363,386,4.593701575870828,57872,11,4,5,0
2025-11-01,T-Shirt,88,376,20,5.569578676110144,216,4.04020979913501,51814,11,4,5,0
2025-11-01,Sweater,368,182,20,3.0449862468991946,869,3.9578435669747534,83871,11,4,5,1
2025-11-01,Jacket,251,396,20,6.15353852930615,279,4.750301850663886,23407,11,4,5,1
2025-11-01,Pants,188,739,20,9.916383156057172,512,4.302318223201385,46941,11,4,5,0
2025-11-02,Dress,72,1325,20,8.767233650081582,928,4.058236142292893,36708,11,4,6,0
2025-11-02,T-Shirt,175,306,10,4.4260143742352716,919,4.827342155902089,79501,11,4,6,0
2025-11-02,Sweater,173,737,10,8.811200185653352,437,4.481281783404402,98348,11,4,6,0
2025-11-02,Jacket,201,1019,0,1.0296390597749636,297,4.305878408005008,28091,11,4,6,1
2025-11-02,Pants,178,563,30,2.3874549071856217,100,4.424688402749444,97816,11,4,6,0
2025-11-03,Dress,161,1275,10,1.2659751184745671,606,4.735075576256088,6690,11,4,0,0
2025-11-03,T-Shirt,85,908,30,2.5294824196748533,380,4.918302178961109,68389,11,4,0,0
2025-11-03,Sweater,187,877,10,7.163815060241626,502,3.9595254622777913,74830,11,4,0,0
2025-11-03,Jacket,278,1465,10,2.636399451834081,211,4.19640035363917,73723,11,4,0,1
2025-11-03,Pants,191,1141,40,3.9582764849553724,398,4.082360175992438,44884,11,4,0,0
2025-11-04,Dress,173,1465,40,8.420275416200518,122,4.48897129156822,73089,11,4,1,0
2025-11-04,T-Shirt,163,1194,30,5.44219694804964,582,4.796079687055771,81084,11,4,1,0
2025-11-04,Sweater,338,352,30,8.176678534498325,628,3.7616990264215846,96080,11,4,1,1
2025-11-04,Jacket,353,837,20,4.800927920316431,767,4.391369008025607,63952,11,4,1,1
2025-11-04,Pants,162,850,40,4.363274527626007,259,4.290147756636369,28838,11,4,1,0
2025-11-05,Dress,57,221,30,2.014574789165761,941,4.5637054873391385,66720,11,4,2,0
2025-11-05,T-Shirt,164,1462,40,9.671951243467491,708,3.9931432387137153,82229,11,4,2,0
2025-11-05,Sweater,249,270,0,2.9083902597366365,495,4.052871335098132,38469,11,4,2,1
2025-11-05,Jacket,254,1367,40,7.07965587878725,498,3.937378060268293,15705,11,4,2,1
2025-11-05,Pants,177,1332,10,7.8576655500036034,362,4.819729965058178,79070,11,4,2,0
2025-11-06,Dress,51,1388,10,5.666663193487416,896,4.857520918801663,15722,11,4,3,0
2025-11-06,T-Shirt,98,1205,20,5.974351895465898,855,4.335871418117385,93719,11,4,3,0
2025-11-06,Sweater,220,1168,30,2.5077743947384885,623,4.245881473922707,37559,11,4,3,1
2025-11-06,Jacket,286,792,40,7.741072488236304,518,4.433911582778683,60277,11,4,3,1
2025-11-06,Pants,193,942,0,5.375878196678584,270,3.8572785583993427,81803,11,4,3,0
2025-11-07,Dress,115,1233,0,1.1629849355916,956,3.544716084280739,83966,11,4,4,0
2025-11-07,T-Shirt,118,813,40,9.074459753448535,322,3.8739767097801443,29055,11,4,4,0
2025-11-07,Sweater,206,1035,10,4.229457462229452,347,4.448965454456294,16326,11,4,4,1
2025-11-07,Jacket,312,566,40,5.206694502317184,407,4.490636642216528,71433,11,4,4,1
2025-11-07,Pants,102,755,30,7.106768608932482,585,4.781336958756057,54101,11,4,4,0
2025-11-08,Dress,165,1429,20,3.8683350912539582,246,3.573078757273622,48654,11,4,5,0
2025-11-08,T-Shirt,108,412,20,4.148229592421946,400,4.662015152560181,79915,11,4,5,0
2025-11-08,Sweater,371,464,10,4.924511474660804,785,3.514819409963085,20468,11,4,5,1
2025-11-08,Jacket,230,1052,20,3.4598738796142747,948,3.994057234466664,45452,11,4,5,1
2025-11-08,Pants,115,1357,30,7.445215568382126,343,4.400338116290744,81827,11,4,5,0
2025-11-09,Dress,56,482,40,7.961330830406877,525,4.554660726648836,9804,11,4,6,0
2025-11-09,T-Shirt,60,256,10,7.344861746298227,146,4.771689635019546,11511,11,4,6,0
2025-11-09,Sweater,165,678,10,7.396030845474083,597,4.924945869255548,75632,11,4,6,0
2025-11-09,Jacket,278,679,0,9.323867517964592,342,4.294587420213001,75672,11,4,6,1
2025-11-09,Pants,163,512,10,8.6573139982311,624,4.491111558100766,72258,11,4,6,0
2025-11-10,Dress,67,282,0,9.040209171936858,394,3.9058022662009835,82364,11,4,0,0
2025-11-10,T-Shirt,102,561,20,2.954297420559269,230,3.71727816533814,59470,11,4,0,0
2025-11-10,Sweater,321,940,10,4.559849887250254,992,3.7883939840299075,81831,11,4,0,1
2025-11-10,Jacket,301,1106,20,3.3342958186973517,662,3.628475590873115,93961,11,4,0,1
2025-11-10,Pants,177,1056,10,9.119204816023045,855,4.439163610579089,30176,11,4,0,0
2025-11-11,Dress,75,800,10,1.568342817161771,779,4.386571332285032,28427,11,4,1,0
2025-11-11,T-Shirt,129,1043,40,3.4223827687398076,826,3.85816251247934,10585,11,4,1,0
2025-11-11,Sweater,180,961,10,8.308940849776809,913,4.284488415357129,14775,11,4,1,0
2025-11-11,Jacket,289,1032,20,8.406552880199946,295,4.067751891309707,49867,11,4,1,1
2025-11-11,Pants,181,1084,40,5.171514095504667,490,4.929206878345911,62824,11,4,1,0
2025-11-12,Dress,58,1402,10,2.152222865749691,324,4.39332334443381,90176,11,4,2,0
2025-11-12,T-Shirt,169,672,40,2.631816571196573,841,3.791141808934408,28710,11,4,2,0
2025-11-12,Sweater,176,297,40,9.738278096741919,518,4.607328358310514,41388,11,4,2,0
2025-11-12,Jacket,289,1089,30,4.261299236842966,703,4.722716896138676,10094,11,4,2,1
2025-11-12,Pants,166,1392,0,8.817180688337084,893,3.865259391107892,54835,11,4,2,0
2025-11-13,Dress,181,737,0,9.009641094537864,125,4.774569566870591,7017,11,4,3,0
2025-11-13,T-Shirt,177,562,0,7.553999884667651,487,4.684648231692,49023,11,4,3,0
2025-11-13,Sweater,360,290,30,2.7230076253834454,666,3.586778736498637,71896,11,4,3,1
2025-11-13,Jacket,323,515,30,1.4191067036269844,953,4.617366882240534,95380,11,4,3,1
2025-11-13,Pants,104,821,20,5.33880410072032,574,4.658263526423363,5234,11,4,3,0
2025-11-14,Dress,185,502,10,6.953673536298904,483,3.7038610734390485,65598,11,4,4,0
2025-11-14,T-Shirt,110,589,0,9.063376282724112,750,4.958274452280562,54185,11,4,4,0
2025-11-14,Sweater,336,981,40,3.878523309627704,561,4.795773774455832,58662,11,4,4,1
2025-11-14,Jacket,327,339,30,1.2413241803590391,268,3.8501489435226253,65646,11,4,4,1
2025-11-14,Pants,199,813,10,6.08291559272206,374,4.633562190227918,48871,11,4,4,1
2025-11-15,Dress,111,677,30,2.816376473779866,528,4.999224056035779,81629,11,4,5,0
2025-11-15,T-Shirt,99,1451,0,5.644556401248794,679,4.477239966879188,80462,11,4,5,0
2025-11-15,Sweater,356,911,20,4.829042048966352,695,4.485518235331302,77089,11,4,5,1
2025-11-15,Jacket,278,862,40,9.215935707004274,683,3.7923909958971964,79674,11,4,5,1
2025-11-15,Pants,65,1348,30,9.279047627370682,539,4.0081311683365435,90223,11,4,5,0
2025-11-16,Dress,193,1386,0,1.9676027175142317,366,4.129978697683925,52937,11,4,6,0
2025-11-16,T-Shirt,175,693,20,3.660705865871565,486,4.23998941519482,72542,11,4,6,0
2025-11-16,Sweater,314,249,40,7.023937714962164,124,4.544796190406333,54504,11,4,6,1
2025-11-16,Jacket,366,348,10,2.8800193081906444,755,3.9345730971872874,90550,11,4,6,1
2025-11-16,Pants,53,673,10,9.530668657646503,695,4.114338099375132,32653,11,4,6,0
2025-11-17,Dress,191,1208,10,6.374914247673939,668,4.796508023808454,92943,11,4,0,0
2025-11-17,T-Shirt,67,395,20,6.723074054535499,893,4.403951730128733,5797,11,4,0,0
2025-11-17,Sweater,310,800,40,2.0657862461644134,481,4.552810031681467,26085,11,4,0,1
2025-11-17,Jacket,380,420,20,7.988787484937108,875,4.036023037496888,29744,11,4,0,1
2025-11-17,Pants,96,811,40,6.459600266286238,200,4.339109618536846,14934,11,4,0,0
2025-11-18,Dress,104,1233,0,3.7927911838914037,172,4.747805614026445,10877,11,4,1,0
2025-11-18,T-Shirt,106,1101,30,2.6021435249937364,186,4.397876389194474,40571,11,4,1,0
2025-11-18,Sweater,301,1291,10,7.192334201978159,983,3.6239825926847318,77649,11,4,1,1
2025-11-18,Jacket,282,421,20,3.099720588024623,529,4.793273079319443,81587,11,4,1,1
2025-11-18,Pants,188,1425,20,4.316765260118116,318,3.8728365605251107,11377,11,4,1,0
2025-11-19,Dress,151,627,20,6.791819304571578,336,4.050215142133203,35267,11,4,2,0
2025-11-19,T-Shirt,172,1175,40,8.264195458405062,526,3.8125134018815166,51729,11,4,2,0
2025-11-19,Sweater,257,1458,0,9.799120793836618,373,4.383741022620821,61366,11,4,2,1
2025-11-19,Jacket,153,587,20,5.900626401482924,121,4.504221507335042,58382,11,4,2,0
2025-11-19,Pants,69,369,40,5.473884193096323,701,3.963788898964175,47281,11,4,2,0
2025-11-20,Dress,126,506,0,1.233111767310755,658,4.49789438648369,63822,11,4,3,0
2025-11-20,T-Shirt,172,1207,10,3.1775761855683746,222,4.929601679405687,40386,11,4,3,0
2025-11-20,Sweater,407,635,30,2.3182368407048526,227,4.30503261779416,17952,11,4,3,1
2025-11-20,Jacket,276,1000,30,6.382412402203211,634,4.405248942457551,41820,11,4,3,1
2025-11-20,Pants,165,823,20,4.108992485144627,783,4.667426549267686,23394,11,4,3,0
2025-11-21,Dress,163,684,10,6.5351337253037425,472,3.8597623370863703,32492,11,4,4,0
2025-11-21,T-Shirt,51,731,30,4.815545565467351,751,3.7784220360595944,19837,11,4,4,0
2025-11-21,Sweater,304,865,30,7.642376245127856,834,4.756258936530405,13894,11,4,4,1
2025-11-21,Jacket,197,943,10,7.962088376756487,375,4.815959285468086,70196,11,4,4,0
2025-11-21,Pants,96,353,0,2.3669776181562603,365,4.906606204843133,83943,11,4,4,0
2025-11-22,Dress,56,733,40,3.1016067273393815,649,3.5051637484166145,7936,11,4,5,0
2025-11-22,T-Shirt,138,689,30,2.9934833080868763,983,3.999976722747863,40187,11,4,5,0
2025-11-22,Sweater,309,186,40,8.754729610188779,943,4.360408679185705,37286,11,4,5,1
2025-11-22,Jacket,384,1179,0,9.282209011505254,730,3.5971066491147208,28937,11,4,5,1
2025-11-22,Pants,172,1458,0,5.790671357348758,424,3.9921188268457497,10091,11,4,5,0
2025-11-23,Dress,56,1045,40,9.976100943551485,685,3.712988308895375,62614,11,4,6,0
2025-11-23,T-Shirt,102,1088,20,6.888114970843011,646,3.5409314759758486,81045,11,4,6,0
2025-11-23,Sweater,310,527,0,8.257521704149422,740,3.8287174523488705,40391,11,4,6,1
2025-11-23,Jacket,299,1390,0,1.8918680532618848,215,4.751893607942476,53731,11,4,6,1
2025-11-23,Pants,134,1056,10,9.203941434746557,986,4.501484656594755,46813,11,4,6,0
2025-11-24,Dress,176,656,30,3.43667632140542,547,4.2804750832910985,72933,11,4,0,0
2025-11-24,T-Shirt,133,477,30,6.486231666732406,632,4.222169615724126,43718,11,4,0,0
2025-11-24,Sweater,343,294,30,7.856603279053615,245,3.8787039462819193,24958,11,4,0,1
2025-11-24,Jacket,300,776,0,7.293473158018512,514,4.051869969646308,45197,11,4,0,1
2025-11-24,Pants,136,1054,30,5.527397047281067,669,4.848009133345457,30618,11,4,0,0
2025-11-25,Dress,158,309,30,7.83207186025834,849,3.9921628416597787,34470,11,4,1,0
2025-11-25,T-Shirt,108,332,20,7.889126025221776,400,4.2068903163226,27272,11,4,1,0
2025-11-25,Sweater,370,961,0,9.72573904575898,245,4.873786612768686,63835,11,4,1,1
2025-11-25,Jacket,372,948,10,4.465906110464653,100,3.718557878733806,33530,11,4,1,1
2025-11-25,Pants,175,1237,30,1.6972800153216316,628,4.402714713285471,11087,11,4,1,0
2025-11-26,Dress,167,383,0,5.143427878833798,702,4.402235203494565,49741,11,4,2,0
2025-11-26,T-Shirt,158,1008,40,3.9135180788821753,878,3.6981671020455003,19890,11,4,2,0
2025-11-26,Sweater,284,559,30,2.136789339598495,794,3.6673534885772407,88520,11,4,2,1
2025-11-26,Jacket,336,335,40,4.046901828701243,762,4.33518421537827,81159,11,4,2,1
2025-11-26,Pants,85,475,0,5.22776750769497,233,4.348900623038071,25250,11,4,2,0
2025-11-27,Dress,149,1413,30,1.37342341694414,685,3.768318108323964,88110,11,4,3,0
2025-11-27,T-Shirt,189,1312,0,3.8130283312323625,102,4.01391705569221,52381,11,4,3,0
2025-11-27,Sweater,160,1385,30,4.925323899241704,163,3.6297987932358757,51095,11,4,3,0
2025-11-27,Jacket,219,1498,30,7.630807107982809,909,3.8166387074932198,6646,11,4,3,1
2025-11-27,Pants,121,637,10,6.0260428061199,865,4.364607040153087,88087,11,4,3,0
2025-11-28,Dress,91,664,0,7.5120336279497675,784,4.5818101707996,9069,11,4,4,0
2025-11-28,T-Shirt,73,936,20,2.230209232460322,651,4.922244207530459,92542,11,4,4,0
2025-11-28,Sweater,178,547,10,6.356054177421434,845,4.652995745762906,6946,11,4,4,0
2025-11-28,Jacket,370,182,40,8.681782987898234,277,3.5111304618209753,29504,11,4,4,1
2025-11-28,Pants,102,1039,20,6.4832167933820015,669,4.072669157764782,23604,11,4,4,0
2025-11-29,Dress,115,520,30,5.550216866466627,886,3.901605828161847,56050,11,4,5,0
2025-11-29,T-Shirt,67,697,0,3.354841119201403,673,3.7208036916468634,13010,11,4,5,0
2025-11-29,Sweater,310,166,10,9.718780981985228,997,4.513722299624138,58448,11,4,5,1
2025-11-29,Jacket,339,328,30,3.89272690918007,333,4.16380582366594,50048,11,4,5,1
2025-11-29,Pants,115,487,40,8.933502000354572,856,4.9695021956335985,56194,11,4,5,0
2025-11-30,Dress,150,1222,10,5.344390416152276,788,3.5305657206203476,79901,11,4,6,0
2025-11-30,T-Shirt,119,945,30,4.944047450941899,209,4.371043729625297,77330,11,4,6,0
2025-11-30,Sweater,222,543,20,4.095044589271298,424,4.68118481436211,23043,11,4,6,1
2025-11-30,Jacket,291,421,30,3.1014395047877557,467,3.6654306026354977,54741,11,4,6,1
2025-11-30,Pants,125,721,40,9.344162074892536,985,3.6267351563672436,97438,11,4,6,0
2025-12-01,Dress,95,640,0,9.647975163024764,832,4.493013847901949,97680,12,4,0,0
2025-12-01,T-Shirt,119,1345,30,4.89652409075862,623,3.6573839679119655,86313,12,4,0,0
2025-12-01,Sweater,264,469,10,6.810993200911102,125,4.820085010001126,28549,12,4,0,1
2025-12-01,Jacket,194,1186,30,6.868975064643429,947,4.623983257374852,87561,12,4,0,0
2025-12-01,Pants,109,405,0,9.775915618769716,223,3.7570465479432293,50102,12,4,0,0
2025-12-02,Dress,112,1052,20,6.9948659598212926,154,4.978268435582717,60581,12,4,1,0
2025-12-02,T-Shirt,85,967,40,3.6635019871449725,355,4.129900757707153,73861,12,4,1,0
2025-12-02,Sweater,207,224,0,5.1278825476822405,277,4.561296951951409,27474,12,4,1,1
2025-12-02,Jacket,385,779,0,1.203594014143906,410,4.369147734079891,5761,12,4,1,1
2025-12-02,Pants,108,456,20,7.550365658596642,705,4.342085559731559,66446,12,4,1,0
2025-12-03,Dress,67,1185,10,3.2307651689977326,106,3.779348307146321,83347,12,4,2,0
2025-12-03,T-Shirt,133,1230,10,2.1965704368937025,129,4.051065329971077,74214,12,4,2,0
2025-12-03,Sweater,256,159,20,6.493700833242995,698,4.162106599814712,77619,12,4,2,1
2025-12-03,Jacket,236,773,0,6.461998135724868,422,4.394294670083738,96580,12,4,2,1
2025-12-03,Pants,144,702,30,5.137583181672666,249,4.246154980284524,41979,12,4,2,0
2025-12-04,Dress,169,1410,40,7.213867813536333,108,3.8355885987549256,21186,12,4,3,0
2025-12-04,T-Shirt,105,624,10,7.8722669137284305,784,4.790550852007898,28304,12,4,3,0
2025-12-04,Sweater,354,744,30,2.501312562331689,444,3.628466998811091,57956,12,4,3,1
2025-12-04,Jacket,294,164,30,8.804476869559092,468,3.973398252928362,41559,12,4,3,1
2025-12-04,Pants,186,983,20,2.7611297690501377,315,3.5247840946797897,30778,12,4,3,0
2025-12-05,Dress,177,227,40,4.277752311626957,181,4.90413010386909,77257,12,4,4,0
2025-12-05,T-Shirt,145,1318,30,2.082939916577815,496,3.982174277063536,95297,12,4,4,0
2025-12-05,Sweater,202,1492,10,1.8423802551398882,109,4.405892426577965,58603,12,4,4,1
2025-12-05,Jacket,264,386,40,1.7194843916502307,423,4.923691521374609,18771,12,4,4,1
2025-12-05,Pants,58,868,40,1.9059974786740872,502,4.766764877400928,96618,12,4,4,0
2025-12-06,Dress,76,546,0,3.3776971529547435,620,4.026706720393484,51323,12,4,5,0
2025-12-06,T-Shirt,126,816,10,4.158579922546417,896,3.642664061327588,21471,12,4,5,0
2025-12-06,Sweater,273,1467,40,1.3635971224927015,866,3.515262503883901,48250,12,4,5,1
2025-12-06,Jacket,370,850,40,7.900383359748202,261,4.58048031992905,98125,12,4,5,1
2025-12-06,Pants,86,995,40,5.381464851436792,276,4.629760207624438,41822,12,4,5,0
2025-12-07,Dress,170,254,30,2.106341093373805,395,3.7771821726112105,74700,12,4,6,0
2025-12-07,T-Shirt,120,300,0,5.140108873726372,419,4.510034345575806,77249,12,4,6,0
2025-12-07,Sweater,338,511,20,8.631555172546742,103,3.597279478242201,54178,12,4,6,1
2025-12-07,Jacket,259,213,0,6.156536263276765,972,4.217248044915038,76774,12,4,6,1
2025-12-07,Pants,188,1018,30,6.238863390542876,263,3.9742670763143124,5576,12,4,6,0
2025-12-08,Dress,99,921,30,3.990427468718905,831,4.60757357454053,44651,12,4,0,0
2025-12-08,T-Shirt,92,579,30,6.096001103295836,353,4.971224873742956,31178,12,4,0,0
2025-12-08,Sweater,299,316,0,8.13012550519842,987,4.400507987553627,54325,12,4,0,1
2025-12-08,Jacket,347,1412,20,1.3061489396142911,774,4.327470104147072,13012,12,4,0,1
2025-12-08,Pants,171,562,20,4.644259420319251,250,3.5020488888126278,26565,12,4,0,0
2025-12-09,Dress,79,1279,40,1.3443773049037118,255,4.1706024641417265,89693,12,4,1,0
2025-12-09,T-Shirt,78,703,30,7.929713096913613,554,4.257543157080499,55627,12,4,1,0
2025-12-09,Sweater,330,873,30,4.431116670913934,688,3.9372646241683724,84693,12,4,1,1
2025-12-09,Jacket,311,907,40,7.8731479040475465,370,4.816926020876012,26526,12,4,1,1
2025-12-09,Pants,59,222,0,8.347720817165477,980,4.339910658555015,29488,12,4,1,0
2025-12-10,Dress,114,506,10,2.4591875074765315,665,4.033910713099627,73334,12,4,2,0
2025-12-10,T-Shirt,58,781,30,4.169044064185323,923,4.071107089820583,34825,12,4,2,0
2025-12-10,Sweater,239,502,20,5.287280449502543,806,3.7173632606092597,44279,12,4,2,1
2025-12-10,Jacket,238,1263,40,9.936685016373898,788,3.5127820944823682,17795,12,4,2,1
2025-12-10,Pants,154,569,10,1.5183264587486374,673,3.8120503956965788,90096,12,4,2,0
2025-12-11,Dress,158,1490,0,5.518581238014109,198,3.8281710233940407,51293,12,4,3,0
2025-12-11,T-Shirt,182,1285,20,7.4883929350772025,201,4.900848456955954,36512,12,4,3,0
2025-12-11,Sweater,290,308,20,5.913937238803912,442,4.8356247112325565,35545,12,4,3,1
2025-12-11,Jacket,263,685,40,5.451108620843281,391,4.471392676419523,40375,12,4,3,1
2025-12-11,Pants,146,1019,20,5.057975723185934,679,3.50240415337776,41051,12,4,3,0
2025-12-12,Dress,57,471,40,7.712292196685393,183,3.9526363358753462,72426,12,4,4,0
2025-12-12,T-Shirt,123,1393,30,8.788753317665083,318,4.724933549228457,53585,12,4,4,0
2025-12-12,Sweater,220,709,40,3.5839736185960613,987,4.990125057660693,96920,12,4,4,1
2025-12-12,Jacket,337,328,40,3.9648311799638245,148,4.10839431565371,93830,12,4,4,1
2025-12-12,Pants,79,234,40,7.844107954238797,428,4.47977540312066,35382,12,4,4,0
2025-12-13,Dress,134,1422,30,9.973673892218294,464,4.910796075022947,8851,12,4,5,0
2025-12-13,T-Shirt,51,661,0,9.611919509895735,548,4.116975497910755,11242,12,4,5,0
2025-12-13,Sweater,243,191,30,5.638802032062218,668,4.146197079295662,42275,12,4,5,1
2025-12-13,Jacket,306,1287,30,5.021571290187672,823,4.4689710172936525,64937,12,4,5,1
2025-12-13,Pants,63,345,40,5.267979524475108,866,4.845028984258806,24173,12,4,5,0
2025-12-14,Dress,186,688,0,6.937699854425144,405,3.6041717390816013,46684,12,4,6,0
2025-12-14,T-Shirt,147,1064,20,7.6542184456485,487,3.9560679044537115,36391,12,4,6,0
2025-12-14,Sweater,272,1485,0,8.9390411847474,669,4.943509134525748,6283,12,4,6,1
2025-12-14,Jacket,341,276,20,4.607768615377425,367,3.5224696212075526,38503,12,4,6,1
2025-12-14,Pants,109,761,0,4.022648812810042,466,4.721268344956071,38381,12,4,6,0
2025-12-15,Dress,140,1026,40,5.929014110611117,371,3.939748971096373,85249,12,4,0,0
2025-12-15,T-Shirt,138,947,30,2.008991387695777,657,4.186811078258648,31852,12,4,0,0
2025-12-15,Sweater,253,383,0,6.531819692346135,363,3.9983580528169034,19141,12,4,0,1
2025-12-15,Jacket,186,155,30,7.269998208972957,207,4.472072560217103,22747,12,4,0,0
2025-12-15,Pants,149,1206,30,1.4364763200454438,731,4.917063835588719,40249,12,4,0,0
2025-12-16,Dress,148,983,0,1.1712902823346458,691,4.0392251777408195,64312,12,4,1,0
2025-12-16,T-Shirt,104,1208,40,7.773639916908542,296,4.655820567151791,72333,12,4,1,0
2025-12-16,Sweater,345,973,10,9.937072326557479,521,4.9907037900517945,57909,12,4,1,1
2025-12-16,Jacket,352,958,30,8.154043747358479,900,4.489715172202095,64121,12,4,1,1
2025-12-16,Pants,189,407,0,2.30163304882177,992,3.974826199216436,22355,12,4,1,0
2025-12-17,Dress,152,953,40,2.3486942852676496,125,4.0925876517684125,25096,12,4,2,0
2025-12-17,T-Shirt,191,451,10,5.094636979295879,155,4.44020544536821,41427,12,4,2,0
2025-12-17,Sweater,235,606,20,3.261870717636839,653,4.508200820096169,81925,12,4,2,1
2025-12-17,Jacket,280,1352,40,3.575008209050767,296,4.126883308443381,32560,12,4,2,1
2025-12-17,Pants,110,1356,30,3.835186778932217,108,4.869549647080686,90925,12,4,2,0
2025-12-18,Dress,111,715,30,5.926780466857504,645,3.8585264700597635,47793,12,4,3,0
2025-12-18,T-Shirt,63,615,0,5.703129305424992,191,3.550015546788438,39799,12,4,3,0
2025-12-18,Sweater,341,1062,30,3.822948182581017,456,4.784390253149913,43438,12,4,3,1
2025-12-18,Jacket,252,1273,30,1.6615744912240773,456,3.605667407269041,75674,12,4,3,1
2025-12-18,Pants,150,266,40,2.408956074350701,254,3.8835521608478527,96777,12,4,3,0
2025-12-19,Dress,65,1301,0,5.315175501258952,838,4.440095130033178,65539,12,4,4,0
2025-12-19,T-Shirt,153,213,0,7.449152127425352,723,3.5757027066224185,98460,12,4,4,0
2025-12-19,Sweater,247,1237,40,4.564646685250211,248,4.75309186716928,7728,12,4,4,1
2025-12-19,Jacket,296,554,10,9.837091490301981,746,3.522205134227696,66816,12,4,4,1
2025-12-19,Pants,192,369,10,5.574577957524318,616,4.988400549775249,35558,12,4,4,0
2025-12-20,Dress,90,1087,20,9.876248708246958,779,4.03873896825529,97965,12,4,5,0
2025-12-20,T-Shirt,91,461,0,1.2103981785589975,894,4.877512490950506,23725,12,4,5,0
2025-12-20,Sweater,299,1060,10,8.827573015977888,491,4.940160558752843,9485,12,4,5,1
2025-12-20,Jacket,283,1295,40,3.5085523900184175,951,3.5181456312371013,82692,12,4,5,1
2025-12-20,Pants,101,1490,0,3.8424834563775137,444,4.441151225561594,49239,12,4,5,0
2025-12-21,Dress,89,1269,30,7.979936057148601,472,3.868115888131192,39604,12,4,6,0
2025-12-21,T-Shirt,66,482,0,6.650782929494821,205,4.6869272433881015,80498,12,4,6,0
2025-12-21,Sweater,245,544,20,2.4689796935506436,372,4.8050337907837575,94839,12,4,6,1
2025-12-21,Jacket,350,1479,10,2.3051275149020376,561,4.204371055027739,61162,12,4,6,1
2025-12-21,Pants,104,688,30,1.5177410534318874,613,4.456809249610215,54108,12,4,6,0
2025-12-22,Dress,112,989,10,6.254535344520922,141,4.942627237756862,23884,12,4,0,0
2025-12-22,T-Shirt,156,1457,30,6.259731623951032,573,4.3028590053721,18582,12,4,0,0
2025-12-22,Sweater,331,442,0,6.234289596646207,536,4.1343599477808795,32290,12,4,0,1
2025-12-22,Jacket,357,476,0,5.628224028545728,618,3.5877370666618535,21411,12,4,0,1
2025-12-22,Pants,59,1456,40,4.58001295582283,862,3.818267682663362,98566,12,4,0,0
2025-12-23,Dress,92,730,20,4.963275380609183,550,3.993863050286946,18638,12,4,1,0
2025-12-23,T-Shirt,142,804,20,4.619103323946805,743,3.7465109018424014,68109,12,4,1,0
2025-12-23,Sweater,321,1191,20,6.1734702417012155,645,4.2627561914200385,80772,12,4,1,1
2025-12-23,Jacket,325,449,20,5.47935626238476,508,4.554542924806919,12988,12,4,1,1
2025-12-23,Pants,120,1385,40,4.845264412566669,526,4.30269530047954,60713,12,4,1,0
2025-12-24,Dress,50,460,40,2.2271841559968175,506,4.075152955852474,54217,12,4,2,0
2025-12-24,T-Shirt,163,286,10,8.777695262993522,756,4.916844895373379,53481,12,4,2,0
2025-12-24,Sweater,221,1107,30,7.53008677597781,151,4.801376529452737,16324,12,4,2,1
2025-12-24,Jacket,332,841,10,1.5745724109019061,150,3.8816372078625436,16358,12,4,2,1
2025-12-24,Pants,60,673,20,9.839709130740014,304,4.900444166049596,61750,12,4,2,0
2025-12-25,Dress,70,190,20,6.055240373663272,294,3.7854818347340267,55510,12,4,3,0
2025-12-25,T-Shirt,122,457,20,7.503853011953997,886,4.495980292800524,84372,12,4,3,0
2025-12-25,Sweater,256,379,40,6.259973177265723,976,3.755727295844107,8634,12,4,3,1
2025-12-25,Jacket,236,526,30,8.867797935409195,299,4.112425269834795,74005,12,4,3,1
2025-12-25,Pants,142,980,10,4.1686729565108225,140,3.814093738617487,30658,12,4,3,0
2025-12-26,Dress,67,900,30,8.659931013686311,431,3.542706838815232,35367,12,4,4,0
2025-12-26,T-Shirt,130,1090,40,6.9330302911078245,445,3.8986071172485186,60959,12,4,4,0
2025-12-26,Sweater,330,892,30,7.528740677078062,725,4.1990511792500556,94628,12,4,4,1
2025-12-26,Jacket,228,1497,10,8.517222539969513,778,4.666039742655338,51888,12,4,4,1
2025-12-26,Pants,164,1039,40,9.469308734105903,821,4.196394546163975,26775,12,4,4,0
2025-12-27,Dress,117,595,30,1.0541983633156573,952,4.392079243860687,21104,12,4,5,0
2025-12-27,T-Shirt,129,575,0,4.238902111004509,133,4.627261040856364,54605,12,4,5,0
2025-12-27,Sweater,326,1298,20,9.387865160852272,221,4.4632790840521945,53440,12,4,5,1
2025-12-27,Jacket,299,274,20,6.23607251611143,679,4.306232229251288,74178,12,4,5,1
2025-12-27,Pants,51,1427,20,6.3139355270102335,568,3.5763861614400514,79852,12,4,5,0
2025-12-28,Dress,135,656,20,2.8749957173968244,438,4.567582387590856,21548,12,4,6,0
2025-12-28,T-Shirt,127,877,10,7.693355457850226,111,4.824086216411688,83254,12,4,6,0
2025-12-28,Sweater,355,932,20,3.793270382956714,735,4.3788261950781635,72186,12,4,6,1
2025-12-28,Jacket,352,1165,20,4.702067113735195,309,3.9312802979481916,30551,12,4,6,1
2025-12-28,Pants,73,1222,30,1.4164885946372414,464,4.699518204912222,58756,12,4,6,0
2025-12-29,Dress,117,1263,40,8.374580602349873,547,4.679665105882699,70609,12,4,0,0
2025-12-29,T-Shirt,187,504,40,7.789843262439351,427,4.6501627992889825,69849,12,4,0,0
2025-12-29,Sweater,339,1267,30,4.091796501233425,152,4.374742567150603,15879,12,4,0,1
2025-12-29,Jacket,200,644,40,9.128257664267625,332,4.563209446955617,93252,12,4,0,1
2025-12-29,Pants,57,481,30,3.094103591398766,768,4.864626077947062,57772,12,4,0,0
2025-12-30,Dress,144,1347,40,1.2009058560794585,585,3.9604724742398902,64919,12,4,1,0
2025-12-30,T-Shirt,153,1082,30,6.271843225338021,920,4.8534429331106335,12069,12,4,1,0
2025-12-30,Sweater,226,428,30,6.097503066193228,781,3.790144387519935,86067,12,4,1,1
2025-12-30,Jacket,263,874,0,6.418822298228447,570,3.7235128151174766,32196,12,4,1,1
2025-12-30,Pants,171,751,10,6.0190471423231,216,4.439084507643986,93915,12,4,1,0
2025-12-31,Dress,168,447,30,4.033375196393305,457,4.99753152698484,72961,12,4,2,0
2025-12-31,T-Shirt,74,702,0,8.561135439210258,782,4.793904927502915,81105,12,4,2,0
2025-12-31,Sweater,367,606,0,7.706981140223663,193,3.734020724035307,52865,12,4,2,1
2025-12-31,Jacket,257,228,30,6.087631685661077,768,4.0825775669701105,33481,12,4,2,1
2025-12-31,Pants,94,350,20,7.691487572047896,337,4.747332032272366,84426,12,4,2,0
2026-01-01,Dress,56,1406,40,2.3731167405940288,678,4.456479925822847,42352,1,1,3,0
2026-01-01,T-Shirt,136,371,40,7.575322897869554,670,4.292983748265284,76836,1,1,3,0
2026-01-01,Sweater,392,1345,40,4.121589741089264,262,3.864594787268768,77176,1,1,3,1
2026-01-01,Jacket,264,646,30,7.54074219055129,652,3.709455322441742,57680,1,1,3,1
2026-01-01,Pants,154,914,40,8.115006148863735,867,4.136828979310237,34570,1,1,3,0
2026-01-02,Dress,110,411,30,3.6940281147042877,240,4.337433119656126,25558,1,1,4,0
2026-01-02,T-Shirt,80,658,20,5.350155970499949,609,4.394560296001114,5286,1,1,4,0
2026-01-02,Sweater,374,704,30,4.744724294519494,915,3.785141134532122,90647,1,1,4,1
2026-01-02,Jacket,314,602,0,5.4673732717556875,369,3.846952530421392,12196,1,1,4,1
2026-01-02,Pants,128,1411,0,4.546407296699371,933,4.593142187498575,66146,1,1,4,0
2026-01-03,Dress,192,1205,30,1.2907172162381362,830,3.830399229775683,17236,1,1,5,0
2026-01-03,T-Shirt,138,1255,0,7.482208606974837,282,4.829696522275793,6885,1,1,5,0
2026-01-03,Sweater,194,522,10,9.211389523576464,291,4.774117704852243,16769,1,1,5,0
2026-01-03,Jacket,236,455,30,1.223509667320129,459,4.472956053707433,94567,1,1,5,1
2026-01-03,Pants,126,1256,40,3.8649269175064056,865,3.567637957867067,29272,1,1,5,0
2026-01-04,Dress,66,170,0,9.051582421612604,936,4.770887467466281,46620,1,1,6,0
2026-01-04,T-Shirt,122,1264,30,7.195027135419044,710,4.588797066239709,48051,1,1,6,0
2026-01-04,Sweater,281,1341,20,9.009359354696558,893,3.7693158061912504,90482,1,1,6,1
2026-01-04,Jacket,300,1421,40,8.440147245440537,820,3.6689490806172227,80287,1,1,6,1
2026-01-04,Pants,171,886,30,7.223312640174212,518,4.0500109571813,28212,1,1,6,0
2026-01-05,Dress,192,1152,10,3.835661154524491,780,4.400532028263623,69308,1,1,0,0
2026-01-05,T-Shirt,168,1294,20,9.46339579752994,555,4.7945118222488015,23772,1,1,0,0
2026-01-05,Sweater,283,1133,10,6.192744892991156,543,4.320055808154343,48758,1,1,0,1
2026-01-05,Jacket,344,236,10,4.550296968839068,307,4.265157410980349,15042,1,1,0,1
2026-01-05,Pants,86,682,0,5.898201588852531,602,4.37765627873476,27670,1,1,0,0
2026-01-06,Dress,50,1457,10,5.39904175916246,767,4.729249374423527,57926,1,1,1,0
2026-01-06,T-Shirt,181,446,20,4.012897076912147,587,4.315723260263999,99712,1,1,1,0
2026-01-06,Sweater,233,1290,10,9.740796111244801,544,3.8611168204570685,16004,1,1,1,1
2026-01-06,Jacket,383,885,10,2.5767806881434514,403,3.672284104002765,48906,1,1,1,1
2026-01-06,Pants,167,940,0,5.269808748599187,618,3.950253198007511,91353,1,1,1,0
2026-01-07,Dress,144,1062,20,4.572744961728025,216,4.205594529265959,90148,1,1,2,0
2026-01-07,T-Shirt,109,1357,0,1.6430597873835158,860,4.925284425496098,76979,1,1,2,0
2026-01-07,Sweater,259,423,40,8.124902518490472,873,3.7752248065400345,29843,1,1,2,1
2026-01-07,Jacket,233,1165,10,9.057875998215028,277,4.482882246258649,12426,1,1,2,1
2026-01-07,Pants,193,419,0,4.790082558623531,158,4.934629433266592,25745,1,1,2,0
2026-01-08,Dress,124,1263,0,4.467324520956344,999,4.756399351258655,10659,1,1,3,0
2026-01-08,T-Shirt,179,215,30,4.0332936389658505,506,4.550280081517898,60910,1,1,3,0
2026-01-08,Sweater,243,1422,0,8.137114523914288,767,3.5182069952251385,68107,1,1,3,1
2026-01-08,Jacket,245,1105,20,5.6963379074622456,782,3.7910027216228195,76784,1,1,3,1
2026-01-08,Pants,118,1142,0,8.457956240089775,134,3.510229917503829,18417,1,1,3,0
2026-01-09,Dress,177,223,20,4.822423090090477,296,3.6580902109262947,90808,1,1,4,0
2026-01-09,T-Shirt,93,1118,10,2.6078300880252248,241,3.8598110885540775,5645,1,1,4,0
2026-01-09,Sweater,206,404,0,5.474177231357915,392,3.9790584890243434,80828,1,1,4,1
2026-01-09,Jacket,332,953,40,7.489585965725986,101,4.214137084826504,93275,1,1,4,1
2026-01-09,Pants,161,678,30,7.826020300068181,946,4.501490784691034,26441,1,1,4,0
2026-01-10,Dress,196,436,30,7.752087988518673,411,3.7408435667122646,73309,1,1,5,0
2026-01-10,T-Shirt,92,1247,10,8.563659900073429,979,4.892674755416378,99941,1,1,5,0
2026-01-10,Sweater,258,358,20,7.370732802462748,274,4.502994634717531,71543,1,1,5,1
2026-01-10,Jacket,196,374,0,1.732528522161624,752,3.9002100129674915,93519,1,1,5,0
2026-01-10,Pants,62,493,30,5.316316292557358,324,3.7702055406983095,52383,1,1,5,0
2026-01-11,Dress,146,1212,0,9.663869262046846,672,3.9454564360273556,47928,1,1,6,0
2026-01-11,T-Shirt,69,1345,30,4.83584295060381,653,4.650671841769999,91679,1,1,6,0
2026-01-11,Sweater,393,1469,20,6.410151930666167,359,4.662083247971866,75847,1,1,6,1
2026-01-11,Jacket,317,957,30,5.189680047827346,440,4.587296923010566,89369,1,1,6,1
2026-01-11,Pants,96,814,0,1.4225863530916134,736,3.810148789150551,84958,1,1,6,0
2026-01-12,Dress,52,1153,40,5.047610509629766,396,3.513188919552888,70447,1,1,0,0
2026-01-12,T-Shirt,134,570,40,3.5993386566808105,747,4.864456883459984,16944,1,1,0,0
2026-01-12,Sweater,262,1251,20,9.904195136147672,935,4.429053924637925,45640,1,1,0,1
2026-01-12,Jacket,303,1369,40,6.130842126294924,841,3.844730630787567,68496,1,1,0,1
2026-01-12,Pants,127,1252,40,4.561937489503344,584,4.784922692471182,7560,1,1,0,0
2026-01-13,Dress,69,279,10,1.929485489787103,951,4.2149959994293615,26416,1,1,1,0
2026-01-13,T-Shirt,103,1050,0,6.647399889761198,418,3.524924340090741,65112,1,1,1,0
2026-01-13,Sweater,360,806,40,4.283808483883702,570,4.84953893041641,72792,1,1,1,1
2026-01-13,Jacket,250,1285,30,9.8034118807314,865,4.537337550238314,22259,1,1,1,1
2026-01-13,Pants,117,1135,30,4.210581953010749,737,4.400303312105242,46588,1,1,1,0
2026-01-14,Dress,198,1442,40,4.070637202675296,204,4.284591363459578,91944,1,1,2,0
2026-01-14,T-Shirt,183,1454,40,4.793104417391024,457,4.918051962218004,88146,1,1,2,0
2026-01-14,Sweater,273,1065,0,5.756511620066524,890,4.560573957384483,88605,1,1,2,1
2026-01-14,Jacket,305,336,30,3.391257759053354,996,4.20498513322788,34107,1,1,2,1
2026-01-14,Pants,199,967,10,6.289464550603764,318,3.8589161943246593,24612,1,1,2,1
2026-01-15,Dress,178,453,0,1.933022219340131,261,4.833244163326923,39018,1,1,3,0
2026-01-15,T-Shirt,130,196,10,1.1011508439883924,759,4.057102046899999,79729,1,1,3,0
2026-01-15,Sweater,275,1239,30,1.1258243657664992,229,3.504006490051495,41671,1,1,3,1
2026-01-15,Jacket,269,1375,40,3.6638489234458724,898,3.8512411101525004,65854,1,1,3,1
2026-01-15,Pants,82,1425,0,4.746354335644299,684,4.814026504476164,26185,1,1,3,0
2026-01-16,Dress,67,620,20,6.564817732385651,479,4.539666589320586,93915,1,1,4,0
2026-01-16,T-Shirt,133,1000,0,2.999702585874706,568,4.742489369139118,29379,1,1,4,0
2026-01-16,Sweater,359,912,40,8.689783684432552,976,3.9178745709487264,66579,1,1,4,1
2026-01-16,Jacket,295,725,30,1.4048302397095724,371,3.9343668588950282,67023,1,1,4,1
2026-01-16,Pants,97,742,30,2.2545205635731564,151,3.9172608798129858,42309,1,1,4,0
2026-01-17,Dress,70,1453,30,6.439367232030456,458,4.281619544156024,31125,1,1,5,0
2026-01-17,T-Shirt,150,841,40,4.677473259277335,982,4.395700227826141,77740,1,1,5,0
2026-01-17,Sweater,178,458,30,9.621244781563535,209,4.943570490840559,35352,1,1,5,0
2026-01-17,Jacket,299,1205,20,6.6454897653686285,830,3.5609001528808992,38884,1,1,5,1
2026-01-17,Pants,92,1048,40,2.6245640785995743,134,3.550648365830698,45920,1,1,5,0
2026-01-18,Dress,69,548,40,2.221426693009048,303,3.5622197943416785,91742,1,1,6,0
2026-01-18,T-Shirt,154,1010,0,5.554946340166001,586,4.79030845581009,43118,1,1,6,0
2026-01-18,Sweater,265,397,10,2.6113711460568614,755,4.013684427944953,13432,1,1,6,1
2026-01-18,Jacket,352,378,40,4.9640708378913585,954,4.5487750624854435,64658,1,1,6,1
2026-01-18,Pants,178,369,10,9.347151522190842,119,4.323444363943845,13573,1,1,6,0
2026-01-19,Dress,193,188,40,9.488694616752488,274,3.6129684851856947,5944,1,1,0,0
2026-01-19,T-Shirt,172,680,10,1.8111568624135788,346,4.224651638140865,74720,1,1,0,0
2026-01-19,Sweater,219,1222,20,9.220205777814012,242,4.650517541027632,85380,1,1,0,1
2026-01-19,Jacket,236,178,30,4.523490987522004,249,4.7246903801492515,60280,1,1,0,1
2026-01-19,Pants,159,306,30,1.7178133754892564,817,4.325574852962559,39581,1,1,0,0
2026-01-20,Dress,186,309,0,8.710874987855167,937,4.503226390940249,49480,1,1,1,0
2026-01-20,T-Shirt,155,1255,10,2.5495567194607176,520,4.978222625857402,10337,1,1,1,0
2026-01-20,Sweater,234,940,10,6.673838182422914,586,3.6747811209370647,97885,1,1,1,1
2026-01-20,Jacket,278,425,0,9.253464328363416,732,3.5593755942888468,16194,1,1,1,1
2026-01-20,Pants,168,514,10,2.1427313453553944,717,4.463539735575167,11285,1,1,1,0
2026-01-21,Dress,188,472,30,8.597260018586798,977,4.130822898680077,70254,1,1,2,0
2026-01-21,T-Shirt,63,1153,0,3.6277840779900794,671,4.622179410402849,51390,1,1,2,0
2026-01-21,Sweater,350,1164,0,9.519904277972602,333,4.073445522441443,75803,1,1,2,1
2026-01-21,Jacket,179,769,10,6.450501767379793,728,4.6683104723839435,33645,1,1,2,0
2026-01-21,Pants,111,692,40,1.7838482580590949,796,4.690856600199036,45001,1,1,2,0
2026-01-22,Dress,198,1032,30,6.801778059457143,327,4.941941781711375,73708,1,1,3,0
2026-01-22,T-Shirt,149,1312,0,1.284647056161849,567,3.55622892068801,24348,1,1,3,0
2026-01-22,Sweater,302,918,20,3.4461437736130742,274,3.926691737983727,40109,1,1,3,1
2026-01-22,Jacket,298,1379,0,5.9151335713204105,247,4.695751658338061,16819,1,1,3,1
2026-01-22,Pants,149,1434,20,9.872212156736696,169,4.92725631805274,18070,1,1,3,0
2026-01-23,Dress,50,1058,10,6.182029133428603,630,4.571184202741612,66505,1,1,4,0
2026-01-23,T-Shirt,106,1217,30,8.225497398251868,847,3.744248218744194,6280,1,1,4,0
2026-01-23,Sweater,244,912,30,9.243609359191101,991,4.578906955683056,66596,1,1,4,1
2026-01-23,Jacket,311,1129,0,2.415371025226036,553,4.189898294938083,91416,1,1,4,1
2026-01-23,Pants,128,700,30,2.5115878393067286,766,4.1849255500995834,73486,1,1,4,0
2026-01-24,Dress,101,1424,20,3.7353131525193977,593,4.368710751070159,18057,1,1,5,0
2026-01-24,T-Shirt,66,647,40,3.9380449757623244,742,3.6286591341309324,90838,1,1,5,0
2026-01-24,Sweater,305,510,10,9.030518972708336,391,4.134631054780856,97732,1,1,5,1
2026-01-24,Jacket,336,1110,0,5.262982812569694,947,4.125084921704001,79697,1,1,5,1
2026-01-24,Pants,97,886,0,3.3524981272092296,327,4.395242332047861,84544,1,1,5,0
2026-01-25,Dress,129,162,20,7.469557733851001,439,3.852591507515062,83421,1,1,6,0
2026-01-25,T-Shirt,193,1152,20,1.7408376845859588,284,4.78647068213328,30410,1,1,6,0
2026-01-25,Sweater,285,506,40,7.415557193343703,712,4.89535923656458,32095,1,1,6,1
2026-01-25,Jacket,278,757,10,9.084898177222323,573,3.7022135030020724,76120,1,1,6,1
2026-01-25,Pants,151,838,10,7.958494142715311,809,4.931358294977441,65356,1,1,6,0
2026-01-26,Dress,152,1310,20,2.449415609934306,448,4.943392497706848,29419,1,1,0,0
2026-01-26,T-Shirt,180,1034,10,1.7860637270254989,684,3.69746092381739,20205,1,1,0,0
2026-01-26,Sweater,265,965,20,2.8906746111107022,605,3.6860652488515466,35569,1,1,0,1
2026-01-26,Jacket,358,957,40,4.760053041819049,254,4.745215047578892,40160,1,1,0,1
2026-01-26,Pants,184,884,0,1.7041590319084858,744,4.662993471430139,88747,1,1,0,0
2026-01-27,Dress,137,866,40,9.645330590705614,836,4.306385990202976,29802,1,1,1,0
2026-01-27,T-Shirt,79,1457,40,6.151729401756975,234,3.595743034385987,82686,1,1,1,0
2026-01-27,Sweater,285,971,40,3.7688259215695723,566,3.841213469969437,79660,1,1,1,1
2026-01-27,Jacket,172,1499,40,1.0362215043720024,621,3.5806626919230737,96610,1,1,1,0
2026-01-27,Pants,155,929,10,4.066654201399116,312,4.894974226492365,96616,1,1,1,0
2026-01-28,Dress,177,329,40,9.022720011378514,121,4.010580064862726,87841,1,1,2,0
2026-01-28,T-Shirt,70,894,40,9.300907553308022,652,3.871469175568483,14215,1,1,2,0
2026-01-28,Sweater,236,1252,10,3.0716514220060134,348,3.823273097529264,42302,1,1,2,1
2026-01-28,Jacket,208,870,0,3.6177397654863777,732,4.416881759634136,77635,1,1,2,1
2026-01-28,Pants,73,687,10,1.5077287598006546,886,4.176815214886351,49844,1,1,2,0
2026-01-29,Dress,177,1267,40,3.7261184068814757,104,3.706699658065986,29818,1,1,3,0
2026-01-29,T-Shirt,55,569,0,9.337266724762102,524,4.6098630673833245,13545,1,1,3,0
2026-01-29,Sweater,281,442,40,3.2637825137347827,579,3.581939433149727,91492,1,1,3,1
2026-01-29,Jacket,220,1451,20,1.124339288247663,911,4.0472315633262745,58100,1,1,3,1
2026-01-29,Pants,137,708,20,1.4027699727424316,906,4.841717937150164,76086,1,1,3,0
2026-01-30,Dress,70,292,30,2.8340609908678918,567,3.908004583896784,34548,1,1,4,0
2026-01-30,T-Shirt,131,1068,10,9.30158224689258,225,4.003653348817686,41852,1,1,4,0
2026-01-30,Sweater,316,963,20,6.542590202820937,372,4.908738848832678,21192,1,1,4,1
2026-01-30,Jacket,313,238,40,1.9661076205111883,456,4.278660775552453,25129,1,1,4,1
2026-01-30,Pants,110,620,0,7.864010347488779,162,4.964272099592382,62883,1,1,4,0
2026-01-31,Dress,62,179,10,8.353984556729026,940,4.476195712580119,62039,1,1,5,0
2026-01-31,T-Shirt,101,1280,40,6.537647071796862,400,4.04550217015576,56928,1,1,5,0
2026-01-31,Sweater,195,857,30,9.974217025011257,864,4.339755204280385,11562,1,1,5,0
2026-01-31,Jacket,349,1334,10,8.703106868354643,984,4.760264446734506,99637,1,1,5,1
2026-01-31,Pants,133,727,30,8.693899451268237,688,4.087085039704999,89895,1,1,5,0
2026-02-01,Dress,85,1440,10,7.634968447932463,438,4.626459889500659,51070,2,1,6,0
2026-02-01,T-Shirt,105,410,20,3.96358276456038,866,4.597323023807849,45755,2,1,6,0
2026-02-01,Sweater,314,559,0,9.772632525317567,212,4.469633081173338,16908,2,1,6,1
2026-02-01,Jacket,336,338,40,6.600893913700131,206,3.85290415677006,84801,2,1,6,1
2026-02-01,Pants,199,1148,20,3.981038646654671,769,4.970139070788912,27187,2,1,6,1
2026-02-02,Dress,116,283,40,6.536109606864554,855,4.615636643211515,13650,2,1,0,0
2026-02-02,T-Shirt,164,558,40,4.7194585964098215,772,4.2521098365641645,77692,2,1,0,0
2026-02-02,Sweater,404,422,20,9.230275954081044,125,4.084177494536526,44644,2,1,0,1
2026-02-02,Jacket,332,240,30,3.347520543847142,825,3.59089654469374,99137,2,1,0,1
2026-02-02,Pants,71,847,40,1.9602106349434423,176,3.6394599701687005,23808,2,1,0,0
2026-02-03,Dress,134,1350,10,1.9629997433523938,273,4.070991651692301,50076,2,1,1,0
2026-02-03,T-Shirt,191,479,0,5.153436653424333,880,4.880924126338468,25310,2,1,1,0
2026-02-03,Sweater,188,372,20,1.8474742796754684,970,3.965037996438637,24048,2,1,1,0
2026-02-03,Jacket,238,1418,40,3.1086996780134903,433,4.785331931308035,76831,2,1,1,1
2026-02-03,Pants,175,360,40,2.777894996784027,438,4.187103293553209,41575,2,1,1,0
2026-02-04,Dress,106,1248,20,9.208672849226229,697,4.491093455223761,73422,2,1,2,0
2026-02-04,T-Shirt,82,945,0,2.177749596921945,212,4.257315202153399,41911,2,1,2,0
2026-02-04,Sweater,275,1368,20,3.176961831845088,420,3.5138808803254453,58602,2,1,2,1
2026-02-04,Jacket,295,960,20,1.4208401243004962,811,4.873645796271676,5388,2,1,2,1
2026-02-04,Pants,134,995,40,6.851550822152597,856,4.5161382788193345,63817,2,1,2,0
2026-02-05,Dress,170,540,0,1.7307513173829188,845,4.854039466883689,13209,2,1,3,0
2026-02-05,T-Shirt,103,872,0,3.542486951555668,214,4.272919436168128,18978,2,1,3,0
2026-02-05,Sweater,233,433,0,9.919433555190551,721,3.5314282554417873,15248,2,1,3,1
2026-02-05,Jacket,371,981,20,5.284851802778873,717,4.274452731314387,32400,2,1,3,1
2026-02-05,Pants,175,1089,0,2.817955404259536,405,3.953256894957932,34403,2,1,3,0
2026-02-06,Dress,82,1492,0,7.645529487575286,279,3.6652304593694405,29966,2,1,4,0
2026-02-06,T-Shirt,58,506,40,9.792758464529673,774,4.658299482814007,18014,2,1,4,0
2026-02-06,Sweater,314,1355,20,4.261541068124301,698,4.38346315214228,52178,2,1,4,1
2026-02-06,Jacket,243,1292,0,6.06227801904867,195,3.916425922659472,82275,2,1,4,1
2026-02-06,Pants,165,1306,10,7.9183981789067275,358,4.008362304925584,42710,2,1,4,0
2026-02-07,Dress,176,1410,40,7.853565787088713,632,4.530441432480266,16990,2,1,5,0
2026-02-07,T-Shirt,162,200,0,5.347246736714865,493,4.14600153429926,14554,2,1,5,0
2026-02-07,Sweater,252,1458,40,5.23401682486268,344,4.693362910838948,9734,2,1,5,1
2026-02-07,Jacket,318,976,0,6.65928821614697,895,4.5700513303461054,33917,2,1,5,1
2026-02-07,Pants,120,649,40,8.827964196251699,303,4.13665640600134,86254,2,1,5,0
2026-02-08,Dress,54,1089,0,9.780869182521444,839,3.6781511194109298,15411,2,1,6,0
2026-02-08,T-Shirt,195,668,0,3.227898583162414,912,4.613199178436957,14252,2,1,6,0
2026-02-08,Sweater,212,1057,10,3.7433182115299193,317,4.04726159185741,60504,2,1,6,1
2026-02-08,Jacket,231,237,20,8.913417634778211,257,4.635699787577558,42018,2,1,6,1
2026-02-08,Pants,115,840,0,6.626093353773371,611,4.1034119360353465,70229,2,1,6,0
2026-02-09,Dress,162,1065,0,6.885292329331763,823,4.390147110575832,66914,2,1,0,0
2026-02-09,T-Shirt,79,1071,10,6.502027122576577,847,4.360364131628025,34059,2,1,0,0
2026-02-09,Sweater,320,1426,20,6.71452146642668,865,4.5810731774858,11485,2,1,0,1
2026-02-09,Jacket,220,1150,40,9.463751133692735,320,4.6959494872729906,43635,2,1,0,1
2026-02-09,Pants,113,522,20,9.940747215482284,213,4.614614202174014,32557,2,1,0,0
2026-02-10,Dress,170,760,10,8.855990649642841,872,4.445357235659243,78747,2,1,1,0
2026-02-10,T-Shirt,87,277,30,8.970596411130524,454,3.6747601727341115,63677,2,1,1,0
2026-02-10,Sweater,318,1257,30,3.6068140934265243,304,3.8531752184404144,40927,2,1,1,1
2026-02-10,Jacket,266,570,30,3.896172177288479,325,4.919835530579862,14550,2,1,1,1
2026-02-10,Pants,120,728,20,3.111866823727673,133,3.6355546227687174,84220,2,1,1,0
2026-02-11,Dress,174,1276,0,7.0218590036973145,781,4.518976048485042,68818,2,1,2,0
2026-02-11,T-Shirt,133,1482,10,8.016230500971467,405,3.772461521101198,10282,2,1,2,0
2026-02-11,Sweater,283,1238,10,1.9887893003743304,125,4.41474007316369,6067,2,1,2,1
2026-02-11,Jacket,243,1334,30,8.017159288290202,468,3.9596587863849164,10196,2,1,2,1
2026-02-11,Pants,62,174,10,5.986018735170365,469,4.661540579272382,98220,2,1,2,0
2026-02-12,Dress,156,1302,30,3.1171112197358193,317,4.189658814887391,62454,2,1,3,0
2026-02-12,T-Shirt,97,857,20,4.586232203729699,604,3.8606721881121193,11607,2,1,3,0
2026-02-12,Sweater,338,1364,20,6.32817700337919,104,3.990940465356331,61536,2,1,3,1
2026-02-12,Jacket,393,1272,0,5.4884542258720455,695,4.034295745878392,64718,2,1,3,1
2026-02-12,Pants,143,528,40,9.708760589859398,148,4.538814707309055,17778,2,1,3,0
2026-02-13,Dress,150,556,20,4.249949315041649,360,4.960103913392534,87142,2,1,4,0
2026-02-13,T-Shirt,62,959,40,4.9127655361599025,417,4.9331537686904925,34297,2,1,4,0
2026-02-13,Sweater,274,792,20,1.7137222727804773,997,3.7289928046452365,63612,2,1,4,1
2026-02-13,Jacket,339,1381,40,3.223790963228904,358,4.612823252484754,71273,2,1,4,1
2026-02-13,Pants,134,1081,10,2.360545284540929,422,4.655135572107161,43593,2,1,4,0
2026-02-14,Dress,116,870,40,4.638935105645309,822,4.032749287086062,20556,2,1,5,0
2026-02-14,T-Shirt,191,198,30,4.461091744884622,312,4.783871713148066,93742,2,1,5,0
2026-02-14,Sweater,389,429,20,8.299709025314582,405,4.2094756499782005,37748,2,1,5,1
2026-02-14,Jacket,207,1340,10,8.893107630485682,371,4.114334962093477,64133,2,1,5,1
2026-02-14,Pants,136,495,20,4.567655383530905,332,3.7117789768695775,90600,2,1,5,0
2026-02-15,Dress,186,416,40,9.972198003679955,843,4.3892176939089635,64951,2,1,6,0
2026-02-15,T-Shirt,143,225,30,2.9661033469179334,675,3.8330158014114812,81118,2,1,6,0
2026-02-15,Sweater,283,1414,10,3.2955350722252743,153,4.268609215190224,90589,2,1,6,1
2026-02-15,Jacket,245,1465,30,4.048047323987475,259,4.7397259114716075,98733,2,1,6,1
2026-02-15,Pants,150,1463,0,3.6669722598267085,977,4.201038090840771,94526,2,1,6,0
2026-02-16,Dress,92,939,30,7.648579949161626,707,4.474916050822433,30078,2,1,0,0
2026-02-16,T-Shirt,168,269,0,7.997766084795082,975,4.005950746760034,19245,2,1,0,0
2026-02-16,Sweater,216,1454,0,3.289012421554256,377,3.993673119342241,98730,2,1,0,1
2026-02-16,Jacket,223,922,30,9.881109510130747,290,4.4654950508965605,19992,2,1,0,1
2026-02-16,Pants,150,404,20,9.260443483814754,821,4.120045093915917,9744,2,1,0,0
2026-02-17,Dress,155,341,20,5.562444508816969,274,4.316958583426787,5084,2,1,1,0
2026-02-17,T-Shirt,63,1210,20,4.232533160528109,169,4.663744027572104,93334,2,1,1,0
2026-02-17,Sweater,277,1247,30,5.130860562412019,940,3.992802674894309,43921,2,1,1,1
2026-02-17,Jacket,398,211,30,4.180254143868316,829,3.8927323483711986,74191,2,1,1,1
2026-02-17,Pants,65,594,0,2.8267428432195656,533,4.59181643310676,36403,2,1,1,0
2026-02-18,Dress,189,732,20,5.066942442858388,491,4.170878519779418,26178,2,1,2,0
2026-02-18,T-Shirt,81,864,30,8.244897030785099,508,4.786950636862338,77882,2,1,2,0
2026-02-18,Sweater,312,1085,40,5.887218063672963,687,4.038387571823178,60958,2,1,2,1
2026-02-18,Jacket,358,909,40,5.184595212559574,776,4.165280276586124,80676,2,1,2,1
2026-02-18,Pants,124,584,10,2.4349727045819116,744,4.684233765235461,60103,2,1,2,0
2026-02-19,Dress,176,526,0,5.82067256774342,596,4.431449641650738,57534,2,1,3,0
2026-02-19,T-Shirt,186,624,0,8.029276339005271,465,3.930281650840716,40215,2,1,3,0
2026-02-19,Sweater,239,363,40,7.620617351957581,218,4.200391082360487,97995,2,1,3,1
2026-02-19,Jacket,321,1352,0,6.636720991660629,982,4.831370072884352,70294,2,1,3,1
2026-02-19,Pants,188,573,10,4.720080377339338,729,4.010457229396972,60443,2,1,3,0
2026-02-20,Dress,147,299,10,8.257667088630186,292,4.66253758344424,49308,2,1,4,0
2026-02-20,T-Shirt,110,1122,20,5.054205949342819,297,3.779332414191673,35920,2,1,4,0
2026-02-20,Sweater,324,684,20,6.179201999676883,281,4.5018654517185155,61852,2,1,4,1
2026-02-20,Jacket,259,354,30,6.706687191591238,739,4.12344085780639,92318,2,1,4,1
2026-02-20,Pants,178,786,30,5.374559118906553,627,4.540043655051689,12649,2,1,4,0
2026-02-21,Dress,87,680,40,9.971512857650424,129,4.231931372871626,59575,2,1,5,0
2026-02-21,T-Shirt,92,242,10,1.9849899439294187,920,4.663352221714147,61481,2,1,5,0
2026-02-21,Sweater,294,879,20,7.155808091383697,219,3.6803213135413184,77193,2,1,5,1
2026-02-21,Jacket,303,1128,0,6.933623255093927,516,3.7607022334178453,16920,2,1,5,1
2026-02-21,Pants,106,731,30,5.938965090394866,786,4.6812343529440605,39973,2,1,5,0
2026-02-22,Dress,134,471,40,4.035860434087066,999,4.505298749472414,82684,2,1,6,0
2026-02-22,T-Shirt,183,763,0,9.780748471878704,321,3.881736361544946,69963,2,1,6,0
2026-02-22,Sweater,258,268,20,1.6132083739883532,423,3.6731851881768187,44150,2,1,6,1
2026-02-22,Jacket,352,1362,40,8.444177664584881,800,4.2460458803250765,97811,2,1,6,1
2026-02-22,Pants,199,1149,40,4.7669587765009895,682,4.426861136177973,60099,2,1,6,1
2026-02-23,Dress,148,708,10,8.177040280686793,848,4.734793995410318,67473,2,1,0,0
2026-02-23,T-Shirt,169,621,30,4.576203586954516,901,4.791185571545697,18834,2,1,0,0
2026-02-23,Sweater,179,1162,20,8.626787988639903,664,4.941987077174325,74384,2,1,0,0
2026-02-23,Jacket,158,860,30,5.277294123472258,205,4.797088354276984,32151,2,1,0,0
2026-02-23,Pants,87,544,20,8.383252135562426,566,4.942749749436979,35702,2,1,0,0
2026-02-24,Dress,108,1458,10,8.33083264776333,464,4.727388201553174,49001,2,1,1,0
2026-02-24,T-Shirt,198,393,0,8.592488462236975,361,3.9037848367920773,20739,2,1,1,0
2026-02-24,Sweater,335,906,0,3.4860458220874606,978,3.857618377692378,68012,2,1,1,1
2026-02-24,Jacket,225,898,20,4.447782218030651,966,4.694599983155969,42386,2,1,1,1
2026-02-24,Pants,59,1362,0,8.378892206434703,261,4.910867530910394,68492,2,1,1,0
2026-02-25,Dress,61,1097,40,2.9324293256783105,472,4.646002543221087,38973,2,1,2,0
2026-02-25,T-Shirt,90,1480,10,4.774752360072032,687,4.274007938260686,41133,2,1,2,0
2026-02-25,Sweater,253,353,30,4.862109860036993,944,4.280313610934472,82217,2,1,2,1
2026-02-25,Jacket,304,500,0,2.4337966197251344,229,4.78208020461589,98022,2,1,2,1
2026-02-25,Pants,106,512,20,2.1256411550551215,520,3.79202750945028,39563,2,1,2,0
2026-02-26,Dress,107,367,30,4.03674961941967,980,4.493785865575556,55393,2,1,3,0
2026-02-26,T-Shirt,101,248,0,1.6766252651262332,192,4.015147072684624,79836,2,1,3,0
2026-02-26,Sweater,178,1405,20,1.041402726033866,292,4.556959729161079,89568,2,1,3,0
2026-02-26,Jacket,362,1473,40,5.307028435723174,984,4.78353105188128,28033,2,1,3,1
2026-02-26,Pants,114,371,10,2.675170594975461,573,4.533033726396751,89622,2,1,3,0
2026-02-27,Dress,68,671,20,6.104557901666814,627,4.186005020023712,75845,2,1,4,0
2026-02-27,T-Shirt,197,592,0,4.009730062191511,608,3.5437962830292213,64756,2,1,4,0
2026-02-27,Sweater,400,691,20,2.2793173341086512,941,4.03050886159245,5645,2,1,4,1
2026-02-27,Jacket,289,1374,20,5.495159207556226,729,4.461599530710182,65269,2,1,4,1
2026-02-27,Pants,194,1082,40,8.102976322848349,744,3.64104612220134,42429,2,1,4,0
2026-02-28,Dress,179,1419,30,5.620531619131091,716,4.461978320244782,13187,2,1,5,0
2026-02-28,T-Shirt,96,905,30,1.2836996677640164,507,4.5566477309713935,33093,2,1,5,0
2026-02-28,Sweater,293,517,20,4.561755447573889,530,4.802816251237344,64707,2,1,5,1
2026-02-28,Jacket,273,300,30,7.581439197814008,396,3.825251326539486,9502,2,1,5,1
2026-02-28,Pants,80,1066,30,8.161285682306792,231,4.565986065600285,19466,2,1,5,0
2026-03-01,Dress,169,1263,10,2.614894949219339,988,4.094915513083101,50487,3,1,6,0
2026-03-01,T-Shirt,101,657,40,9.05030250028138,623,3.572543698392893,88421,3,1,6,0
2026-03-01,Sweater,86,865,20,4.031461029837059,831,3.7737533345008623,79716,3,1,6,0
2026-03-01,Jacket,86,361,40,9.092999367772546,213,4.557938934041803,24606,3,1,6,0
2026-03-01,Pants,159,233,30,8.818816884445503,880,4.402200142537529,25656,3,1,6,0
2026-03-02,Dress,64,461,40,3.23254242561668,408,3.978232844159088,12160,3,1,0,0
2026-03-02,T-Shirt,177,1215,40,9.47577824120426,399,4.650932293462974,6459,3,1,0,0
2026-03-02,Sweater,162,1023,40,3.844717468115545,527,3.6049030465857723,6921,3,1,0,0
2026-03-02,Jacket,158,843,30,5.716041182058579,829,4.918336806830361,20451,3,1,0,0
2026-03-02,Pants,154,868,10,4.598505978783847,640,4.667715243674355,53068,3,1,0,0
2026-03-03,Dress,96,1028,20,9.299958420830068,984,4.6085605812476835,99527,3,1,1,0
2026-03-03,T-Shirt,141,929,30,4.74255983287512,750,4.14096656268123,51676,3,1,1,0
2026-03-03,Sweater,123,912,0,7.0013752146626365,550,3.5993592531325302,41497,3,1,1,0
2026-03-03,Jacket,123,1226,0,2.4193688024075617,299,4.877142189800809,19432,3,1,1,0
2026-03-03,Pants,98,1045,10,4.173388106902777,252,4.015432994190707,34347,3,1,1,0
2026-03-04,Dress,51,360,10,4.288118789298046,664,4.901848362060708,7802,3,1,2,0
2026-03-04,T-Shirt,100,644,0,2.993507029082686,557,4.729284683143905,46005,3,1,2,0
2026-03-04,Sweater,104,711,20,3.3202352529277235,523,4.601243153054572,63935,3,1,2,0
2026-03-04,Jacket,57,1133,10,3.2260434134625506,665,3.5069149039597525,15370,3,1,2,0
2026-03-04,Pants,58,873,10,1.847320770549012,598,3.7818462799166026,29608,3,1,2,0
2026-03-05,Dress,182,1069,10,2.249350140189888,191,3.761948305244029,32921,3,1,3,0
2026-03-05,T-Shirt,82,1200,0,3.6766116338587356,207,3.9807344558980433,63081,3,1,3,0
2026-03-05,Sweater,117,1016,20,4.900160862375754,203,3.5869886278549323,33568,3,1,3,0
2026-03-05,Jacket,82,1210,30,4.2119879197664805,142,4.857492838958487,78229,3,1,3,0
2026-03-05,Pants,180,1498,10,8.625599309083137,652,4.951496297219631,9628,3,1,3,0
2026-03-06,Dress,170,1468,40,3.68653051492344,168,3.87791031861367,17093,3,1,4,0
2026-03-06,T-Shirt,94,176,30,2.341831786932821,652,3.667193209375275,19907,3,1,4,0
2026-03-06,Sweater,91,783,20,7.705328806914329,758,3.8597626227213344,5459,3,1,4,0
2026-03-06,Jacket,96,728,30,6.42049732449793,259,4.345083395895247,27025,3,1,4,0
2026-03-06,Pants,173,1446,0,1.6544009291013255,754,4.619129484232442,29120,3,1,4,0
2026-03-07,Dress,187,476,0,3.245319051685915,372,4.958733632779326,19223,3,1,5,0
2026-03-07,T-Shirt,168,483,20,2.5380671339093404,150,3.6849446995568718,84987,3,1,5,0
2026-03-07,Sweater,154,225,30,6.1382993662033565,171,3.529989029325788,25931,3,1,5,0
2026-03-07,Jacket,192,516,10,1.0268211770409785,659,3.516638740286739,98207,3,1,5,0
2026-03-07,Pants,159,201,20,3.031327634230988,566,4.95314905935229,60180,3,1,5,0
2026-03-08,Dress,99,936,30,2.379090882111501,521,4.491555548985253,47722,3,1,6,0
2026-03-08,T-Shirt,114,312,30,7.394595845779822,764,4.60826526388179,44237,3,1,6,0
2026-03-08,Sweater,124,406,10,1.1287655654195983,263,4.234874167406742,72561,3,1,6,0
2026-03-08,Jacket,86,255,20,5.884702475117441,759,3.78600287153176,53610,3,1,6,0
2026-03-08,Pants,77,1372,20,1.9598744568513702,620,4.094420777359057,73833,3,1,6,0
2026-03-09,Dress,81,1239,30,8.170624350021004,534,4.118644235019138,24673,3,1,0,0
2026-03-09,T-Shirt,70,370,20,6.116629720518002,191,4.670200773792638,10258,3,1,0,0
2026-03-09,Sweater,72,881,30,1.641016258621495,282,4.955509119087276,35377,3,1,0,0
2026-03-09,Jacket,172,530,0,1.5811628167229212,403,4.837757686017174,94463,3,1,0,0
2026-03-09,Pants,62,1209,0,9.97129846293211,412,4.3371535653092765,88596,3,1,0,0
2026-03-10,Dress,100,970,30,6.2012005530387055,124,3.8552910641605385,82162,3,1,1,0
2026-03-10,T-Shirt,103,616,0,2.0938696239177466,667,4.566061042803916,86689,3,1,1,0
2026-03-10,Sweater,140,443,10,4.539154885526747,226,4.772879283800008,97526,3,1,1,0
2026-03-10,Jacket,70,465,10,6.820941599343494,550,3.616677800300702,76264,3,1,1,0
2026-03-10,Pants,199,595,40,5.388407392588354,237,4.922600263018136,27011,3,1,1,1
2026-03-11,Dress,89,223,10,8.107369065719622,202,3.911071712296903,36104,3,1,2,0
2026-03-11,T-Shirt,92,488,40,5.4214562629402465,715,4.79389755560983,49173,3,1,2,0
2026-03-11,Sweater,90,1343,40,8.379103869860124,273,3.5029059637053,26635,3,1,2,0
2026-03-11,Jacket,77,744,0,9.294143258589095,368,4.467958893526408,36584,3,1,2,0
2026-03-11,Pants,63,1037,10,2.5078019587540705,766,4.55352719129766,54411,3,1,2,0
2026-03-12,Dress,184,792,0,6.054181629634309,173,4.606748540758884,75043,3,1,3,0
2026-03-12,T-Shirt,108,1311,20,8.559174988144639,331,4.290731884370951,16204,3,1,3,0
2026-03-12,Sweater,190,1031,20,1.5794569533581275,186,3.9904650823128254,80069,3,1,3,0
2026-03-12,Jacket,126,1414,0,6.862059467825594,172,4.888760162447156,7140,3,1,3,0
2026-03-12,Pants,186,1206,20,8.696762255772807,725,4.7242305858237925,64222,3,1,3,0
2026-03-13,Dress,163,869,40,1.5060242424177388,971,3.898957915646339,64962,3,1,4,0
2026-03-13,T-Shirt,171,781,0,3.956490277280449,673,4.838541621169543,94841,3,1,4,0
2026-03-13,Sweater,89,1019,10,5.867361800701853,839,3.5628895315669755,94000,3,1,4,0
2026-03-13,Jacket,97,338,0,4.419774320125674,559,3.605426630960827,6229,3,1,4,0
2026-03-13,Pants,67,899,30,5.721589914574373,932,4.845535470549185,54729,3,1,4,0
2026-03-14,Dress,129,1114,0,5.00537896759216,505,3.5461712476302845,29811,3,1,5,0
2026-03-14,T-Shirt,175,1107,20,9.356875870846434,624,4.863710425185076,51970,3,1,5,0
2026-03-14,Sweater,116,1434,30,2.4836557181709464,436,4.462628115697324,47541,3,1,5,0
2026-03-14,Jacket,117,454,20,1.466927259134326,432,3.823491220105479,46617,3,1,5,0
2026-03-14,Pants,164,1402,30,1.4785451669651843,690,4.895253071971517,12539,3,1,5,0
2026-03-15,Dress,135,337,0,2.844618960090526,179,4.14844090148643,78569,3,1,6,0
2026-03-15,T-Shirt,151,1120,10,4.322223171677215,356,3.984318146982709,50379,3,1,6,0
2026-03-15,Sweater,118,346,10,7.413642668001798,224,4.209759887032031,21734,3,1,6,0
2026-03-15,Jacket,186,1050,30,5.284397645988413,524,4.8613528433354585,45181,3,1,6,0
2026-03-15,Pants,79,943,0,9.350387215753894,661,4.952109921295614,74285,3,1,6,0
2026-03-16,Dress,87,640,0,3.9692963893919035,710,3.8523105516312506,92157,3,1,0,0
2026-03-16,T-Shirt,199,1412,0,9.548589383250357,503,4.840281131883561,10691,3,1,0,1
2026-03-16,Sweater,147,1017,20,5.04840948146157,730,4.39715212548502,25185,3,1,0,0
2026-03-16,Jacket,189,1261,0,2.8826613349905728,435,3.819662636266443,17920,3,1,0,0
2026-03-16,Pants,82,511,0,3.6767137300867674,813,4.981040306803001,89604,3,1,0,0
2026-03-17,Dress,173,832,20,8.170510269784284,792,4.085418295982828,66666,3,1,1,0
2026-03-17,T-Shirt,172,593,40,3.3968108403817716,731,3.926745176083571,91027,3,1,1,0
2026-03-17,Sweater,171,638,20,9.229271682202855,649,3.920434926470586,18648,3,1,1,0
2026-03-17,Jacket,121,1419,10,9.2956847531638,299,4.156541057337067,24295,3,1,1,0
2026-03-17,Pants,62,923,0,9.997970298449758,914,4.006071268224718,34483,3,1,1,0
2026-03-18,Dress,81,1423,20,1.5839129628454462,265,4.318724632328468,93208,3,1,2,0
2026-03-18,T-Shirt,137,1278,30,5.869461005475223,619,4.917216281699208,93672,3,1,2,0
2026-03-18,Sweater,108,691,40,6.625119242044413,960,3.530871839425381,63399,3,1,2,0
2026-03-18,Jacket,136,1384,20,3.8918387442368916,442,4.603743045575868,40428,3,1,2,0
2026-03-18,Pants,178,1192,40,3.0755779232824487,705,4.716142202221458,97016,3,1,2,0
2026-03-19,Dress,62,1291,30,4.145346795016128,518,4.554119861733614,21609,3,1,3,0
2026-03-19,T-Shirt,127,1402,20,6.6919202464626135,544,4.440079884424268,74759,3,1,3,0
2026-03-19,Sweater,146,416,40,9.556746454380328,346,3.6590577212732183,31403,3,1,3,0
2026-03-19,Jacket,167,570,20,9.514140447415258,447,3.7125423758903477,97300,3,1,3,0
2026-03-19,Pants,102,256,0,5.005407549833788,899,3.688565816768707,56887,3,1,3,0
2026-03-20,Dress,111,1160,10,7.69638413620001,229,4.841146291983544,82557,3,1,4,0
2026-03-20,T-Shirt,172,1181,20,6.2924294651107395,726,4.115465892444292,38748,3,1,4,0
2026-03-20,Sweater,74,1226,0,7.035706853513737,898,4.103176078471936,88182,3,1,4,0
2026-03-20,Jacket,93,453,40,6.212769520669293,832,3.847521448135047,36322,3,1,4,0
2026-03-20,Pants,180,1398,10,3.0961410149396444,311,4.140762184509514,75223,3,1,4,0
2026-03-21,Dress,181,477,30,1.3819575321256714,183,4.336767237558669,58884,3,1,5,0
2026-03-21,T-Shirt,118,1345,10,3.0074407148982143,880,4.583968159371302,79660,3,1,5,0
2026-03-21,Sweater,109,1447,40,4.347365099795686,399,4.00765058634639,56175,3,1,5,0
2026-03-21,Jacket,86,1127,20,9.749232619942939,717,4.606214707848483,55809,3,1,5,0
2026-03-21,Pants,178,719,20,5.243203695632445,800,4.567418604271657,61804,3,1,5,0
2026-03-22,Dress,52,372,20,2.9671100795126977,372,4.990396048567565,35677,3,1,6,0
2026-03-22,T-Shirt,60,1109,30,9.924209153016225,550,4.675027100186367,15281,3,1,6,0
2026-03-22,Sweater,143,635,40,5.580061903596455,816,3.7711104598088325,89338,3,1,6,0
2026-03-22,Jacket,176,777,40,4.578094079102593,844,3.7948051061056236,10166,3,1,6,0
2026-03-22,Pants,176,876,30,4.413170077858611,145,4.324613475340866,50078,3,1,6,0
2026-03-23,Dress,180,1300,40,7.89291834205402,408,4.111412304826836,30048,3,1,0,0
2026-03-23,T-Shirt,97,1255,40,3.7262536131791113,130,4.734608774762522,55018,3,1,0,0
2026-03-23,Sweater,54,1459,0,6.28093353244506,807,4.543617634291624,29702,3,1,0,0
2026-03-23,Jacket,184,480,40,1.6044849334499958,712,4.255176041003054,99805,3,1,0,0
2026-03-23,Pants,179,621,20,1.5393738980700262,623,4.8713930092640565,41022,3,1,0,0
2026-03-24,Dress,75,507,40,3.1526780404472228,826,4.922789493866535,59029,3,1,1,0
2026-03-24,T-Shirt,131,334,20,2.773142916535174,561,3.592787272587676,76710,3,1,1,0
2026-03-24,Sweater,86,1346,20,6.178315662793406,350,4.183802557402902,30258,3,1,1,0
2026-03-24,Jacket,65,986,30,4.261862535204811,493,4.58276412463286,32228,3,1,1,0
2026-03-24,Pants,190,1364,40,7.603383785478688,262,3.7386814143079334,38062,3,1,1,0
2026-03-25,Dress,116,1246,40,2.731448631018248,401,4.938570007601369,93732,3,1,2,0
2026-03-25,T-Shirt,54,344,10,9.821262595270063,867,3.962038027702906,17776,3,1,2,0
2026-03-25,Sweater,165,657,10,5.807079829228079,179,4.588546542174711,66032,3,1,2,0
2026-03-25,Jacket,118,1080,30,7.616591651446116,785,4.631785514844934,75774,3,1,2,0
2026-03-25,Pants,68,1249,40,3.714776618050334,980,4.527767867270329,27134,3,1,2,0
2026-03-26,Dress,144,1450,40,7.8953542732281115,134,4.7410533670492825,30177,3,1,3,0
2026-03-26,T-Shirt,117,280,40,4.366571656465649,387,3.6008348524318965,63009,3,1,3,0
2026-03-26,Sweater,92,1024,40,3.6482536727961503,384,3.8961110559436256,9114,3,1,3,0
2026-03-26,Jacket,84,197,0,4.645757191637468,721,3.6197583970256004,48266,3,1,3,0
2026-03-26,Pants,137,457,20,7.614646164669504,120,4.717090568516617,86460,3,1,3,0
2026-03-27,Dress,55,380,10,6.333313127000157,316,4.0988007761774075,81639,3,1,4,0
2026-03-27,T-Shirt,155,902,10,5.703299839258669,803,4.736382082947512,74433,3,1,4,0
2026-03-27,Sweater,72,702,20,7.059682549177144,614,4.587052719373409,96095,3,1,4,0
2026-03-27,Jacket,124,647,20,3.692759555185529,548,4.408436504258543,24992,3,1,4,0
2026-03-27,Pants,143,1170,30,8.132938671638993,194,3.9435661553357733,72015,3,1,4,0
2026-03-28,Dress,177,172,10,6.421584863751008,516,4.426933281564876,73083,3,1,5,0
2026-03-28,T-Shirt,109,338,30,3.3319901597125017,680,4.013422764547991,9715,3,1,5,0
2026-03-28,Sweater,138,1194,20,5.328259083177876,954,4.146178202793151,64874,3,1,5,0
2026-03-28,Jacket,140,1091,0,4.492441278539414,615,4.83940762643084,88295,3,1,5,0
2026-03-28,Pants,78,196,40,7.219811678456487,642,3.505196613646297,14251,3,1,5,0
2026-03-29,Dress,144,337,20,1.7695176204355898,766,3.75941726280631,74069,3,1,6,0
2026-03-29,T-Shirt,94,644,20,2.4509376888372376,445,3.805545105663944,85212,3,1,6,0
2026-03-29,Sweater,58,1281,0,5.4899797171881435,857,4.599371448754258,66936,3,1,6,0
2026-03-29,Jacket,154,628,10,4.911490374271945,293,3.865031779877423,31065,3,1,6,0
2026-03-29,Pants,134,208,10,1.597425465514159,632,3.5685136078495296,67278,3,1,6,0
2026-03-30,Dress,115,698,40,4.6860522426409945,777,3.9894642227350445,54487,3,1,0,0
2026-03-30,T-Shirt,152,184,30,9.081957506605177,742,4.638820122816077,12111,3,1,0,0
2026-03-30,Sweater,144,460,0,1.0695262712803268,468,4.627232836056434,60326,3,1,0,0
2026-03-30,Jacket,108,1405,10,4.288519111001797,665,4.2531074109797355,71734,3,1,0,0
2026-03-30,Pants,91,1259,0,5.109408317852342,729,4.156585938181037,37996,3,1,0,0
2026-03-31,Dress,60,1134,40,3.0248327401643094,925,4.274410434168637,81763,3,1,1,0
2026-03-31,T-Shirt,142,711,10,5.803303360736544,482,4.821013104070098,71828,3,1,1,0
2026-03-31,Sweater,64,493,20,2.9216330319620685,304,4.835103437471756,42997,3,1,1,0
2026-03-31,Jacket,179,213,30,6.486003477277841,878,4.0168523441881625,16726,3,1,1,0
2026-03-31,Pants,125,469,40,4.681244088231835,399,4.211444753735172,6677,3,1,1,0
2026-04-01,Dress,132,583,0,8.882933654501127,984,4.453634501551279,55049,4,2,2,0
2026-04-01,T-Shirt,165,927,30,1.5013620612408172,912,4.3555322287268465,80705,4,2,2,0
2026-04-01,Sweater,168,170,0,4.882314694642045,814,4.382063006815142,15589,4,2,2,0
2026-04-01,Jacket,181,695,40,3.8715863969768947,935,3.7748837970335933,83743,4,2,2,0
2026-04-01,Pants,82,1048,30,2.8336090698980034,660,4.088753018405327,76249,4,2,2,0
2026-04-02,Dress,193,373,0,2.8711736576179567,619,3.811573282587037,23440,4,2,3,0
2026-04-02,T-Shirt,89,328,0,3.9008861057905797,472,4.13162770150793,27169,4,2,3,0
2026-04-02,Sweater,52,513,10,9.608300391750534,550,4.227780404313274,13985,4,2,3,0
2026-04-02,Jacket,179,1111,10,2.712040267747718,486,4.297953441168775,59309,4,2,3,0
2026-04-02,Pants,82,526,20,5.61000751702785,497,4.703128616557962,20151,4,2,3,0
2026-04-03,Dress,167,570,20,5.578149949189563,600,3.9093071761028173,42236,4,2,4,0
2026-04-03,T-Shirt,92,1192,20,8.25298505015573,724,4.62494408258004,77838,4,2,4,0
2026-04-03,Sweater,166,610,20,3.42386345223356,427,3.7050324795858245,22171,4,2,4,0
2026-04-03,Jacket,60,805,40,9.706837888747124,957,4.0999270023132475,75052,4,2,4,0
2026-04-03,Pants,101,286,20,6.233642508896909,589,3.763051703810566,51104,4,2,4,0
2026-04-04,Dress,125,755,40,6.804734365546222,442,4.092568128454502,50024,4,2,5,0
2026-04-04,T-Shirt,173,226,20,4.858085042308682,554,4.575922425838575,36309,4,2,5,0
2026-04-04,Sweater,113,537,40,2.1607015946647063,414,4.643014910716492,76972,4,2,5,0
2026-04-04,Jacket,173,988,40,1.418860356084766,609,4.528410293621229,7752,4,2,5,0
2026-04-04,Pants,139,987,20,5.96938437592333,537,4.181603688408052,40501,4,2,5,0
2026-04-05,Dress,59,1260,40,9.691539610706094,377,3.8870288940871496,89306,4,2,6,0
2026-04-05,T-Shirt,121,523,30,4.523479644567399,337,4.413035193800532,43300,4,2,6,0
2026-04-05,Sweater,55,986,10,5.8768740771139125,296,3.739139310332453,68578,4,2,6,0
2026-04-05,Jacket,86,640,10,1.1673285276073004,482,3.680033020555229,14369,4,2,6,0
2026-04-05,Pants,65,1067,20,4.825419344223812,122,3.9103573603329114,45937,4,2,6,0
2026-04-06,Dress,101,388,10,7.976901855107541,226,3.635824534225628,76341,4,2,0,0
2026-04-06,T-Shirt,193,631,20,1.113409910023937,750,4.09999189521425,68228,4,2,0,0
2026-04-06,Sweater,138,463,20,2.161480478584655,221,4.2879936984023095,11603,4,2,0,0
2026-04-06,Jacket,148,731,40,6.334936477687201,347,3.733835656182709,94314,4,2,0,0
2026-04-06,Pants,163,1183,0,8.24331214880414,168,4.668235174003717,78204,4,2,0,0
2026-04-07,Dress,94,784,20,1.818637468715952,951,4.958510564893524,69560,4,2,1,0
2026-04-07,T-Shirt,145,270,0,4.4780353700891045,725,4.93949384207367,6066,4,2,1,0
2026-04-07,Sweater,145,176,30,4.693744858838761,586,4.278249013772388,27594,4,2,1,0
2026-04-07,Jacket,74,1365,0,2.604693527521803,450,4.991108207073987,88472,4,2,1,0
2026-04-07,Pants,144,1305,40,6.838533131278409,404,3.6781333763996633,90161,4,2,1,0
2026-04-08,Dress,81,1060,10,9.661345788730436,981,3.7398940995192813,19057,4,2,2,0
2026-04-08,T-Shirt,100,298,20,9.834839886594402,467,4.899453611735124,19058,4,2,2,0
2026-04-08,Sweater,155,805,30,9.588319711712774,462,3.610491608025589,33695,4,2,2,0
2026-04-08,Jacket,77,270,10,7.525517502450646,723,3.6501174705672206,7078,4,2,2,0
2026-04-08,Pants,192,1400,10,2.7042800290784688,991,4.662485974242362,80532,4,2,2,0
2026-04-09,Dress,81,1164,20,8.829558495247772,105,4.830953158633265,72517,4,2,3,0
2026-04-09,T-Shirt,199,1497,10,2.79862533177007,684,3.7313011568139816,42363,4,2,3,1
2026-04-09,Sweater,117,965,10,7.604188812196847,592,4.646365273111472,72573,4,2,3,0
2026-04-09,Jacket,100,929,0,5.698062928130491,305,4.1161167017530875,94583,4,2,3,0
2026-04-09,Pants,199,1401,30,7.855632119912662,395,3.79839262049792,66726,4,2,3,1
2026-04-10,Dress,75,601,10,4.644362979463846,517,4.730963820947434,42929,4,2,4,0
2026-04-10,T-Shirt,182,184,30,6.87201925339121,612,4.34484996311526,97907,4,2,4,0
2026-04-10,Sweater,152,1108,0,4.4084527058874245,304,4.186350685358452,39838,4,2,4,0
2026-04-10,Jacket,146,188,40,2.7100836534812704,512,3.7887746250301353,63035,4,2,4,0
2026-04-10,Pants,152,358,40,4.898967716600605,771,4.367124875547137,90130,4,2,4,0
2026-04-11,Dress,194,821,20,8.513443882076862,416,3.604341775229622,80455,4,2,5,0
2026-04-11,T-Shirt,140,1215,0,1.4251264632074245,436,4.336609610496668,48935,4,2,5,0
2026-04-11,Sweater,174,1237,10,4.360474940926077,689,4.2583916025362685,82015,4,2,5,0
2026-04-11,Jacket,65,1114,40,5.296253742646258,178,4.225860977198447,58886,4,2,5,0
2026-04-11,Pants,72,1211,40,2.0151330978410233,211,4.295353539088837,79842,4,2,5,0
2026-04-12,Dress,147,1222,0,3.450087478171576,809,4.11840878371157,15603,4,2,6,0
2026-04-12,T-Shirt,170,624,10,8.34592739077912,688,4.024693446191642,39288,4,2,6,0
2026-04-12,Sweater,136,1055,20,1.833727318190254,232,4.299705083068066,91641,4,2,6,0
2026-04-12,Jacket,58,831,0,8.107585869880104,410,4.55386485494633,31511,4,2,6,0
2026-04-12,Pants,136,579,30,3.168870305916651,655,4.382269909931792,25764,4,2,6,0
2026-04-13,Dress,175,1433,20,6.506515491392628,299,3.5540616128978013,89103,4,2,0,0
2026-04-13,T-Shirt,171,1097,30,7.784649757514494,766,4.687777794132696,54031,4,2,0,0
2026-04-13,Sweater,135,537,30,1.862144955258625,498,4.922915254686415,54364,4,2,0,0
2026-04-13,Jacket,97,707,20,2.5545793685297014,743,4.13937066643474,26432,4,2,0,0
2026-04-13,Pants,68,624,10,9.805908015901354,147,4.802808242855447,98977,4,2,0,0
2026-04-14,Dress,123,877,40,8.600259407624627,442,4.747581688239778,89905,4,2,1,0
2026-04-14,T-Shirt,122,1229,20,6.307162192616355,809,4.570290549056896,30940,4,2,1,0
2026-04-14,Sweater,132,878,30,9.215570430602702,356,3.567260655259869,51280,4,2,1,0
2026-04-14,Jacket,186,714,10,6.206025187024977,944,4.881298929624732,7074,4,2,1,0
2026-04-14,Pants,195,167,0,8.072321222702243,925,4.295953373558684,70658,4,2,1,0
2026-04-15,Dress,131,1140,0,4.067914422765143,138,4.582632504838987,34097,4,2,2,0
2026-04-15,T-Shirt,108,763,40,3.4433591213720125,256,4.157703702942392,93015,4,2,2,0
2026-04-15,Sweater,151,1004,20,9.114970732090821,431,3.6607286938087484,58034,4,2,2,0
2026-04-15,Jacket,185,1199,20,4.691241871492974,700,4.971326691192502,65631,4,2,2,0
2026-04-15,Pants,52,603,20,6.908773925693675,788,4.346035690403273,78687,4,2,2,0
2026-04-16,Dress,104,260,10,8.243730239191443,967,4.022338052692304,18761,4,2,3,0
2026-04-16,T-Shirt,89,241,0,2.7288745308388362,436,3.8198064241414236,54754,4,2,3,0
2026-04-16,Sweater,56,269,20,8.547095272940933,790,3.644366186236357,42930,4,2,3,0
2026-04-16,Jacket,102,1408,20,6.819243841848991,612,3.7085512382275665,60508,4,2,3,0
2026-04-16,Pants,171,695,10,2.323773930433482,267,3.9469106880935585,53809,4,2,3,0
2026-04-17,Dress,131,977,0,4.706648130990904,351,4.3329673359305865,59320,4,2,4,0
2026-04-17,T-Shirt,53,837,30,1.0875328761807495,125,3.5748032634599616,53390,4,2,4,0
2026-04-17,Sweater,79,1294,10,7.318923218072891,599,4.464640337328496,61148,4,2,4,0
2026-04-17,Jacket,182,1119,20,4.408090223196884,699,4.8563994627288025,71313,4,2,4,0
2026-04-17,Pants,103,219,40,8.326873062705124,142,4.310829677422738,91030,4,2,4,0
2026-04-18,Dress,115,1060,20,9.959022978354863,789,4.789198666955849,33028,4,2,5,0
2026-04-18,T-Shirt,194,269,10,5.518813031344314,163,4.955961870124832,82782,4,2,5,0
2026-04-18,Sweater,86,1389,10,6.757785854400384,639,4.651428684239895,82616,4,2,5,0
2026-04-18,Jacket,116,1299,30,7.2300351557161555,785,3.8736449778208275,19134,4,2,5,0
2026-04-18,Pants,188,633,10,2.130768793986368,309,4.400766083636222,30577,4,2,5,0
2026-04-19,Dress,177,1153,20,6.873666724677014,159,4.031880038660605,93231,4,2,6,0
2026-04-19,T-Shirt,146,1364,10,7.780061986729922,515,4.912446379250033,69263,4,2,6,0
2026-04-19,Sweater,52,750,40,9.306241691978926,449,4.524796776027496,13144,4,2,6,0
2026-04-19,Jacket,108,301,30,2.6626396752143067,662,4.788753429669731,79285,4,2,6,0
2026-04-19,Pants,127,767,30,3.317626016205433,467,4.154403920063884,72918,4,2,6,0
2026-04-20,Dress,52,1157,10,5.261125171777921,819,4.726152903850826,37907,4,2,0,0
2026-04-20,T-Shirt,73,1462,20,8.158448567103562,104,4.979633167371336,19150,4,2,0,0
2026-04-20,Sweater,138,1315,30,7.1666157178584555,646,4.6554188782650705,5983,4,2,0,0
2026-04-20,Jacket,128,160,20,2.593475232850171,480,4.872755539691035,71311,4,2,0,0
2026-04-20,Pants,128,1035,30,5.316770160773862,685,4.81063068799067,54547,4,2,0,0
2026-04-21,Dress,169,570,30,2.8235413062655907,930,4.111626311911011,41956,4,2,1,0
2026-04-21,T-Shirt,112,415,40,5.781003254937339,189,4.096597935955531,87293,4,2,1,0
2026-04-21,Sweater,67,243,40,6.467466679586923,120,4.073995277753562,93796,4,2,1,0
2026-04-21,Jacket,78,207,0,3.17334732586726,122,4.340455133121819,40902,4,2,1,0
2026-04-21,Pants,101,927,20,6.555644438122783,683,4.1360091543536015,73879,4,2,1,0
2026-04-22,Dress,144,382,40,1.5910080978958678,688,3.996710358387847,93935,4,2,2,0
2026-04-22,T-Shirt,130,763,40,1.3040933989106738,350,4.272780438308924,8157,4,2,2,0
2026-04-22,Sweater,159,1390,30,3.4971129539914956,143,4.440835374361974,10209,4,2,2,0
2026-04-22,Jacket,158,208,10,4.847699391042282,874,4.425005050170801,92071,4,2,2,0
2026-04-22,Pants,138,1089,20,6.0751364554527765,671,3.78369400523856,96676,4,2,2,0
2026-04-23,Dress,124,506,40,9.340729942106515,957,3.9636557373379464,39064,4,2,3,0
2026-04-23,T-Shirt,84,1156,0,2.666365186089998,769,3.55420180972304,66951,4,2,3,0
2026-04-23,Sweater,97,1358,20,9.032366823018567,626,4.345148007514318,22007,4,2,3,0
2026-04-23,Jacket,63,1315,40,7.67599220164155,546,3.6506840346702623,70546,4,2,3,0
2026-04-23,Pants,97,1327,20,2.6008357018080526,544,4.437455057536015,32033,4,2,3,0
2026-04-24,Dress,139,654,0,3.435832118962187,558,3.645603992232405,94537,4,2,4,0
2026-04-24,T-Shirt,107,972,40,7.923251621404257,816,4.153761655478018,36611,4,2,4,0
2026-04-24,Sweater,183,1199,0,2.177392836386636,930,3.914107868548795,91988,4,2,4,0
2026-04-24,Jacket,155,778,10,7.1821898081489195,554,4.974279870143093,74790,4,2,4,0
2026-04-24,Pants,193,456,0,4.3337255772646675,972,3.9710318758750858,62158,4,2,4,0
2026-04-25,Dress,139,1425,10,6.46695169554066,466,3.9079356723654928,75412,4,2,5,0
2026-04-25,T-Shirt,167,853,40,1.9812084464754383,450,4.4478477069325475,72560,4,2,5,0
2026-04-25,Sweater,185,592,0,8.465529466362565,997,3.7093319068453465,15149,4,2,5,0
2026-04-25,Jacket,52,835,0,5.206940194934855,466,4.595750251837403,86335,4,2,5,0
2026-04-25,Pants,52,582,40,2.0912744091915156,130,3.7967520758328237,85399,4,2,5,0
2026-04-26,Dress,66,1013,0,8.562966513969862,171,4.7132016592031825,23839,4,2,6,0
2026-04-26,T-Shirt,140,979,40,5.29795589857454,390,4.416306412949925,44025,4,2,6,0
2026-04-26,Sweater,143,409,20,9.633147261854278,434,4.605903035379628,33942,4,2,6,0
2026-04-26,Jacket,189,603,10,8.54107007228842,537,3.555569229796026,20515,4,2,6,0
2026-04-26,Pants,128,281,0,2.472602435702039,239,3.6923723084675975,67206,4,2,6,0
2026-04-27,Dress,93,919,30,1.3675639865498952,264,3.950386643132801,98099,4,2,0,0
2026-04-27,T-Shirt,157,380,40,4.00062278981272,179,3.763761058067349,64235,4,2,0,0
2026-04-27,Sweater,107,1334,20,2.4264039086405074,220,3.768785494327274,9480,4,2,0,0
2026-04-27,Jacket,97,1340,40,4.722621423497119,849,4.301367083980839,39262,4,2,0,0
2026-04-27,Pants,61,202,40,7.395392722075764,955,4.122168354770462,69314,4,2,0,0
2026-04-28,Dress,108,1324,20,7.284423087529377,157,3.80779277675635,16837,4,2,1,0
2026-04-28,T-Shirt,195,900,40,7.932888406294105,706,4.498734146083389,70165,4,2,1,0
2026-04-28,Sweater,154,1434,30,8.39265230275471,418,4.051090488844298,70322,4,2,1,0
2026-04-28,Jacket,134,755,10,5.0768157782633345,552,4.562946046956475,94964,4,2,1,0
2026-04-28,Pants,164,572,40,6.72296291421587,990,4.2618999007580936,90930,4,2,1,0
2026-04-29,Dress,59,1262,40,8.012860662414056,110,4.0271926886489995,85928,4,2,2,0
2026-04-29,T-Shirt,108,607,20,4.352356292536978,142,4.828489015451497,21504,4,2,2,0
2026-04-29,Sweater,162,465,20,3.4562696266390054,553,4.317572594526709,67051,4,2,2,0
2026-04-29,Jacket,57,1108,0,8.426132625997251,436,3.9527469468117253,51465,4,2,2,0
2026-04-29,Pants,194,526,30,4.880471438213215,427,4.19240482515698,94727,4,2,2,0
2026-04-30,Dress,54,752,40,8.388112044863968,193,4.805530998958474,60251,4,2,3,0
2026-04-30,T-Shirt,161,1437,0,3.4020167153460648,477,4.839123506780528,57606,4,2,3,0
2026-04-30,Sweater,162,969,0,3.42554206410814,603,4.003690006485462,31948,4,2,3,0
2026-04-30,Jacket,181,977,10,9.226000333083501,113,4.741760743991605,66055,4,2,3,0
2026-04-30,Pants,75,440,10,1.9566537444967729,514,4.0852997895449095,16969,4,2,3,0
2026-05-01,Dress,198,188,20,3.6122413956636517,691,3.9399912549361376,14029,5,2,4,0
2026-05-01,T-Shirt,213,683,40,9.873134444111177,849,4.700506081723594,52859,5,2,4,1
2026-05-01,Sweater,60,414,30,3.501345808386228,230,4.496543054714126,70924,5,2,4,0
2026-05-01,Jacket,103,173,20,4.18668446522008,772,3.694376805687144,57408,5,2,4,0
2026-05-01,Pants,170,870,30,9.715733764260563,775,3.613553204237293,73657,5,2,4,0
2026-05-02,Dress,324,1384,40,6.4326523811454175,382,4.35344470388794,59569,5,2,5,1
2026-05-02,T-Shirt,304,629,0,2.7804429064420613,165,3.69112327820233,29265,5,2,5,1
2026-05-02,Sweater,58,581,0,7.138080986484043,955,4.231704483303222,45314,5,2,5,0
2026-05-02,Jacket,123,1276,10,9.547169433125767,608,3.607831837107684,61210,5,2,5,0
2026-05-02,Pants,136,730,30,6.55958094719167,617,4.610492727133038,54411,5,2,5,0
2026-05-03,Dress,314,1477,30,8.861277281745469,818,3.534231095022271,81629,5,2,6,1
2026-05-03,T-Shirt,328,1229,0,6.028416573350694,275,4.55093339707917,85020,5,2,6,1
2026-05-03,Sweater,74,494,0,8.461728910990338,129,4.806794655827611,30557,5,2,6,0
2026-05-03,Jacket,152,1335,0,6.837313416966535,320,4.299623991012203,99302,5,2,6,0
2026-05-03,Pants,144,924,30,4.363744975717923,878,3.584341145173192,38388,5,2,6,0
2026-05-04,Dress,288,1221,40,4.390076327461609,132,4.071081321853213,77954,5,2,0,1
2026-05-04,T-Shirt,265,1226,20,7.7329230878525355,391,4.180774665569619,46450,5,2,0,1
2026-05-04,Sweater,150,783,40,5.451083831886824,414,3.889058800286294,91619,5,2,0,0
2026-05-04,Jacket,154,1215,40,1.4470183531072838,590,4.340223979923518,12769,5,2,0,0
2026-05-04,Pants,165,1323,0,5.521976133172496,219,4.6155128543209765,93180,5,2,0,0
2026-05-05,Dress,337,411,10,4.012691202615928,137,4.5689569271473705,66039,5,2,1,1
2026-05-05,T-Shirt,309,1023,10,5.831796403759262,564,4.873688234820481,57557,5,2,1,1
2026-05-05,Sweater,169,228,30,7.542697100149359,296,3.7874738384479913,7642,5,2,1,0
2026-05-05,Jacket,75,1062,20,9.695046902434793,636,4.374470303444773,79955,5,2,1,0
2026-05-05,Pants,161,351,10,1.7024856220486333,301,4.273345917082243,12872,5,2,1,0
2026-05-06,Dress,241,902,0,6.278209948364925,321,4.390008410757206,56970,5,2,2,1
2026-05-06,T-Shirt,242,983,30,4.281989551480084,110,4.165252073825062,90401,5,2,2,1
2026-05-06,Sweater,91,272,40,1.2596340715510417,703,3.6551874255574295,33477,5,2,2,0
2026-05-06,Jacket,61,1155,20,8.060146418778118,805,4.912464106606092,72294,5,2,2,0
2026-05-06,Pants,156,1308,10,2.0560843576332033,881,4.5400733662917165,50181,5,2,2,0
2026-05-07,Dress,304,1132,30,3.869185672396624,539,3.878378076360803,13707,5,2,3,1
2026-05-07,T-Shirt,183,465,30,6.736187420815536,413,4.63354414994982,80276,5,2,3,0
2026-05-07,Sweater,88,1257,40,9.577005384696143,357,4.681824132553168,40357,5,2,3,0
2026-05-07,Jacket,177,701,40,8.572325817241587,191,4.612546064569518,76451,5,2,3,0
2026-05-07,Pants,166,397,0,4.497517548037367,534,4.129281783728,68565,5,2,3,0
2026-05-08,Dress,210,1187,40,8.678589475056427,344,3.8040748947660314,12775,5,2,4,1
2026-05-08,T-Shirt,279,1234,40,4.313401663265091,694,4.624618798167969,62201,5,2,4,1
2026-05-08,Sweater,103,1097,40,9.370437972773757,890,4.633663608698498,39016,5,2,4,0
2026-05-08,Jacket,60,1080,20,6.3099576222587395,658,4.343705920293016,16783,5,2,4,0
2026-05-08,Pants,126,575,20,9.298086584407992,784,3.8121277857218976,81691,5,2,4,0
2026-05-09,Dress,209,204,0,3.791796756527541,755,3.7492863794232676,52417,5,2,5,1
2026-05-09,T-Shirt,284,1389,0,9.05910200411456,217,4.373684195704358,57812,5,2,5,1
2026-05-09,Sweater,171,986,10,6.683902942559896,275,4.441304734918064,13152,5,2,5,0
2026-05-09,Jacket,152,1459,0,2.933124384004039,574,4.255937956527018,39726,5,2,5,0
2026-05-09,Pants,73,1210,40,6.1054963425807145,448,4.810569027358833,8820,5,2,5,0
2026-05-10,Dress,258,719,30,8.758650418751035,405,3.6473978087199805,93478,5,2,6,1
2026-05-10,T-Shirt,298,803,0,6.4058023096319605,579,3.7152794962133844,10905,5,2,6,1
2026-05-10,Sweater,128,336,10,7.425232675322553,263,4.400919465365777,54253,5,2,6,0
2026-05-10,Jacket,60,1326,40,2.9771886288653358,677,3.5308799500058625,87455,5,2,6,0
2026-05-10,Pants,126,910,10,5.749564899184004,539,4.766070448051797,35550,5,2,6,0
2026-05-11,Dress,298,817,40,2.9582534248116037,370,3.8968386919933775,69194,5,2,0,1
2026-05-11,T-Shirt,297,247,0,4.611815449693758,524,4.870734543192894,42892,5,2,0,1
2026-05-11,Sweater,77,742,10,9.609715121298516,392,4.837734181426674,74828,5,2,0,0
2026-05-11,Jacket,132,176,40,4.651567236898016,189,3.694596129088322,69889,5,2,0,0
2026-05-11,Pants,108,1400,20,4.415471498022525,359,4.765435682884461,29406,5,2,0,0
2026-05-12,Dress,302,1090,30,9.720576897879635,377,4.590323084477896,75003,5,2,1,1
2026-05-12,T-Shirt,250,272,0,5.432065343758583,836,3.840872136775932,95629,5,2,1,1
2026-05-12,Sweater,58,895,30,1.2180010457632333,239,3.81216256849555,87617,5,2,1,0
2026-05-12,Jacket,186,538,10,1.2026509846329139,612,3.516569540084973,22750,5,2,1,0
2026-05-12,Pants,87,382,30,7.073826453132937,360,4.0712538202742135,47089,5,2,1,0
2026-05-13,Dress,263,1211,30,7.008167110150916,821,4.470552536850631,27664,5,2,2,1
2026-05-13,T-Shirt,252,1122,20,6.76256830817107,354,4.714981812525635,52037,5,2,2,1
2026-05-13,Sweater,65,740,40,2.697336986455036,763,3.994024271116773,19214,5,2,2,0
2026-05-13,Jacket,136,749,40,5.0754502423128285,462,4.137745616982975,19947,5,2,2,0
2026-05-13,Pants,164,871,10,7.6136968522754,880,4.697228610965673,70101,5,2,2,0
2026-05-14,Dress,290,930,10,3.1813881368433043,341,3.5960117787939674,33283,5,2,3,1
2026-05-14,T-Shirt,257,1115,10,6.134369989214651,245,3.9854194516271844,21036,5,2,3,1
2026-05-14,Sweater,120,350,20,4.185674712480017,867,4.621461373374098,83743,5,2,3,0
2026-05-14,Jacket,58,1313,30,2.41024000467263,970,4.370037203475455,20893,5,2,3,0
2026-05-14,Pants,194,310,0,2.7046493182639457,498,3.710544097079151,54696,5,2,3,0
2026-05-15,Dress,170,1106,30,3.5714015724884476,181,4.205179649099703,85391,5,2,4,0
2026-05-15,T-Shirt,325,267,30,3.0165099674137905,848,4.263129638939221,84380,5,2,4,1
2026-05-15,Sweater,183,528,40,3.5135077410864293,216,3.9237588519116673,97125,5,2,4,0
2026-05-15,Jacket,199,1490,30,3.5218258042502795,487,3.8415024508241453,98945,5,2,4,1
2026-05-15,Pants,177,545,0,8.452163669868384,739,3.8086557829315573,40539,5,2,4,0
2026-05-16,Dress,298,241,10,2.53845035322019,274,4.191305307850722,98870,5,2,5,1
2026-05-16,T-Shirt,197,577,20,2.43157456556365,667,4.8059353451169695,73916,5,2,5,0
2026-05-16,Sweater,150,977,0,9.152435639681203,205,4.558740342923166,50969,5,2,5,0
2026-05-16,Jacket,60,1452,20,2.587925488782062,960,3.655269903525024,17521,5,2,5,0
2026-05-16,Pants,122,1080,0,3.7483195980283073,858,4.348097727720447,82487,5,2,5,0
2026-05-17,Dress,229,1072,40,1.2720726247707925,162,4.916275304278522,39343,5,2,6,1
2026-05-17,T-Shirt,363,717,30,9.452912439609628,314,4.849704076867466,43394,5,2,6,1
2026-05-17,Sweater,98,648,20,4.890392873181263,863,4.9027200593755556,82510,5,2,6,0
2026-05-17,Jacket,188,198,20,6.461479384788207,779,3.889211943448953,97206,5,2,6,0
2026-05-17,Pants,52,1075,20,4.098161248470558,324,4.518393154490564,66485,5,2,6,0
2026-05-18,Dress,187,782,30,5.8920453072502275,432,3.650699317262751,46466,5,2,0,0
2026-05-18,T-Shirt,292,785,0,6.998470668138714,370,4.285102503030101,54264,5,2,0,1
2026-05-18,Sweater,65,365,20,7.811603165169858,863,3.9428449660574523,53225,5,2,0,0
2026-05-18,Jacket,109,379,20,8.563701533567306,923,4.121678278759869,33879,5,2,0,0
2026-05-18,Pants,81,1254,10,4.508254276217269,390,4.803213607447175,88222,5,2,0,0
2026-05-19,Dress,347,915,40,4.514634755007743,761,3.89579731405988,15545,5,2,1,1
2026-05-19,T-Shirt,259,1466,20,5.354139097490623,838,4.994297074378542,90875,5,2,1,1
2026-05-19,Sweater,107,656,10,7.821954979981037,411,4.943087672041457,38012,5,2,1,0
2026-05-19,Jacket,152,585,10,4.772797389009543,671,4.939096598637873,76507,5,2,1,0
2026-05-19,Pants,177,923,10,7.36480785654129,141,4.040647531520756,57030,5,2,1,0
2026-05-20,Dress,242,228,20,6.883354943215396,213,3.708036349125957,83444,5,2,2,1
2026-05-20,T-Shirt,292,1448,40,2.888702204360855,308,3.8614573023576777,43481,5,2,2,1
2026-05-20,Sweater,145,898,30,9.11817369540589,998,4.503756641172524,72621,5,2,2,0
2026-05-20,Jacket,167,539,0,1.359336260000355,475,3.90247353556286,56946,5,2,2,0
2026-05-20,Pants,91,607,10,5.288343707572432,840,4.559725982213571,23757,5,2,2,0
2026-05-21,Dress,304,1333,30,6.392483860304498,353,4.027212817261679,90841,5,2,3,1
2026-05-21,T-Shirt,239,731,20,9.751660252392856,320,4.050965672188195,96983,5,2,3,1
2026-05-21,Sweater,97,412,20,9.938585963129391,783,4.544282268909174,66097,5,2,3,0
2026-05-21,Jacket,93,704,40,1.3193506463112774,549,4.844726740521757,18576,5,2,3,0
2026-05-21,Pants,60,1253,40,9.1857466668291,729,4.132743203862191,6268,5,2,3,0
2026-05-22,Dress,299,264,0,7.855736472359967,452,3.965593790426778,23972,5,2,4,1
2026-05-22,T-Shirt,269,375,30,7.0756376298222845,933,4.706537767004498,73155,5,2,4,1
2026-05-22,Sweater,166,1497,40,2.779676207210364,240,3.63425096134326,40219,5,2,4,0
2026-05-22,Jacket,197,750,20,3.017097120344645,332,4.190147386932377,83946,5,2,4,0
2026-05-22,Pants,162,1454,40,8.921549625766808,449,4.12785373338317,39712,5,2,4,0
2026-05-23,Dress,170,801,20,8.20306366906458,622,3.9866191519462446,82621,5,2,5,0
2026-05-23,T-Shirt,317,905,30,6.199349509139074,396,3.5939854503959947,33855,5,2,5,1
2026-05-23,Sweater,81,432,30,7.077891784144556,618,4.151402241595506,53087,5,2,5,0
2026-05-23,Jacket,161,807,30,2.969059339246243,804,4.9372261216398226,20730,5,2,5,0
2026-05-23,Pants,135,1276,10,8.212975252025558,447,3.9290265542454588,72557,5,2,5,0
2026-05-24,Dress,294,1404,0,9.038366369673323,924,3.899168174299885,14948,5,2,6,1
2026-05-24,T-Shirt,290,891,20,8.750491864346653,567,4.373712601331159,38532,5,2,6,1
2026-05-24,Sweater,190,1050,20,5.675253551733931,992,4.046142287816026,95298,5,2,6,0
2026-05-24,Jacket,195,1155,20,2.4025508632370656,925,3.9136046796317103,67041,5,2,6,0
2026-05-24,Pants,98,1431,40,3.268512356896421,874,3.956437787772259,16631,5,2,6,0
2026-05-25,Dress,232,1387,20,3.9157023954748613,218,4.406639627527403,40080,5,2,0,1
2026-05-25,T-Shirt,277,1362,20,9.900824203147378,598,3.994629638431648,39118,5,2,0,1
2026-05-25,Sweater,119,1198,30,9.754227350886964,318,4.480444148475973,59139,5,2,0,0
2026-05-25,Jacket,89,746,10,9.869988652955652,901,3.5981955819530316,12664,5,2,0,0
2026-05-25,Pants,199,387,30,9.817210930519341,560,4.636121418363385,47667,5,2,0,1
2026-05-26,Dress,190,1458,0,2.0255105231246113,158,3.6361696405320285,22926,5,2,1,0
2026-05-26,T-Shirt,267,1102,20,1.4746827691588364,382,4.825228613503285,45508,5,2,1,1
2026-05-26,Sweater,110,1388,40,6.882796514904088,320,3.580450311536672,6882,5,2,1,0
2026-05-26,Jacket,93,377,40,9.16549974934495,700,4.5907702219189686,88943,5,2,1,0
2026-05-26,Pants,160,446,0,1.7740350796125606,314,3.8867135727007893,68338,5,2,1,0
2026-05-27,Dress,291,951,40,3.676579958419512,952,4.397563082442462,97045,5,2,2,1
2026-05-27,T-Shirt,280,644,40,5.916825077542737,681,4.218233831796205,69028,5,2,2,1
2026-05-27,Sweater,110,1045,0,8.112882209317792,398,4.102887431463926,23245,5,2,2,0
2026-05-27,Jacket,104,865,40,3.965930967143636,510,4.973122851613157,21626,5,2,2,0
2026-05-27,Pants,56,835,30,1.266756248584338,491,3.959997192972492,11087,5,2,2,0
2026-05-28,Dress,292,668,40,5.5074813965794185,382,4.909783938340796,38366,5,2,3,1
2026-05-28,T-Shirt,346,383,20,5.5789011936071375,656,4.506295031821422,80038,5,2,3,1
2026-05-28,Sweater,155,1467,0,5.66204007121528,127,3.96743419952531,47293,5,2,3,0
2026-05-28,Jacket,183,690,20,8.338076435239929,106,4.222790978579441,50964,5,2,3,0
2026-05-28,Pants,111,1259,40,3.3570976204006655,396,4.200326332449982,86523,5,2,3,0
2026-05-29,Dress,287,988,20,2.615512647619013,690,4.723024359890646,27939,5,2,4,1
2026-05-29,T-Shirt,288,1432,40,4.780673785506673,300,4.169986979871352,7812,5,2,4,1
2026-05-29,Sweater,95,380,10,4.814872690910181,814,4.98931679807413,24546,5,2,4,0
2026-05-29,Jacket,107,583,10,8.700666545431682,860,4.297860800826368,5888,5,2,4,0
2026-05-29,Pants,110,1408,20,9.990130311455067,386,4.405998393493162,23444,5,2,4,0
2026-05-30,Dress,241,1021,40,8.223147147655254,720,4.355850633886179,81638,5,2,5,1
2026-05-30,T-Shirt,285,353,40,3.0963250753040494,894,4.003379315282276,31269,5,2,5,1
2026-05-30,Sweater,143,655,10,2.4564886082759925,159,3.6028894584010343,84226,5,2,5,0
2026-05-30,Jacket,111,451,30,1.4511378908873453,871,3.5033488297161632,14033,5,2,5,0
2026-05-30,Pants,161,1274,20,1.9953681100206402,912,3.7517331411843866,10586,5,2,5,0
2026-05-31,Dress,180,1407,30,6.680891231639032,516,4.652648831386436,7883,5,2,6,0
2026-05-31,T-Shirt,184,393,20,2.353151133273072,202,4.414089074569585,17219,5,2,6,0
2026-05-31,Sweater,174,266,20,1.7150111226900548,469,4.580380465207726,59032,5,2,6,0
2026-05-31,Jacket,198,856,30,9.758379638307275,655,3.8353589053652914,9777,5,2,6,0
2026-05-31,Pants,143,885,10,2.58477362575085,581,4.879905600768867,88833,5,2,6,0
2026-06-01,Dress,195,1300,20,3.783326270794852,661,4.404861982092218,18982,6,2,0,0
2026-06-01,T-Shirt,219,331,40,4.538078129666631,843,3.634449017164893,67871,6,2,0,1
2026-06-01,Sweater,194,1319,10,2.8395965698834544,184,4.349280069219008,42939,6,2,0,0
2026-06-01,Jacket,85,256,20,7.83939890052544,470,4.505956762402498,9349,6,2,0,0
2026-06-01,Pants,198,729,0,4.356695914712892,129,3.881442371836549,86254,6,2,0,0
2026-06-02,Dress,197,1133,40,2.5222383399022643,973,4.937907216949303,17637,6,2,1,0
2026-06-02,T-Shirt,259,1028,0,5.479830451917112,397,3.962585684002076,20046,6,2,1,1
2026-06-02,Sweater,167,844,40,7.36006500027191,385,4.708056550590848,34512,6,2,1,0
2026-06-02,Jacket,79,1153,0,8.002572625533102,951,3.7214606417788385,71886,6,2,1,0
2026-06-02,Pants,117,972,20,8.928309691794146,172,3.5202792801558185,23150,6,2,1,0
2026-06-03,Dress,234,607,30,9.31452786133322,831,3.9029174598656913,78474,6,2,2,1
2026-06-03,T-Shirt,269,1155,10,2.9825755097205935,633,4.964127581232723,35832,6,2,2,1
2026-06-03,Sweater,73,432,30,6.63202389597605,667,3.712035864698156,66264,6,2,2,0
2026-06-03,Jacket,157,863,10,7.826956727245682,994,3.8058603261440522,26746,6,2,2,0
2026-06-03,Pants,147,1351,20,5.813452704161032,135,4.952299718694553,49638,6,2,2,0
2026-06-04,Dress,243,469,10,6.401373832662532,368,4.746505688566774,71175,6,2,3,1
2026-06-04,T-Shirt,196,1025,0,1.7620996376829063,493,4.730986655428339,34672,6,2,3,0
2026-06-04,Sweater,123,1468,30,4.549483897674766,783,3.9855821786588277,30150,6,2,3,0
2026-06-04,Jacket,142,1474,40,9.108410459763526,510,4.0915252593663975,80302,6,2,3,0
2026-06-04,Pants,102,624,30,8.858124007320825,799,3.847180268485575,42320,6,2,3,0
2026-06-05,Dress,289,1202,20,1.3305642359016598,517,4.654108101364574,6837,6,2,4,1
2026-06-05,T-Shirt,134,1475,20,8.97789528622263,849,4.23092352675316,11859,6,2,4,0
2026-06-05,Sweater,102,635,20,3.663936839491558,988,3.686851321631923,28054,6,2,4,0
2026-06-05,Jacket,50,1012,0,3.567874251592336,843,4.614855879168626,41539,6,2,4,0
2026-06-05,Pants,67,1398,0,4.478951662524446,797,3.6572393406809978,72955,6,2,4,0
2026-06-06,Dress,211,835,40,4.837110952293948,918,4.461667664704519,88892,6,2,5,1
2026-06-06,T-Shirt,291,947,20,8.216818238841928,311,3.7850356888889802,54092,6,2,5,1
2026-06-06,Sweater,134,197,20,1.075478336563936,188,4.997577320012162,19387,6,2,5,0
2026-06-06,Jacket,71,571,20,9.185999821978072,230,3.6872834797672107,36848,6,2,5,0
2026-06-06,Pants,180,485,40,4.175737685895978,995,3.831472584999771,57235,6,2,5,0
2026-06-07,Dress,251,830,40,3.30298492564776,227,3.868746902434957,39961,6,2,6,1
2026-06-07,T-Shirt,294,648,30,8.843353151109515,502,4.773928748233283,53978,6,2,6,1
2026-06-07,Sweater,97,690,20,5.193649824641481,658,4.184099313900375,52791,6,2,6,0
2026-06-07,Jacket,197,378,20,6.173142821076727,850,3.9766615625400368,27203,6,2,6,0
2026-06-07,Pants,117,1382,20,8.693821223049483,698,3.572421530283053,37158,6,2,6,0
2026-06-08,Dress,225,1186,30,4.323925170111838,877,3.598734526907216,74299,6,2,0,1
2026-06-08,T-Shirt,281,567,30,8.349475162192448,414,4.071844998364397,78484,6,2,0,1
2026-06-08,Sweater,82,843,40,1.1497067542879105,164,4.679374742373092,52950,6,2,0,0
2026-06-08,Jacket,65,588,10,9.675471402852882,558,4.879883100245905,40383,6,2,0,0
2026-06-08,Pants,142,646,0,6.496367160967628,633,4.765346438211964,89901,6,2,0,0
2026-06-09,Dress,323,989,30,7.8566587851600875,835,4.031254517780386,51889,6,2,1,1
2026-06-09,T-Shirt,252,589,20,5.317868720154236,407,4.052225348713063,95520,6,2,1,1
2026-06-09,Sweater,161,975,20,1.0009920862164021,741,3.5508099840017344,11813,6,2,1,0
2026-06-09,Jacket,59,470,30,4.900606461663148,516,3.844299326258241,9943,6,2,1,0
2026-06-09,Pants,182,202,40,9.236275692659085,205,4.388300270012771,38227,6,2,1,0
2026-06-10,Dress,364,269,0,3.518088275392366,417,3.8891986558414,21134,6,2,2,1
2026-06-10,T-Shirt,255,543,0,6.508984684657033,897,3.57787320606827,64405,6,2,2,1
2026-06-10,Sweater,126,558,40,8.398292921581284,319,4.438115377998511,10773,6,2,2,0
2026-06-10,Jacket,89,1313,30,9.81516678078144,740,4.523423606903165,18841,6,2,2,0
2026-06-10,Pants,113,1269,30,5.941476458719021,515,4.944736285375912,96822,6,2,2,0
2026-06-11,Dress,309,691,40,6.153605408709236,713,3.884837759373427,82641,6,2,3,1
2026-06-11,T-Shirt,205,250,0,9.666621425635544,417,4.190804932755464,52612,6,2,3,1
2026-06-11,Sweater,136,784,0,5.847792440247209,235,4.927440838667466,99393,6,2,3,0
2026-06-11,Jacket,176,1077,30,8.984770900499406,265,4.343286838130137,51984,6,2,3,0
2026-06-11,Pants,95,470,0,9.33400904235442,957,4.069352042854889,33448,6,2,3,0
2026-06-12,Dress,251,232,10,6.111237573954139,494,3.5319497568903944,76892,6,2,4,1
2026-06-12,T-Shirt,264,509,20,1.894839312816504,779,4.707238045423219,72264,6,2,4,1
2026-06-12,Sweater,160,400,30,2.510998813276802,832,4.468619173181012,65092,6,2,4,0
2026-06-12,Jacket,65,578,20,9.486689461165412,542,4.3757859270624415,45482,6,2,4,0
2026-06-12,Pants,105,813,10,6.515225634338212,576,4.635408475305949,51578,6,2,4,0
2026-06-13,Dress,245,616,40,7.6646511960170916,341,3.5862949981581203,54884,6,2,5,1
2026-06-13,T-Shirt,323,728,40,3.582324477440342,499,4.8576005774571245,39278,6,2,5,1
2026-06-13,Sweater,76,907,40,3.2306510248834135,306,3.611029985383841,74942,6,2,5,0
2026-06-13,Jacket,101,1466,0,7.930333213220972,439,4.0096111523561015,34698,6,2,5,0
2026-06-13,Pants,154,385,40,2.0724423867538677,858,3.7517237921750937,51662,6,2,5,0
2026-06-14,Dress,369,432,0,7.5931964133219,830,3.85785578591854,39846,6,2,6,1
2026-06-14,T-Shirt,368,356,40,1.847809612019356,441,4.307297867482738,80704,6,2,6,1
2026-06-14,Sweater,77,999,0,2.5012156633375158,498,3.8971766403980292,64397,6,2,6,0
2026-06-14,Jacket,61,236,40,3.0424948908699854,519,4.316407841451238,90609,6,2,6,0
2026-06-14,Pants,141,356,40,9.317927747678397,523,3.897707605562064,8796,6,2,6,0
2026-06-15,Dress,342,360,30,2.673409550340404,522,4.540474271584483,72253,6,2,0,1
2026-06-15,T-Shirt,369,1300,30,6.066252281080906,672,4.141658153009149,67963,6,2,0,1
2026-06-15,Sweater,199,1318,20,9.198954191141029,800,4.597132921042149,53176,6,2,0,1
2026-06-15,Jacket,156,242,30,3.180744952268567,413,4.220839031451134,64786,6,2,0,0
2026-06-15,Pants,171,510,20,7.588558873624069,741,3.9411067387595664,31531,6,2,0,0
2026-06-16,Dress,255,1072,30,6.8613823595604595,617,3.85938142774105,47774,6,2,1,1
2026-06-16,T-Shirt,317,1377,10,4.140999030273293,132,4.733393453920566,39398,6,2,1,1
2026-06-16,Sweater,178,852,30,8.173945201006841,533,4.608765498071643,70143,6,2,1,0
2026-06-16,Jacket,187,516,10,7.322496158971694,735,4.65478241509837,96069,6,2,1,0
2026-06-16,Pants,61,1341,10,6.954045227688501,510,4.841998580966694,41944,6,2,1,0
2026-06-17,Dress,211,1308,0,7.793446947864888,286,4.9618417756051425,39500,6,2,2,1
2026-06-17,T-Shirt,291,763,30,8.971544874132608,277,3.8305543532728477,95909,6,2,2,1
2026-06-17,Sweater,103,216,20,5.445241145347321,530,4.894699585557224,45527,6,2,2,0
2026-06-17,Jacket,84,338,0,5.305858090925099,235,3.879255246839607,6136,6,2,2,0
2026-06-17,Pants,132,704,10,8.851779595161615,736,4.03284954809981,71484,6,2,2,0
2026-06-18,Dress,234,1213,30,7.914837681353995,389,4.065071772867857,73150,6,2,3,1
2026-06-18,T-Shirt,238,1113,0,3.4474672253170153,981,4.941023981057139,99631,6,2,3,1
2026-06-18,Sweater,56,300,30,4.080036780345408,854,4.221116939288006,80947,6,2,3,0
2026-06-18,Jacket,164,1328,30,5.381272336706722,901,3.7691729943209067,26155,6,2,3,0
2026-06-18,Pants,183,1013,0,6.988440087394313,365,3.9208205349315786,42825,6,2,3,0
2026-06-19,Dress,269,398,10,8.176378372931623,672,3.653979453775795,26480,6,2,4,1
2026-06-19,T-Shirt,237,559,0,4.514071738248912,938,4.505398017070677,82006,6,2,4,1
2026-06-19,Sweater,182,315,40,7.386924201710777,220,3.6821052497641196,12235,6,2,4,0
2026-06-19,Jacket,187,1481,10,6.973352378161942,629,3.8692812018302933,61470,6,2,4,0
2026-06-19,Pants,157,1489,40,8.632680547380247,757,3.78593031602227,39411,6,2,4,0
2026-06-20,Dress,250,1180,0,7.362859762256512,638,3.92503849544357,56242,6,2,5,1
2026-06-20,T-Shirt,272,1442,40,6.431594872834123,213,3.8448402358521183,24560,6,2,5,1
2026-06-20,Sweater,190,307,10,4.5717172673863775,373,3.859491778739287,94661,6,2,5,0
2026-06-20,Jacket,73,209,0,8.144026925254861,876,4.898205225961293,11798,6,2,5,0
2026-06-20,Pants,126,1073,40,5.53388502913697,748,3.7940815271820534,74066,6,2,5,0
2026-06-21,Dress,220,366,30,4.514928820520138,862,4.537679813214032,28241,6,2,6,1
2026-06-21,T-Shirt,335,706,40,5.979593815464524,777,4.006442715616799,18025,6,2,6,1
2026-06-21,Sweater,73,1433,20,7.820415946274092,880,4.07837750759661,59884,6,2,6,0
2026-06-21,Jacket,144,1380,0,1.9893755646500535,334,3.619112366446647,50534,6,2,6,0
2026-06-21,Pants,149,1411,20,2.6192277694962836,741,3.7099700468166366,44978,6,2,6,0
2026-06-22,Dress,264,1168,40,2.0039385776977223,687,4.072707700065509,62743,6,2,0,1
2026-06-22,T-Shirt,260,1280,40,7.628068483349685,958,3.765726829259049,91888,6,2,0,1
2026-06-22,Sweater,190,883,10,1.2269064901548592,623,4.553328622950051,32712,6,2,0,0
2026-06-22,Jacket,112,327,20,6.087572796200198,991,4.314342472034932,65530,6,2,0,0
2026-06-22,Pants,172,748,40,4.909163678613733,118,4.83197794857,77207,6,2,0,0
2026-06-23,Dress,200,594,10,7.548985040092163,724,4.36752474267227,52462,6,2,1,1
2026-06-23,T-Shirt,299,1026,10,4.570683025879729,370,4.138888669037115,98497,6,2,1,1
2026-06-23,Sweater,51,396,30,3.0949287061473902,449,4.424218439611879,48302,6,2,1,0
2026-06-23,Jacket,190,766,40,5.034811179188595,497,4.112731629772152,59039,6,2,1,0
2026-06-23,Pants,164,171,40,8.892588600846613,806,4.620442678947208,67834,6,2,1,0
2026-06-24,Dress,181,893,0,9.172104647177935,396,4.885543819490243,53522,6,2,2,0
2026-06-24,T-Shirt,314,679,20,6.7429270822353615,969,4.7427752403826515,91300,6,2,2,1
2026-06-24,Sweater,198,798,40,2.7533442993641635,201,4.49581066635837,19331,6,2,2,0
2026-06-24,Jacket,54,1065,40,7.020988094017038,615,3.5064126869907364,15998,6,2,2,0
2026-06-24,Pants,83,445,40,3.32383953553345,505,3.7044333572553385,6987,6,2,2,0
2026-06-25,Dress,331,1074,10,8.8422032456028,449,4.035675589390409,60859,6,2,3,1
2026-06-25,T-Shirt,131,1412,30,7.762762184948831,517,4.600418604247501,21721,6,2,3,0
2026-06-25,Sweater,189,967,40,1.9219482078947254,203,3.930046915208136,38744,6,2,3,0
2026-06-25,Jacket,164,347,40,4.648168306199564,437,3.8448743302554127,72085,6,2,3,0
2026-06-25,Pants,159,550,10,6.368010305570775,505,4.387018073563603,81536,6,2,3,0
2026-06-26,Dress,188,1095,10,7.015956219716219,363,4.116145159836133,42096,6,2,4,0
2026-06-26,T-Shirt,178,707,30,6.330152019348609,535,4.947999596347237,33927,6,2,4,0
2026-06-26,Sweater,115,1169,20,3.550980155083747,187,3.7123720278695815,14786,6,2,4,0
2026-06-26,Jacket,51,278,40,3.549725768797321,116,3.9919323957193855,59250,6,2,4,0
2026-06-26,Pants,119,777,20,2.104097762823334,809,4.010820927975631,31354,6,2,4,0
2026-06-27,Dress,264,967,10,7.777751137058851,813,4.252238219592602,97254,6,2,5,1
2026-06-27,T-Shirt,225,599,30,9.38891763976928,964,4.484521541592715,89636,6,2,5,1
2026-06-27,Sweater,67,999,40,8.765411344404432,983,4.201088691830717,81420,6,2,5,0
2026-06-27,Jacket,154,519,40,8.482976018504633,729,3.8645251444561035,11745,6,2,5,0
2026-06-27,Pants,137,1256,30,9.856378641283476,600,4.516861909602267,18583,6,2,5,0
2026-06-28,Dress,301,893,0,9.180577950045427,846,4.7979782121917145,84588,6,2,6,1
2026-06-28,T-Shirt,298,431,10,3.9300730100006906,630,4.674448494200949,83391,6,2,6,1
2026-06-28,Sweater,150,1287,0,7.304365090448318,129,3.69360310834808,56863,6,2,6,0
2026-06-28,Jacket,156,171,30,2.6145131733065687,509,4.309523239632772,76860,6,2,6,0
2026-06-28,Pants,83,271,30,2.4020474314542963,127,4.288940401001176,87351,6,2,6,0
2026-06-29,Dress,305,1043,20,7.250286064749971,161,4.4274599764654585,97206,6,2,0,1
2026-06-29,T-Shirt,252,256,20,7.789316874441811,986,3.5127547126114314,57974,6,2,0,1
2026-06-29,Sweater,161,1445,20,5.240494022053985,832,4.905475572253943,81003,6,2,0,0
2026-06-29,Jacket,82,1387,40,1.943891995141009,473,4.184681428328533,63323,6,2,0,0
2026-06-29,Pants,133,1049,40,3.5233821800934213,881,3.6182419956653016,76496,6,2,0,0
2026-06-30,Dress,176,1278,40,6.48832948645829,643,4.749840812407687,67181,6,2,1,0
2026-06-30,T-Shirt,284,245,40,4.634467268002043,974,4.233487973466748,44519,6,2,1,1
2026-06-30,Sweater,67,1180,40,3.6212432903350273,978,4.445456716340294,44040,6,2,1,0
2026-06-30,Jacket,82,604,10,9.568359320912567,171,4.680494178149944,89368,6,2,1,0
2026-06-30,Pants,66,238,40,8.039435672984016,695,4.9408272242071405,21025,6,2,1,0
